-13,0,gY+b4WcXyBdnPoPSgmbnOCDR0EU=,pS0OWXx5GcrvvX7pq9OUF6aFnr8=
-4,3,gY+b4WcXyBdnPoPSgmbnOCDR0EU=,pS0OWXx5GcrvvX7pq9OUF6aFnr8=
-4,2,gY+b4WcXyBdnPoPSgmbnOCDR0EU=,pS0OWXx5GcrvvX7pq9OUF6aFnr8=
-6,2,gY+b4WcXyBdnPoPSgmbnOCDR0EU=,pS0OWXx5GcrvvX7pq9OUF6aFnr8=
-7,2,gY+b4WcXyBdnPoPSgmbnOCDR0EU=,pS0OWXx5GcrvvX7pq9OUF6aFnr8=
-5,2,gY+b4WcXyBdnPoPSgmbnOCDR0EU=,pS0OWXx5GcrvvX7pq9OUF6aFnr8=
-8,2,gY+b4WcXyBdnPoPSgmbnOCDR0EU=,pS0OWXx5GcrvvX7pq9OUF6aFnr8=
-1,15,gY+b4WcXyBdnPoPSgmbnOCDR0EU=,pS0OWXx5GcrvvX7pq9OUF6aFnr8=
-9,2,gY+b4WcXyBdnPoPSgmbnOCDR0EU=,pS0OWXx5GcrvvX7pq9OUF6aFnr8=
-10,2,gY+b4WcXyBdnPoPSgmbnOCDR0EU=,pS0OWXx5GcrvvX7pq9OUF6aFnr8=
-11,2,gY+b4WcXyBdnPoPSgmbnOCDR0EU=,pS0OWXx5GcrvvX7pq9OUF6aFnr8=
-12,2,gY+b4WcXyBdnPoPSgmbnOCDR0EU=,pS0OWXx5GcrvvX7pq9OUF6aFnr8=
-13,2,gY+b4WcXyBdnPoPSgmbnOCDR0EU=,pS0OWXx5GcrvvX7pq9OUF6aFnr8=
-5,3,gY+b4WcXyBdnPoPSgmbnOCDR0EU=,pS0OWXx5GcrvvX7pq9OUF6aFnr8=
-14,2,gY+b4WcXyBdnPoPSgmbnOCDR0EU=,pS0OWXx5GcrvvX7pq9OUF6aFnr8=
-15,2,gY+b4WcXyBdnPoPSgmbnOCDR0EU=,pS0OWXx5GcrvvX7pq9OUF6aFnr8=
-16,2,gY+b4WcXyBdnPoPSgmbnOCDR0EU=,pS0OWXx5GcrvvX7pq9OUF6aFnr8=
-2,15,gY+b4WcXyBdnPoPSgmbnOCDR0EU=,pS0OWXx5GcrvvX7pq9OUF6aFnr8=
-14,0,gY+b4WcXyBdnPoPSgmbnOCDR0EU=,pS0OWXx5GcrvvX7pq9OUF6aFnr8=
-3,15,gY+b4WcXyBdnPoPSgmbnOCDR0EU=,pS0OWXx5GcrvvX7pq9OUF6aFnr8=
-4,15,gY+b4WcXyBdnPoPSgmbnOCDR0EU=,pS0OWXx5GcrvvX7pq9OUF6aFnr8=
-6,3,gY+b4WcXyBdnPoPSgmbnOCDR0EU=,pS0OWXx5GcrvvX7pq9OUF6aFnr8=
-5,15,gY+b4WcXyBdnPoPSgmbnOCDR0EU=,pS0OWXx5GcrvvX7pq9OUF6aFnr8=
-6,15,gY+b4WcXyBdnPoPSgmbnOCDR0EU=,pS0OWXx5GcrvvX7pq9OUF6aFnr8=
-7,15,gY+b4WcXyBdnPoPSgmbnOCDR0EU=,pS0OWXx5GcrvvX7pq9OUF6aFnr8=
-8,15,gY+b4WcXyBdnPoPSgmbnOCDR0EU=,pS0OWXx5GcrvvX7pq9OUF6aFnr8=
-11,15,gY+b4WcXyBdnPoPSgmbnOCDR0EU=,pS0OWXx5GcrvvX7pq9OUF6aFnr8=
-12,15,gY+b4WcXyBdnPoPSgmbnOCDR0EU=,pS0OWXx5GcrvvX7pq9OUF6aFnr8=
-14,15,gY+b4WcXyBdnPoPSgmbnOCDR0EU=,pS0OWXx5GcrvvX7pq9OUF6aFnr8=
-10,15,gY+b4WcXyBdnPoPSgmbnOCDR0EU=,pS0OWXx5GcrvvX7pq9OUF6aFnr8=
-15,15,gY+b4WcXyBdnPoPSgmbnOCDR0EU=,pS0OWXx5GcrvvX7pq9OUF6aFnr8=
-9,15,gY+b4WcXyBdnPoPSgmbnOCDR0EU=,pS0OWXx5GcrvvX7pq9OUF6aFnr8=
-1,14,gY+b4WcXyBdnPoPSgmbnOCDR0EU=,pS0OWXx5GcrvvX7pq9OUF6aFnr8=
-16,15,gY+b4WcXyBdnPoPSgmbnOCDR0EU=,pS0OWXx5GcrvvX7pq9OUF6aFnr8=
-3,14,gY+b4WcXyBdnPoPSgmbnOCDR0EU=,pS0OWXx5GcrvvX7pq9OUF6aFnr8=
-13,15,gY+b4WcXyBdnPoPSgmbnOCDR0EU=,pS0OWXx5GcrvvX7pq9OUF6aFnr8=
-2,14,gY+b4WcXyBdnPoPSgmbnOCDR0EU=,pS0OWXx5GcrvvX7pq9OUF6aFnr8=
-4,14,gY+b4WcXyBdnPoPSgmbnOCDR0EU=,pS0OWXx5GcrvvX7pq9OUF6aFnr8=
-6,14,gY+b4WcXyBdnPoPSgmbnOCDR0EU=,pS0OWXx5GcrvvX7pq9OUF6aFnr8=
-7,14,gY+b4WcXyBdnPoPSgmbnOCDR0EU=,pS0OWXx5GcrvvX7pq9OUF6aFnr8=
-8,14,gY+b4WcXyBdnPoPSgmbnOCDR0EU=,pS0OWXx5GcrvvX7pq9OUF6aFnr8=
-10,14,gY+b4WcXyBdnPoPSgmbnOCDR0EU=,pS0OWXx5GcrvvX7pq9OUF6aFnr8=
-5,14,gY+b4WcXyBdnPoPSgmbnOCDR0EU=,pS0OWXx5GcrvvX7pq9OUF6aFnr8=
-11,14,gY+b4WcXyBdnPoPSgmbnOCDR0EU=,pS0OWXx5GcrvvX7pq9OUF6aFnr8=
-9,14,gY+b4WcXyBdnPoPSgmbnOCDR0EU=,pS0OWXx5GcrvvX7pq9OUF6aFnr8=
-12,14,gY+b4WcXyBdnPoPSgmbnOCDR0EU=,pS0OWXx5GcrvvX7pq9OUF6aFnr8=
-14,14,gY+b4WcXyBdnPoPSgmbnOCDR0EU=,pS0OWXx5GcrvvX7pq9OUF6aFnr8=
-15,1,gY+b4WcXyBdnPoPSgmbnOCDR0EU=,pS0OWXx5GcrvvX7pq9OUF6aFnr8=
-15,14,gY+b4WcXyBdnPoPSgmbnOCDR0EU=,pS0OWXx5GcrvvX7pq9OUF6aFnr8=
-7,3,gY+b4WcXyBdnPoPSgmbnOCDR0EU=,pS0OWXx5GcrvvX7pq9OUF6aFnr8=
-13,14,gY+b4WcXyBdnPoPSgmbnOCDR0EU=,pS0OWXx5GcrvvX7pq9OUF6aFnr8=
-16,1,gY+b4WcXyBdnPoPSgmbnOCDR0EU=,pS0OWXx5GcrvvX7pq9OUF6aFnr8=
-15,0,gY+b4WcXyBdnPoPSgmbnOCDR0EU=,pS0OWXx5GcrvvX7pq9OUF6aFnr8=
-16,14,gY+b4WcXyBdnPoPSgmbnOCDR0EU=,pS0OWXx5GcrvvX7pq9OUF6aFnr8=
-1,13,gY+b4WcXyBdnPoPSgmbnOCDR0EU=,pS0OWXx5GcrvvX7pq9OUF6aFnr8=
-3,13,gY+b4WcXyBdnPoPSgmbnOCDR0EU=,pS0OWXx5GcrvvX7pq9OUF6aFnr8=
-4,13,gY+b4WcXyBdnPoPSgmbnOCDR0EU=,pS0OWXx5GcrvvX7pq9OUF6aFnr8=
-5,13,gY+b4WcXyBdnPoPSgmbnOCDR0EU=,pS0OWXx5GcrvvX7pq9OUF6aFnr8=
-2,13,gY+b4WcXyBdnPoPSgmbnOCDR0EU=,pS0OWXx5GcrvvX7pq9OUF6aFnr8=
-6,13,gY+b4WcXyBdnPoPSgmbnOCDR0EU=,pS0OWXx5GcrvvX7pq9OUF6aFnr8=
-8,13,gY+b4WcXyBdnPoPSgmbnOCDR0EU=,pS0OWXx5GcrvvX7pq9OUF6aFnr8=
-7,13,gY+b4WcXyBdnPoPSgmbnOCDR0EU=,pS0OWXx5GcrvvX7pq9OUF6aFnr8=
-9,13,gY+b4WcXyBdnPoPSgmbnOCDR0EU=,pS0OWXx5GcrvvX7pq9OUF6aFnr8=
-10,13,gY+b4WcXyBdnPoPSgmbnOCDR0EU=,pS0OWXx5GcrvvX7pq9OUF6aFnr8=
-12,13,gY+b4WcXyBdnPoPSgmbnOCDR0EU=,pS0OWXx5GcrvvX7pq9OUF6aFnr8=
-11,13,gY+b4WcXyBdnPoPSgmbnOCDR0EU=,pS0OWXx5GcrvvX7pq9OUF6aFnr8=
-3,2,gY+b4WcXyBdnPoPSgmbnOCDR0EU=,pS0OWXx5GcrvvX7pq9OUF6aFnr8=
-13,13,gY+b4WcXyBdnPoPSgmbnOCDR0EU=,pS0OWXx5GcrvvX7pq9OUF6aFnr8=
-1,1,gY+b4WcXyBdnPoPSgmbnOCDR0EU=,pS0OWXx5GcrvvX7pq9OUF6aFnr8=
-8,3,gY+b4WcXyBdnPoPSgmbnOCDR0EU=,pS0OWXx5GcrvvX7pq9OUF6aFnr8=
-4,1,gY+b4WcXyBdnPoPSgmbnOCDR0EU=,pS0OWXx5GcrvvX7pq9OUF6aFnr8=
-15,13,gY+b4WcXyBdnPoPSgmbnOCDR0EU=,pS0OWXx5GcrvvX7pq9OUF6aFnr8=
-14,13,gY+b4WcXyBdnPoPSgmbnOCDR0EU=,pS0OWXx5GcrvvX7pq9OUF6aFnr8=
-16,13,gY+b4WcXyBdnPoPSgmbnOCDR0EU=,pS0OWXx5GcrvvX7pq9OUF6aFnr8=
-1,12,gY+b4WcXyBdnPoPSgmbnOCDR0EU=,pS0OWXx5GcrvvX7pq9OUF6aFnr8=
-2,12,gY+b4WcXyBdnPoPSgmbnOCDR0EU=,pS0OWXx5GcrvvX7pq9OUF6aFnr8=
-3,12,gY+b4WcXyBdnPoPSgmbnOCDR0EU=,pS0OWXx5GcrvvX7pq9OUF6aFnr8=
-2,1,gY+b4WcXyBdnPoPSgmbnOCDR0EU=,pS0OWXx5GcrvvX7pq9OUF6aFnr8=
-4,12,gY+b4WcXyBdnPoPSgmbnOCDR0EU=,pS0OWXx5GcrvvX7pq9OUF6aFnr8=
-6,12,gY+b4WcXyBdnPoPSgmbnOCDR0EU=,pS0OWXx5GcrvvX7pq9OUF6aFnr8=
-5,12,gY+b4WcXyBdnPoPSgmbnOCDR0EU=,pS0OWXx5GcrvvX7pq9OUF6aFnr8=
-7,12,gY+b4WcXyBdnPoPSgmbnOCDR0EU=,pS0OWXx5GcrvvX7pq9OUF6aFnr8=
-8,12,gY+b4WcXyBdnPoPSgmbnOCDR0EU=,pS0OWXx5GcrvvX7pq9OUF6aFnr8=
-9,12,gY+b4WcXyBdnPoPSgmbnOCDR0EU=,pS0OWXx5GcrvvX7pq9OUF6aFnr8=
-12,12,gY+b4WcXyBdnPoPSgmbnOCDR0EU=,pS0OWXx5GcrvvX7pq9OUF6aFnr8=
-11,12,gY+b4WcXyBdnPoPSgmbnOCDR0EU=,pS0OWXx5GcrvvX7pq9OUF6aFnr8=
-10,12,gY+b4WcXyBdnPoPSgmbnOCDR0EU=,pS0OWXx5GcrvvX7pq9OUF6aFnr8=
-9,3,gY+b4WcXyBdnPoPSgmbnOCDR0EU=,pS0OWXx5GcrvvX7pq9OUF6aFnr8=
-13,12,gY+b4WcXyBdnPoPSgmbnOCDR0EU=,pS0OWXx5GcrvvX7pq9OUF6aFnr8=
-14,12,gY+b4WcXyBdnPoPSgmbnOCDR0EU=,pS0OWXx5GcrvvX7pq9OUF6aFnr8=
-16,12,gY+b4WcXyBdnPoPSgmbnOCDR0EU=,pS0OWXx5GcrvvX7pq9OUF6aFnr8=
-15,12,gY+b4WcXyBdnPoPSgmbnOCDR0EU=,pS0OWXx5GcrvvX7pq9OUF6aFnr8=
-5,1,gY+b4WcXyBdnPoPSgmbnOCDR0EU=,pS0OWXx5GcrvvX7pq9OUF6aFnr8=
-1,11,gY+b4WcXyBdnPoPSgmbnOCDR0EU=,pS0OWXx5GcrvvX7pq9OUF6aFnr8=
-2,11,gY+b4WcXyBdnPoPSgmbnOCDR0EU=,pS0OWXx5GcrvvX7pq9OUF6aFnr8=
-3,11,gY+b4WcXyBdnPoPSgmbnOCDR0EU=,pS0OWXx5GcrvvX7pq9OUF6aFnr8=
-4,11,gY+b4WcXyBdnPoPSgmbnOCDR0EU=,pS0OWXx5GcrvvX7pq9OUF6aFnr8=
-5,11,gY+b4WcXyBdnPoPSgmbnOCDR0EU=,pS0OWXx5GcrvvX7pq9OUF6aFnr8=
-6,11,gY+b4WcXyBdnPoPSgmbnOCDR0EU=,pS0OWXx5GcrvvX7pq9OUF6aFnr8=
-7,11,gY+b4WcXyBdnPoPSgmbnOCDR0EU=,pS0OWXx5GcrvvX7pq9OUF6aFnr8=
-8,11,gY+b4WcXyBdnPoPSgmbnOCDR0EU=,pS0OWXx5GcrvvX7pq9OUF6aFnr8=
-10,11,gY+b4WcXyBdnPoPSgmbnOCDR0EU=,pS0OWXx5GcrvvX7pq9OUF6aFnr8=
-11,11,gY+b4WcXyBdnPoPSgmbnOCDR0EU=,pS0OWXx5GcrvvX7pq9OUF6aFnr8=
-3,1,gY+b4WcXyBdnPoPSgmbnOCDR0EU=,pS0OWXx5GcrvvX7pq9OUF6aFnr8=
-10,3,gY+b4WcXyBdnPoPSgmbnOCDR0EU=,pS0OWXx5GcrvvX7pq9OUF6aFnr8=
-9,11,gY+b4WcXyBdnPoPSgmbnOCDR0EU=,pS0OWXx5GcrvvX7pq9OUF6aFnr8=
-12,11,gY+b4WcXyBdnPoPSgmbnOCDR0EU=,pS0OWXx5GcrvvX7pq9OUF6aFnr8=
-13,11,gY+b4WcXyBdnPoPSgmbnOCDR0EU=,pS0OWXx5GcrvvX7pq9OUF6aFnr8=
-14,11,gY+b4WcXyBdnPoPSgmbnOCDR0EU=,pS0OWXx5GcrvvX7pq9OUF6aFnr8=
-15,11,gY+b4WcXyBdnPoPSgmbnOCDR0EU=,pS0OWXx5GcrvvX7pq9OUF6aFnr8=
-6,1,gY+b4WcXyBdnPoPSgmbnOCDR0EU=,pS0OWXx5GcrvvX7pq9OUF6aFnr8=
-16,11,gY+b4WcXyBdnPoPSgmbnOCDR0EU=,pS0OWXx5GcrvvX7pq9OUF6aFnr8=
-3,10,gY+b4WcXyBdnPoPSgmbnOCDR0EU=,pS0OWXx5GcrvvX7pq9OUF6aFnr8=
-2,10,gY+b4WcXyBdnPoPSgmbnOCDR0EU=,pS0OWXx5GcrvvX7pq9OUF6aFnr8=
-4,10,gY+b4WcXyBdnPoPSgmbnOCDR0EU=,pS0OWXx5GcrvvX7pq9OUF6aFnr8=
-1,10,gY+b4WcXyBdnPoPSgmbnOCDR0EU=,pS0OWXx5GcrvvX7pq9OUF6aFnr8=
-5,10,gY+b4WcXyBdnPoPSgmbnOCDR0EU=,pS0OWXx5GcrvvX7pq9OUF6aFnr8=
-6,10,gY+b4WcXyBdnPoPSgmbnOCDR0EU=,pS0OWXx5GcrvvX7pq9OUF6aFnr8=
-7,10,gY+b4WcXyBdnPoPSgmbnOCDR0EU=,pS0OWXx5GcrvvX7pq9OUF6aFnr8=
-8,10,gY+b4WcXyBdnPoPSgmbnOCDR0EU=,pS0OWXx5GcrvvX7pq9OUF6aFnr8=
-10,10,gY+b4WcXyBdnPoPSgmbnOCDR0EU=,pS0OWXx5GcrvvX7pq9OUF6aFnr8=
-2,2,gY+b4WcXyBdnPoPSgmbnOCDR0EU=,pS0OWXx5GcrvvX7pq9OUF6aFnr8=
-12,0,gY+b4WcXyBdnPoPSgmbnOCDR0EU=,pS0OWXx5GcrvvX7pq9OUF6aFnr8=
-11,3,gY+b4WcXyBdnPoPSgmbnOCDR0EU=,pS0OWXx5GcrvvX7pq9OUF6aFnr8=
-4,0,gY+b4WcXyBdnPoPSgmbnOCDR0EU=,pS0OWXx5GcrvvX7pq9OUF6aFnr8=
-12,10,gY+b4WcXyBdnPoPSgmbnOCDR0EU=,pS0OWXx5GcrvvX7pq9OUF6aFnr8=
-11,10,gY+b4WcXyBdnPoPSgmbnOCDR0EU=,pS0OWXx5GcrvvX7pq9OUF6aFnr8=
-13,10,gY+b4WcXyBdnPoPSgmbnOCDR0EU=,pS0OWXx5GcrvvX7pq9OUF6aFnr8=
-9,10,gY+b4WcXyBdnPoPSgmbnOCDR0EU=,pS0OWXx5GcrvvX7pq9OUF6aFnr8=
-14,10,gY+b4WcXyBdnPoPSgmbnOCDR0EU=,pS0OWXx5GcrvvX7pq9OUF6aFnr8=
-15,10,gY+b4WcXyBdnPoPSgmbnOCDR0EU=,pS0OWXx5GcrvvX7pq9OUF6aFnr8=
-7,1,gY+b4WcXyBdnPoPSgmbnOCDR0EU=,pS0OWXx5GcrvvX7pq9OUF6aFnr8=
-2,9,gY+b4WcXyBdnPoPSgmbnOCDR0EU=,pS0OWXx5GcrvvX7pq9OUF6aFnr8=
-1,9,gY+b4WcXyBdnPoPSgmbnOCDR0EU=,pS0OWXx5GcrvvX7pq9OUF6aFnr8=
-4,9,gY+b4WcXyBdnPoPSgmbnOCDR0EU=,pS0OWXx5GcrvvX7pq9OUF6aFnr8=
-3,9,gY+b4WcXyBdnPoPSgmbnOCDR0EU=,pS0OWXx5GcrvvX7pq9OUF6aFnr8=
-5,9,gY+b4WcXyBdnPoPSgmbnOCDR0EU=,pS0OWXx5GcrvvX7pq9OUF6aFnr8=
-16,10,gY+b4WcXyBdnPoPSgmbnOCDR0EU=,pS0OWXx5GcrvvX7pq9OUF6aFnr8=
-6,9,gY+b4WcXyBdnPoPSgmbnOCDR0EU=,pS0OWXx5GcrvvX7pq9OUF6aFnr8=
-7,9,gY+b4WcXyBdnPoPSgmbnOCDR0EU=,pS0OWXx5GcrvvX7pq9OUF6aFnr8=
-3,3,gY+b4WcXyBdnPoPSgmbnOCDR0EU=,pS0OWXx5GcrvvX7pq9OUF6aFnr8=
-8,9,gY+b4WcXyBdnPoPSgmbnOCDR0EU=,pS0OWXx5GcrvvX7pq9OUF6aFnr8=
-9,9,gY+b4WcXyBdnPoPSgmbnOCDR0EU=,pS0OWXx5GcrvvX7pq9OUF6aFnr8=
-5,0,gY+b4WcXyBdnPoPSgmbnOCDR0EU=,pS0OWXx5GcrvvX7pq9OUF6aFnr8=
-10,9,gY+b4WcXyBdnPoPSgmbnOCDR0EU=,pS0OWXx5GcrvvX7pq9OUF6aFnr8=
-12,3,gY+b4WcXyBdnPoPSgmbnOCDR0EU=,pS0OWXx5GcrvvX7pq9OUF6aFnr8=
-12,9,gY+b4WcXyBdnPoPSgmbnOCDR0EU=,pS0OWXx5GcrvvX7pq9OUF6aFnr8=
-13,9,gY+b4WcXyBdnPoPSgmbnOCDR0EU=,pS0OWXx5GcrvvX7pq9OUF6aFnr8=
-11,9,gY+b4WcXyBdnPoPSgmbnOCDR0EU=,pS0OWXx5GcrvvX7pq9OUF6aFnr8=
-14,9,gY+b4WcXyBdnPoPSgmbnOCDR0EU=,pS0OWXx5GcrvvX7pq9OUF6aFnr8=
-16,9,gY+b4WcXyBdnPoPSgmbnOCDR0EU=,pS0OWXx5GcrvvX7pq9OUF6aFnr8=
-8,1,gY+b4WcXyBdnPoPSgmbnOCDR0EU=,pS0OWXx5GcrvvX7pq9OUF6aFnr8=
-15,9,gY+b4WcXyBdnPoPSgmbnOCDR0EU=,pS0OWXx5GcrvvX7pq9OUF6aFnr8=
-2,8,gY+b4WcXyBdnPoPSgmbnOCDR0EU=,pS0OWXx5GcrvvX7pq9OUF6aFnr8=
-1,8,gY+b4WcXyBdnPoPSgmbnOCDR0EU=,pS0OWXx5GcrvvX7pq9OUF6aFnr8=
-4,8,gY+b4WcXyBdnPoPSgmbnOCDR0EU=,pS0OWXx5GcrvvX7pq9OUF6aFnr8=
-3,8,gY+b4WcXyBdnPoPSgmbnOCDR0EU=,pS0OWXx5GcrvvX7pq9OUF6aFnr8=
-5,8,gY+b4WcXyBdnPoPSgmbnOCDR0EU=,pS0OWXx5GcrvvX7pq9OUF6aFnr8=
-6,8,gY+b4WcXyBdnPoPSgmbnOCDR0EU=,pS0OWXx5GcrvvX7pq9OUF6aFnr8=
-1,0,gY+b4WcXyBdnPoPSgmbnOCDR0EU=,pS0OWXx5GcrvvX7pq9OUF6aFnr8=
-7,8,gY+b4WcXyBdnPoPSgmbnOCDR0EU=,pS0OWXx5GcrvvX7pq9OUF6aFnr8=
-8,8,gY+b4WcXyBdnPoPSgmbnOCDR0EU=,pS0OWXx5GcrvvX7pq9OUF6aFnr8=
-6,0,gY+b4WcXyBdnPoPSgmbnOCDR0EU=,pS0OWXx5GcrvvX7pq9OUF6aFnr8=
-13,3,gY+b4WcXyBdnPoPSgmbnOCDR0EU=,pS0OWXx5GcrvvX7pq9OUF6aFnr8=
-10,8,gY+b4WcXyBdnPoPSgmbnOCDR0EU=,pS0OWXx5GcrvvX7pq9OUF6aFnr8=
-9,8,gY+b4WcXyBdnPoPSgmbnOCDR0EU=,pS0OWXx5GcrvvX7pq9OUF6aFnr8=
-11,8,gY+b4WcXyBdnPoPSgmbnOCDR0EU=,pS0OWXx5GcrvvX7pq9OUF6aFnr8=
-12,8,gY+b4WcXyBdnPoPSgmbnOCDR0EU=,pS0OWXx5GcrvvX7pq9OUF6aFnr8=
-13,8,gY+b4WcXyBdnPoPSgmbnOCDR0EU=,pS0OWXx5GcrvvX7pq9OUF6aFnr8=
-15,8,gY+b4WcXyBdnPoPSgmbnOCDR0EU=,pS0OWXx5GcrvvX7pq9OUF6aFnr8=
-14,8,gY+b4WcXyBdnPoPSgmbnOCDR0EU=,pS0OWXx5GcrvvX7pq9OUF6aFnr8=
-16,8,gY+b4WcXyBdnPoPSgmbnOCDR0EU=,pS0OWXx5GcrvvX7pq9OUF6aFnr8=
-9,1,gY+b4WcXyBdnPoPSgmbnOCDR0EU=,pS0OWXx5GcrvvX7pq9OUF6aFnr8=
-1,7,gY+b4WcXyBdnPoPSgmbnOCDR0EU=,pS0OWXx5GcrvvX7pq9OUF6aFnr8=
-2,7,gY+b4WcXyBdnPoPSgmbnOCDR0EU=,pS0OWXx5GcrvvX7pq9OUF6aFnr8=
-5,7,gY+b4WcXyBdnPoPSgmbnOCDR0EU=,pS0OWXx5GcrvvX7pq9OUF6aFnr8=
-6,7,gY+b4WcXyBdnPoPSgmbnOCDR0EU=,pS0OWXx5GcrvvX7pq9OUF6aFnr8=
-4,7,gY+b4WcXyBdnPoPSgmbnOCDR0EU=,pS0OWXx5GcrvvX7pq9OUF6aFnr8=
-7,7,gY+b4WcXyBdnPoPSgmbnOCDR0EU=,pS0OWXx5GcrvvX7pq9OUF6aFnr8=
-3,7,gY+b4WcXyBdnPoPSgmbnOCDR0EU=,pS0OWXx5GcrvvX7pq9OUF6aFnr8=
-7,0,gY+b4WcXyBdnPoPSgmbnOCDR0EU=,pS0OWXx5GcrvvX7pq9OUF6aFnr8=
-14,3,gY+b4WcXyBdnPoPSgmbnOCDR0EU=,pS0OWXx5GcrvvX7pq9OUF6aFnr8=
-8,7,gY+b4WcXyBdnPoPSgmbnOCDR0EU=,pS0OWXx5GcrvvX7pq9OUF6aFnr8=
-2,3,gY+b4WcXyBdnPoPSgmbnOCDR0EU=,pS0OWXx5GcrvvX7pq9OUF6aFnr8=
-10,7,gY+b4WcXyBdnPoPSgmbnOCDR0EU=,pS0OWXx5GcrvvX7pq9OUF6aFnr8=
-1,3,gY+b4WcXyBdnPoPSgmbnOCDR0EU=,pS0OWXx5GcrvvX7pq9OUF6aFnr8=
-16,4,gY+b4WcXyBdnPoPSgmbnOCDR0EU=,pS0OWXx5GcrvvX7pq9OUF6aFnr8=
-9,7,gY+b4WcXyBdnPoPSgmbnOCDR0EU=,pS0OWXx5GcrvvX7pq9OUF6aFnr8=
-12,7,gY+b4WcXyBdnPoPSgmbnOCDR0EU=,pS0OWXx5GcrvvX7pq9OUF6aFnr8=
-11,0,gY+b4WcXyBdnPoPSgmbnOCDR0EU=,pS0OWXx5GcrvvX7pq9OUF6aFnr8=
-14,7,gY+b4WcXyBdnPoPSgmbnOCDR0EU=,pS0OWXx5GcrvvX7pq9OUF6aFnr8=
-13,7,gY+b4WcXyBdnPoPSgmbnOCDR0EU=,pS0OWXx5GcrvvX7pq9OUF6aFnr8=
-15,4,gY+b4WcXyBdnPoPSgmbnOCDR0EU=,pS0OWXx5GcrvvX7pq9OUF6aFnr8=
-15,7,gY+b4WcXyBdnPoPSgmbnOCDR0EU=,pS0OWXx5GcrvvX7pq9OUF6aFnr8=
-14,1,gY+b4WcXyBdnPoPSgmbnOCDR0EU=,pS0OWXx5GcrvvX7pq9OUF6aFnr8=
-11,7,gY+b4WcXyBdnPoPSgmbnOCDR0EU=,pS0OWXx5GcrvvX7pq9OUF6aFnr8=
-2,0,gY+b4WcXyBdnPoPSgmbnOCDR0EU=,pS0OWXx5GcrvvX7pq9OUF6aFnr8=
-14,4,gY+b4WcXyBdnPoPSgmbnOCDR0EU=,pS0OWXx5GcrvvX7pq9OUF6aFnr8=
-10,1,gY+b4WcXyBdnPoPSgmbnOCDR0EU=,pS0OWXx5GcrvvX7pq9OUF6aFnr8=
-1,6,gY+b4WcXyBdnPoPSgmbnOCDR0EU=,pS0OWXx5GcrvvX7pq9OUF6aFnr8=
-16,7,gY+b4WcXyBdnPoPSgmbnOCDR0EU=,pS0OWXx5GcrvvX7pq9OUF6aFnr8=
-13,4,gY+b4WcXyBdnPoPSgmbnOCDR0EU=,pS0OWXx5GcrvvX7pq9OUF6aFnr8=
-3,6,gY+b4WcXyBdnPoPSgmbnOCDR0EU=,pS0OWXx5GcrvvX7pq9OUF6aFnr8=
-5,6,gY+b4WcXyBdnPoPSgmbnOCDR0EU=,pS0OWXx5GcrvvX7pq9OUF6aFnr8=
-11,4,gY+b4WcXyBdnPoPSgmbnOCDR0EU=,pS0OWXx5GcrvvX7pq9OUF6aFnr8=
-12,4,gY+b4WcXyBdnPoPSgmbnOCDR0EU=,pS0OWXx5GcrvvX7pq9OUF6aFnr8=
-2,6,gY+b4WcXyBdnPoPSgmbnOCDR0EU=,pS0OWXx5GcrvvX7pq9OUF6aFnr8=
-6,6,gY+b4WcXyBdnPoPSgmbnOCDR0EU=,pS0OWXx5GcrvvX7pq9OUF6aFnr8=
-4,6,gY+b4WcXyBdnPoPSgmbnOCDR0EU=,pS0OWXx5GcrvvX7pq9OUF6aFnr8=
-10,4,gY+b4WcXyBdnPoPSgmbnOCDR0EU=,pS0OWXx5GcrvvX7pq9OUF6aFnr8=
-15,3,gY+b4WcXyBdnPoPSgmbnOCDR0EU=,pS0OWXx5GcrvvX7pq9OUF6aFnr8=
-8,0,gY+b4WcXyBdnPoPSgmbnOCDR0EU=,pS0OWXx5GcrvvX7pq9OUF6aFnr8=
-8,6,gY+b4WcXyBdnPoPSgmbnOCDR0EU=,pS0OWXx5GcrvvX7pq9OUF6aFnr8=
-7,6,gY+b4WcXyBdnPoPSgmbnOCDR0EU=,pS0OWXx5GcrvvX7pq9OUF6aFnr8=
-9,6,gY+b4WcXyBdnPoPSgmbnOCDR0EU=,pS0OWXx5GcrvvX7pq9OUF6aFnr8=
-11,6,gY+b4WcXyBdnPoPSgmbnOCDR0EU=,pS0OWXx5GcrvvX7pq9OUF6aFnr8=
-13,6,gY+b4WcXyBdnPoPSgmbnOCDR0EU=,pS0OWXx5GcrvvX7pq9OUF6aFnr8=
-12,6,gY+b4WcXyBdnPoPSgmbnOCDR0EU=,pS0OWXx5GcrvvX7pq9OUF6aFnr8=
-14,6,gY+b4WcXyBdnPoPSgmbnOCDR0EU=,pS0OWXx5GcrvvX7pq9OUF6aFnr8=
-9,4,gY+b4WcXyBdnPoPSgmbnOCDR0EU=,pS0OWXx5GcrvvX7pq9OUF6aFnr8=
-15,6,gY+b4WcXyBdnPoPSgmbnOCDR0EU=,pS0OWXx5GcrvvX7pq9OUF6aFnr8=
-10,6,gY+b4WcXyBdnPoPSgmbnOCDR0EU=,pS0OWXx5GcrvvX7pq9OUF6aFnr8=
-8,4,gY+b4WcXyBdnPoPSgmbnOCDR0EU=,pS0OWXx5GcrvvX7pq9OUF6aFnr8=
-16,6,gY+b4WcXyBdnPoPSgmbnOCDR0EU=,pS0OWXx5GcrvvX7pq9OUF6aFnr8=
-7,4,gY+b4WcXyBdnPoPSgmbnOCDR0EU=,pS0OWXx5GcrvvX7pq9OUF6aFnr8=
-1,5,gY+b4WcXyBdnPoPSgmbnOCDR0EU=,pS0OWXx5GcrvvX7pq9OUF6aFnr8=
-6,4,gY+b4WcXyBdnPoPSgmbnOCDR0EU=,pS0OWXx5GcrvvX7pq9OUF6aFnr8=
-11,1,gY+b4WcXyBdnPoPSgmbnOCDR0EU=,pS0OWXx5GcrvvX7pq9OUF6aFnr8=
-2,5,gY+b4WcXyBdnPoPSgmbnOCDR0EU=,pS0OWXx5GcrvvX7pq9OUF6aFnr8=
-3,5,gY+b4WcXyBdnPoPSgmbnOCDR0EU=,pS0OWXx5GcrvvX7pq9OUF6aFnr8=
-4,5,gY+b4WcXyBdnPoPSgmbnOCDR0EU=,pS0OWXx5GcrvvX7pq9OUF6aFnr8=
-9,0,gY+b4WcXyBdnPoPSgmbnOCDR0EU=,pS0OWXx5GcrvvX7pq9OUF6aFnr8=
-5,5,gY+b4WcXyBdnPoPSgmbnOCDR0EU=,pS0OWXx5GcrvvX7pq9OUF6aFnr8=
-16,3,gY+b4WcXyBdnPoPSgmbnOCDR0EU=,pS0OWXx5GcrvvX7pq9OUF6aFnr8=
-12,1,gY+b4WcXyBdnPoPSgmbnOCDR0EU=,pS0OWXx5GcrvvX7pq9OUF6aFnr8=
-6,5,gY+b4WcXyBdnPoPSgmbnOCDR0EU=,pS0OWXx5GcrvvX7pq9OUF6aFnr8=
-8,5,gY+b4WcXyBdnPoPSgmbnOCDR0EU=,pS0OWXx5GcrvvX7pq9OUF6aFnr8=
-7,5,gY+b4WcXyBdnPoPSgmbnOCDR0EU=,pS0OWXx5GcrvvX7pq9OUF6aFnr8=
-9,5,gY+b4WcXyBdnPoPSgmbnOCDR0EU=,pS0OWXx5GcrvvX7pq9OUF6aFnr8=
-11,5,gY+b4WcXyBdnPoPSgmbnOCDR0EU=,pS0OWXx5GcrvvX7pq9OUF6aFnr8=
-10,5,gY+b4WcXyBdnPoPSgmbnOCDR0EU=,pS0OWXx5GcrvvX7pq9OUF6aFnr8=
-12,5,gY+b4WcXyBdnPoPSgmbnOCDR0EU=,pS0OWXx5GcrvvX7pq9OUF6aFnr8=
-16,0,gY+b4WcXyBdnPoPSgmbnOCDR0EU=,pS0OWXx5GcrvvX7pq9OUF6aFnr8=
-13,5,gY+b4WcXyBdnPoPSgmbnOCDR0EU=,pS0OWXx5GcrvvX7pq9OUF6aFnr8=
-14,5,gY+b4WcXyBdnPoPSgmbnOCDR0EU=,pS0OWXx5GcrvvX7pq9OUF6aFnr8=
-13,1,gY+b4WcXyBdnPoPSgmbnOCDR0EU=,pS0OWXx5GcrvvX7pq9OUF6aFnr8=
-16,5,gY+b4WcXyBdnPoPSgmbnOCDR0EU=,pS0OWXx5GcrvvX7pq9OUF6aFnr8=
-15,5,gY+b4WcXyBdnPoPSgmbnOCDR0EU=,pS0OWXx5GcrvvX7pq9OUF6aFnr8=
-2,4,gY+b4WcXyBdnPoPSgmbnOCDR0EU=,pS0OWXx5GcrvvX7pq9OUF6aFnr8=
-1,4,gY+b4WcXyBdnPoPSgmbnOCDR0EU=,pS0OWXx5GcrvvX7pq9OUF6aFnr8=
-4,4,gY+b4WcXyBdnPoPSgmbnOCDR0EU=,pS0OWXx5GcrvvX7pq9OUF6aFnr8=
-3,4,gY+b4WcXyBdnPoPSgmbnOCDR0EU=,pS0OWXx5GcrvvX7pq9OUF6aFnr8=
-5,4,gY+b4WcXyBdnPoPSgmbnOCDR0EU=,pS0OWXx5GcrvvX7pq9OUF6aFnr8=
-10,0,gY+b4WcXyBdnPoPSgmbnOCDR0EU=,pS0OWXx5GcrvvX7pq9OUF6aFnr8=
-3,0,gY+b4WcXyBdnPoPSgmbnOCDR0EU=,pS0OWXx5GcrvvX7pq9OUF6aFnr8=
-1,2,gY+b4WcXyBdnPoPSgmbnOCDR0EU=,pS0OWXx5GcrvvX7pq9OUF6aFnr8=
