31,-97,lIC6kX1K/khvYy8AgsADSAMt+cc=,qUiAy1Ov6fR8WdqsxZpe0Fg4Rhg=
30,-97,lIC6kX1K/khvYy8AgsADSAMt+cc=,qUiAy1Ov6fR8WdqsxZpe0Fg4Rhg=
28,-97,lIC6kX1K/khvYy8AgsADSAMt+cc=,qUiAy1Ov6fR8WdqsxZpe0Fg4Rhg=
27,-97,lIC6kX1K/khvYy8AgsADSAMt+cc=,qUiAy1Ov6fR8WdqsxZpe0Fg4Rhg=
29,-110,lIC6kX1K/khvYy8AgsADSAMt+cc=,qUiAy1Ov6fR8WdqsxZpe0Fg4Rhg=
29,-97,lIC6kX1K/khvYy8AgsADSAMt+cc=,qUiAy1Ov6fR8WdqsxZpe0Fg4Rhg=
31,-111,lIC6kX1K/khvYy8AgsADSAMt+cc=,qUiAy1Ov6fR8WdqsxZpe0Fg4Rhg=
26,-97,lIC6kX1K/khvYy8AgsADSAMt+cc=,qUiAy1Ov6fR8WdqsxZpe0Fg4Rhg=
25,-97,lIC6kX1K/khvYy8AgsADSAMt+cc=,qUiAy1Ov6fR8WdqsxZpe0Fg4Rhg=
19,-112,lIC6kX1K/khvYy8AgsADSAMt+cc=,qUiAy1Ov6fR8WdqsxZpe0Fg4Rhg=
24,-97,lIC6kX1K/khvYy8AgsADSAMt+cc=,qUiAy1Ov6fR8WdqsxZpe0Fg4Rhg=
30,-111,lIC6kX1K/khvYy8AgsADSAMt+cc=,qUiAy1Ov6fR8WdqsxZpe0Fg4Rhg=
18,-112,lIC6kX1K/khvYy8AgsADSAMt+cc=,qUiAy1Ov6fR8WdqsxZpe0Fg4Rhg=
22,-97,lIC6kX1K/khvYy8AgsADSAMt+cc=,qUiAy1Ov6fR8WdqsxZpe0Fg4Rhg=
21,-97,lIC6kX1K/khvYy8AgsADSAMt+cc=,qUiAy1Ov6fR8WdqsxZpe0Fg4Rhg=
20,-97,lIC6kX1K/khvYy8AgsADSAMt+cc=,qUiAy1Ov6fR8WdqsxZpe0Fg4Rhg=
19,-97,lIC6kX1K/khvYy8AgsADSAMt+cc=,qUiAy1Ov6fR8WdqsxZpe0Fg4Rhg=
23,-97,lIC6kX1K/khvYy8AgsADSAMt+cc=,qUiAy1Ov6fR8WdqsxZpe0Fg4Rhg=
18,-97,lIC6kX1K/khvYy8AgsADSAMt+cc=,qUiAy1Ov6fR8WdqsxZpe0Fg4Rhg=
29,-111,lIC6kX1K/khvYy8AgsADSAMt+cc=,qUiAy1Ov6fR8WdqsxZpe0Fg4Rhg=
17,-97,lIC6kX1K/khvYy8AgsADSAMt+cc=,qUiAy1Ov6fR8WdqsxZpe0Fg4Rhg=
28,-110,lIC6kX1K/khvYy8AgsADSAMt+cc=,qUiAy1Ov6fR8WdqsxZpe0Fg4Rhg=
16,-97,lIC6kX1K/khvYy8AgsADSAMt+cc=,qUiAy1Ov6fR8WdqsxZpe0Fg4Rhg=
27,-111,lIC6kX1K/khvYy8AgsADSAMt+cc=,qUiAy1Ov6fR8WdqsxZpe0Fg4Rhg=
31,-98,lIC6kX1K/khvYy8AgsADSAMt+cc=,qUiAy1Ov6fR8WdqsxZpe0Fg4Rhg=
28,-111,lIC6kX1K/khvYy8AgsADSAMt+cc=,qUiAy1Ov6fR8WdqsxZpe0Fg4Rhg=
26,-111,lIC6kX1K/khvYy8AgsADSAMt+cc=,qUiAy1Ov6fR8WdqsxZpe0Fg4Rhg=
30,-98,lIC6kX1K/khvYy8AgsADSAMt+cc=,qUiAy1Ov6fR8WdqsxZpe0Fg4Rhg=
29,-98,lIC6kX1K/khvYy8AgsADSAMt+cc=,qUiAy1Ov6fR8WdqsxZpe0Fg4Rhg=
28,-98,lIC6kX1K/khvYy8AgsADSAMt+cc=,qUiAy1Ov6fR8WdqsxZpe0Fg4Rhg=
27,-98,lIC6kX1K/khvYy8AgsADSAMt+cc=,qUiAy1Ov6fR8WdqsxZpe0Fg4Rhg=
26,-98,lIC6kX1K/khvYy8AgsADSAMt+cc=,qUiAy1Ov6fR8WdqsxZpe0Fg4Rhg=
25,-111,lIC6kX1K/khvYy8AgsADSAMt+cc=,qUiAy1Ov6fR8WdqsxZpe0Fg4Rhg=
25,-98,lIC6kX1K/khvYy8AgsADSAMt+cc=,qUiAy1Ov6fR8WdqsxZpe0Fg4Rhg=
24,-98,lIC6kX1K/khvYy8AgsADSAMt+cc=,qUiAy1Ov6fR8WdqsxZpe0Fg4Rhg=
23,-98,lIC6kX1K/khvYy8AgsADSAMt+cc=,qUiAy1Ov6fR8WdqsxZpe0Fg4Rhg=
22,-98,lIC6kX1K/khvYy8AgsADSAMt+cc=,qUiAy1Ov6fR8WdqsxZpe0Fg4Rhg=
24,-111,lIC6kX1K/khvYy8AgsADSAMt+cc=,qUiAy1Ov6fR8WdqsxZpe0Fg4Rhg=
21,-98,lIC6kX1K/khvYy8AgsADSAMt+cc=,qUiAy1Ov6fR8WdqsxZpe0Fg4Rhg=
20,-98,lIC6kX1K/khvYy8AgsADSAMt+cc=,qUiAy1Ov6fR8WdqsxZpe0Fg4Rhg=
19,-98,lIC6kX1K/khvYy8AgsADSAMt+cc=,qUiAy1Ov6fR8WdqsxZpe0Fg4Rhg=
17,-98,lIC6kX1K/khvYy8AgsADSAMt+cc=,qUiAy1Ov6fR8WdqsxZpe0Fg4Rhg=
18,-98,lIC6kX1K/khvYy8AgsADSAMt+cc=,qUiAy1Ov6fR8WdqsxZpe0Fg4Rhg=
16,-98,lIC6kX1K/khvYy8AgsADSAMt+cc=,qUiAy1Ov6fR8WdqsxZpe0Fg4Rhg=
31,-99,lIC6kX1K/khvYy8AgsADSAMt+cc=,qUiAy1Ov6fR8WdqsxZpe0Fg4Rhg=
30,-99,lIC6kX1K/khvYy8AgsADSAMt+cc=,qUiAy1Ov6fR8WdqsxZpe0Fg4Rhg=
17,-111,lIC6kX1K/khvYy8AgsADSAMt+cc=,qUiAy1Ov6fR8WdqsxZpe0Fg4Rhg=
27,-110,lIC6kX1K/khvYy8AgsADSAMt+cc=,qUiAy1Ov6fR8WdqsxZpe0Fg4Rhg=
29,-99,lIC6kX1K/khvYy8AgsADSAMt+cc=,qUiAy1Ov6fR8WdqsxZpe0Fg4Rhg=
28,-99,lIC6kX1K/khvYy8AgsADSAMt+cc=,qUiAy1Ov6fR8WdqsxZpe0Fg4Rhg=
27,-99,lIC6kX1K/khvYy8AgsADSAMt+cc=,qUiAy1Ov6fR8WdqsxZpe0Fg4Rhg=
26,-99,lIC6kX1K/khvYy8AgsADSAMt+cc=,qUiAy1Ov6fR8WdqsxZpe0Fg4Rhg=
25,-99,lIC6kX1K/khvYy8AgsADSAMt+cc=,qUiAy1Ov6fR8WdqsxZpe0Fg4Rhg=
24,-99,lIC6kX1K/khvYy8AgsADSAMt+cc=,qUiAy1Ov6fR8WdqsxZpe0Fg4Rhg=
23,-99,lIC6kX1K/khvYy8AgsADSAMt+cc=,qUiAy1Ov6fR8WdqsxZpe0Fg4Rhg=
23,-111,lIC6kX1K/khvYy8AgsADSAMt+cc=,qUiAy1Ov6fR8WdqsxZpe0Fg4Rhg=
22,-111,lIC6kX1K/khvYy8AgsADSAMt+cc=,qUiAy1Ov6fR8WdqsxZpe0Fg4Rhg=
22,-99,lIC6kX1K/khvYy8AgsADSAMt+cc=,qUiAy1Ov6fR8WdqsxZpe0Fg4Rhg=
20,-99,lIC6kX1K/khvYy8AgsADSAMt+cc=,qUiAy1Ov6fR8WdqsxZpe0Fg4Rhg=
19,-99,lIC6kX1K/khvYy8AgsADSAMt+cc=,qUiAy1Ov6fR8WdqsxZpe0Fg4Rhg=
21,-99,lIC6kX1K/khvYy8AgsADSAMt+cc=,qUiAy1Ov6fR8WdqsxZpe0Fg4Rhg=
18,-99,lIC6kX1K/khvYy8AgsADSAMt+cc=,qUiAy1Ov6fR8WdqsxZpe0Fg4Rhg=
17,-99,lIC6kX1K/khvYy8AgsADSAMt+cc=,qUiAy1Ov6fR8WdqsxZpe0Fg4Rhg=
16,-99,lIC6kX1K/khvYy8AgsADSAMt+cc=,qUiAy1Ov6fR8WdqsxZpe0Fg4Rhg=
20,-111,lIC6kX1K/khvYy8AgsADSAMt+cc=,qUiAy1Ov6fR8WdqsxZpe0Fg4Rhg=
31,-100,lIC6kX1K/khvYy8AgsADSAMt+cc=,qUiAy1Ov6fR8WdqsxZpe0Fg4Rhg=
30,-100,lIC6kX1K/khvYy8AgsADSAMt+cc=,qUiAy1Ov6fR8WdqsxZpe0Fg4Rhg=
21,-111,lIC6kX1K/khvYy8AgsADSAMt+cc=,qUiAy1Ov6fR8WdqsxZpe0Fg4Rhg=
29,-100,lIC6kX1K/khvYy8AgsADSAMt+cc=,qUiAy1Ov6fR8WdqsxZpe0Fg4Rhg=
27,-100,lIC6kX1K/khvYy8AgsADSAMt+cc=,qUiAy1Ov6fR8WdqsxZpe0Fg4Rhg=
28,-100,lIC6kX1K/khvYy8AgsADSAMt+cc=,qUiAy1Ov6fR8WdqsxZpe0Fg4Rhg=
19,-111,lIC6kX1K/khvYy8AgsADSAMt+cc=,qUiAy1Ov6fR8WdqsxZpe0Fg4Rhg=
16,-111,lIC6kX1K/khvYy8AgsADSAMt+cc=,qUiAy1Ov6fR8WdqsxZpe0Fg4Rhg=
26,-100,lIC6kX1K/khvYy8AgsADSAMt+cc=,qUiAy1Ov6fR8WdqsxZpe0Fg4Rhg=
18,-111,lIC6kX1K/khvYy8AgsADSAMt+cc=,qUiAy1Ov6fR8WdqsxZpe0Fg4Rhg=
24,-100,lIC6kX1K/khvYy8AgsADSAMt+cc=,qUiAy1Ov6fR8WdqsxZpe0Fg4Rhg=
25,-100,lIC6kX1K/khvYy8AgsADSAMt+cc=,qUiAy1Ov6fR8WdqsxZpe0Fg4Rhg=
22,-100,lIC6kX1K/khvYy8AgsADSAMt+cc=,qUiAy1Ov6fR8WdqsxZpe0Fg4Rhg=
23,-100,lIC6kX1K/khvYy8AgsADSAMt+cc=,qUiAy1Ov6fR8WdqsxZpe0Fg4Rhg=
26,-110,lIC6kX1K/khvYy8AgsADSAMt+cc=,qUiAy1Ov6fR8WdqsxZpe0Fg4Rhg=
18,-100,lIC6kX1K/khvYy8AgsADSAMt+cc=,qUiAy1Ov6fR8WdqsxZpe0Fg4Rhg=
21,-100,lIC6kX1K/khvYy8AgsADSAMt+cc=,qUiAy1Ov6fR8WdqsxZpe0Fg4Rhg=
19,-100,lIC6kX1K/khvYy8AgsADSAMt+cc=,qUiAy1Ov6fR8WdqsxZpe0Fg4Rhg=
17,-112,lIC6kX1K/khvYy8AgsADSAMt+cc=,qUiAy1Ov6fR8WdqsxZpe0Fg4Rhg=
20,-100,lIC6kX1K/khvYy8AgsADSAMt+cc=,qUiAy1Ov6fR8WdqsxZpe0Fg4Rhg=
17,-100,lIC6kX1K/khvYy8AgsADSAMt+cc=,qUiAy1Ov6fR8WdqsxZpe0Fg4Rhg=
31,-112,lIC6kX1K/khvYy8AgsADSAMt+cc=,qUiAy1Ov6fR8WdqsxZpe0Fg4Rhg=
30,-101,lIC6kX1K/khvYy8AgsADSAMt+cc=,qUiAy1Ov6fR8WdqsxZpe0Fg4Rhg=
31,-101,lIC6kX1K/khvYy8AgsADSAMt+cc=,qUiAy1Ov6fR8WdqsxZpe0Fg4Rhg=
16,-100,lIC6kX1K/khvYy8AgsADSAMt+cc=,qUiAy1Ov6fR8WdqsxZpe0Fg4Rhg=
28,-101,lIC6kX1K/khvYy8AgsADSAMt+cc=,qUiAy1Ov6fR8WdqsxZpe0Fg4Rhg=
29,-101,lIC6kX1K/khvYy8AgsADSAMt+cc=,qUiAy1Ov6fR8WdqsxZpe0Fg4Rhg=
30,-112,lIC6kX1K/khvYy8AgsADSAMt+cc=,qUiAy1Ov6fR8WdqsxZpe0Fg4Rhg=
26,-101,lIC6kX1K/khvYy8AgsADSAMt+cc=,qUiAy1Ov6fR8WdqsxZpe0Fg4Rhg=
25,-110,lIC6kX1K/khvYy8AgsADSAMt+cc=,qUiAy1Ov6fR8WdqsxZpe0Fg4Rhg=
27,-101,lIC6kX1K/khvYy8AgsADSAMt+cc=,qUiAy1Ov6fR8WdqsxZpe0Fg4Rhg=
25,-101,lIC6kX1K/khvYy8AgsADSAMt+cc=,qUiAy1Ov6fR8WdqsxZpe0Fg4Rhg=
24,-101,lIC6kX1K/khvYy8AgsADSAMt+cc=,qUiAy1Ov6fR8WdqsxZpe0Fg4Rhg=
22,-101,lIC6kX1K/khvYy8AgsADSAMt+cc=,qUiAy1Ov6fR8WdqsxZpe0Fg4Rhg=
23,-101,lIC6kX1K/khvYy8AgsADSAMt+cc=,qUiAy1Ov6fR8WdqsxZpe0Fg4Rhg=
24,-110,lIC6kX1K/khvYy8AgsADSAMt+cc=,qUiAy1Ov6fR8WdqsxZpe0Fg4Rhg=
21,-101,lIC6kX1K/khvYy8AgsADSAMt+cc=,qUiAy1Ov6fR8WdqsxZpe0Fg4Rhg=
20,-101,lIC6kX1K/khvYy8AgsADSAMt+cc=,qUiAy1Ov6fR8WdqsxZpe0Fg4Rhg=
19,-101,lIC6kX1K/khvYy8AgsADSAMt+cc=,qUiAy1Ov6fR8WdqsxZpe0Fg4Rhg=
18,-101,lIC6kX1K/khvYy8AgsADSAMt+cc=,qUiAy1Ov6fR8WdqsxZpe0Fg4Rhg=
17,-101,lIC6kX1K/khvYy8AgsADSAMt+cc=,qUiAy1Ov6fR8WdqsxZpe0Fg4Rhg=
16,-101,lIC6kX1K/khvYy8AgsADSAMt+cc=,qUiAy1Ov6fR8WdqsxZpe0Fg4Rhg=
31,-102,lIC6kX1K/khvYy8AgsADSAMt+cc=,qUiAy1Ov6fR8WdqsxZpe0Fg4Rhg=
30,-102,lIC6kX1K/khvYy8AgsADSAMt+cc=,qUiAy1Ov6fR8WdqsxZpe0Fg4Rhg=
28,-102,lIC6kX1K/khvYy8AgsADSAMt+cc=,qUiAy1Ov6fR8WdqsxZpe0Fg4Rhg=
29,-102,lIC6kX1K/khvYy8AgsADSAMt+cc=,qUiAy1Ov6fR8WdqsxZpe0Fg4Rhg=
27,-102,lIC6kX1K/khvYy8AgsADSAMt+cc=,qUiAy1Ov6fR8WdqsxZpe0Fg4Rhg=
29,-112,lIC6kX1K/khvYy8AgsADSAMt+cc=,qUiAy1Ov6fR8WdqsxZpe0Fg4Rhg=
23,-110,lIC6kX1K/khvYy8AgsADSAMt+cc=,qUiAy1Ov6fR8WdqsxZpe0Fg4Rhg=
24,-102,lIC6kX1K/khvYy8AgsADSAMt+cc=,qUiAy1Ov6fR8WdqsxZpe0Fg4Rhg=
25,-102,lIC6kX1K/khvYy8AgsADSAMt+cc=,qUiAy1Ov6fR8WdqsxZpe0Fg4Rhg=
23,-102,lIC6kX1K/khvYy8AgsADSAMt+cc=,qUiAy1Ov6fR8WdqsxZpe0Fg4Rhg=
26,-102,lIC6kX1K/khvYy8AgsADSAMt+cc=,qUiAy1Ov6fR8WdqsxZpe0Fg4Rhg=
22,-102,lIC6kX1K/khvYy8AgsADSAMt+cc=,qUiAy1Ov6fR8WdqsxZpe0Fg4Rhg=
21,-102,lIC6kX1K/khvYy8AgsADSAMt+cc=,qUiAy1Ov6fR8WdqsxZpe0Fg4Rhg=
18,-102,lIC6kX1K/khvYy8AgsADSAMt+cc=,qUiAy1Ov6fR8WdqsxZpe0Fg4Rhg=
20,-102,lIC6kX1K/khvYy8AgsADSAMt+cc=,qUiAy1Ov6fR8WdqsxZpe0Fg4Rhg=
19,-102,lIC6kX1K/khvYy8AgsADSAMt+cc=,qUiAy1Ov6fR8WdqsxZpe0Fg4Rhg=
17,-102,lIC6kX1K/khvYy8AgsADSAMt+cc=,qUiAy1Ov6fR8WdqsxZpe0Fg4Rhg=
16,-102,lIC6kX1K/khvYy8AgsADSAMt+cc=,qUiAy1Ov6fR8WdqsxZpe0Fg4Rhg=
31,-103,lIC6kX1K/khvYy8AgsADSAMt+cc=,qUiAy1Ov6fR8WdqsxZpe0Fg4Rhg=
30,-103,lIC6kX1K/khvYy8AgsADSAMt+cc=,qUiAy1Ov6fR8WdqsxZpe0Fg4Rhg=
28,-103,lIC6kX1K/khvYy8AgsADSAMt+cc=,qUiAy1Ov6fR8WdqsxZpe0Fg4Rhg=
29,-103,lIC6kX1K/khvYy8AgsADSAMt+cc=,qUiAy1Ov6fR8WdqsxZpe0Fg4Rhg=
26,-103,lIC6kX1K/khvYy8AgsADSAMt+cc=,qUiAy1Ov6fR8WdqsxZpe0Fg4Rhg=
27,-103,lIC6kX1K/khvYy8AgsADSAMt+cc=,qUiAy1Ov6fR8WdqsxZpe0Fg4Rhg=
25,-103,lIC6kX1K/khvYy8AgsADSAMt+cc=,qUiAy1Ov6fR8WdqsxZpe0Fg4Rhg=
24,-103,lIC6kX1K/khvYy8AgsADSAMt+cc=,qUiAy1Ov6fR8WdqsxZpe0Fg4Rhg=
23,-103,lIC6kX1K/khvYy8AgsADSAMt+cc=,qUiAy1Ov6fR8WdqsxZpe0Fg4Rhg=
22,-103,lIC6kX1K/khvYy8AgsADSAMt+cc=,qUiAy1Ov6fR8WdqsxZpe0Fg4Rhg=
21,-103,lIC6kX1K/khvYy8AgsADSAMt+cc=,qUiAy1Ov6fR8WdqsxZpe0Fg4Rhg=
28,-112,lIC6kX1K/khvYy8AgsADSAMt+cc=,qUiAy1Ov6fR8WdqsxZpe0Fg4Rhg=
19,-103,lIC6kX1K/khvYy8AgsADSAMt+cc=,qUiAy1Ov6fR8WdqsxZpe0Fg4Rhg=
20,-103,lIC6kX1K/khvYy8AgsADSAMt+cc=,qUiAy1Ov6fR8WdqsxZpe0Fg4Rhg=
22,-110,lIC6kX1K/khvYy8AgsADSAMt+cc=,qUiAy1Ov6fR8WdqsxZpe0Fg4Rhg=
18,-103,lIC6kX1K/khvYy8AgsADSAMt+cc=,qUiAy1Ov6fR8WdqsxZpe0Fg4Rhg=
16,-103,lIC6kX1K/khvYy8AgsADSAMt+cc=,qUiAy1Ov6fR8WdqsxZpe0Fg4Rhg=
31,-104,lIC6kX1K/khvYy8AgsADSAMt+cc=,qUiAy1Ov6fR8WdqsxZpe0Fg4Rhg=
17,-103,lIC6kX1K/khvYy8AgsADSAMt+cc=,qUiAy1Ov6fR8WdqsxZpe0Fg4Rhg=
30,-104,lIC6kX1K/khvYy8AgsADSAMt+cc=,qUiAy1Ov6fR8WdqsxZpe0Fg4Rhg=
28,-104,lIC6kX1K/khvYy8AgsADSAMt+cc=,qUiAy1Ov6fR8WdqsxZpe0Fg4Rhg=
27,-104,lIC6kX1K/khvYy8AgsADSAMt+cc=,qUiAy1Ov6fR8WdqsxZpe0Fg4Rhg=
29,-104,lIC6kX1K/khvYy8AgsADSAMt+cc=,qUiAy1Ov6fR8WdqsxZpe0Fg4Rhg=
25,-104,lIC6kX1K/khvYy8AgsADSAMt+cc=,qUiAy1Ov6fR8WdqsxZpe0Fg4Rhg=
26,-104,lIC6kX1K/khvYy8AgsADSAMt+cc=,qUiAy1Ov6fR8WdqsxZpe0Fg4Rhg=
24,-104,lIC6kX1K/khvYy8AgsADSAMt+cc=,qUiAy1Ov6fR8WdqsxZpe0Fg4Rhg=
21,-104,lIC6kX1K/khvYy8AgsADSAMt+cc=,qUiAy1Ov6fR8WdqsxZpe0Fg4Rhg=
20,-104,lIC6kX1K/khvYy8AgsADSAMt+cc=,qUiAy1Ov6fR8WdqsxZpe0Fg4Rhg=
22,-104,lIC6kX1K/khvYy8AgsADSAMt+cc=,qUiAy1Ov6fR8WdqsxZpe0Fg4Rhg=
18,-104,lIC6kX1K/khvYy8AgsADSAMt+cc=,qUiAy1Ov6fR8WdqsxZpe0Fg4Rhg=
16,-104,lIC6kX1K/khvYy8AgsADSAMt+cc=,qUiAy1Ov6fR8WdqsxZpe0Fg4Rhg=
31,-105,lIC6kX1K/khvYy8AgsADSAMt+cc=,qUiAy1Ov6fR8WdqsxZpe0Fg4Rhg=
30,-105,lIC6kX1K/khvYy8AgsADSAMt+cc=,qUiAy1Ov6fR8WdqsxZpe0Fg4Rhg=
29,-105,lIC6kX1K/khvYy8AgsADSAMt+cc=,qUiAy1Ov6fR8WdqsxZpe0Fg4Rhg=
28,-105,lIC6kX1K/khvYy8AgsADSAMt+cc=,qUiAy1Ov6fR8WdqsxZpe0Fg4Rhg=
26,-105,lIC6kX1K/khvYy8AgsADSAMt+cc=,qUiAy1Ov6fR8WdqsxZpe0Fg4Rhg=
27,-105,lIC6kX1K/khvYy8AgsADSAMt+cc=,qUiAy1Ov6fR8WdqsxZpe0Fg4Rhg=
27,-112,lIC6kX1K/khvYy8AgsADSAMt+cc=,qUiAy1Ov6fR8WdqsxZpe0Fg4Rhg=
21,-110,lIC6kX1K/khvYy8AgsADSAMt+cc=,qUiAy1Ov6fR8WdqsxZpe0Fg4Rhg=
26,-112,lIC6kX1K/khvYy8AgsADSAMt+cc=,qUiAy1Ov6fR8WdqsxZpe0Fg4Rhg=
25,-105,lIC6kX1K/khvYy8AgsADSAMt+cc=,qUiAy1Ov6fR8WdqsxZpe0Fg4Rhg=
24,-105,lIC6kX1K/khvYy8AgsADSAMt+cc=,qUiAy1Ov6fR8WdqsxZpe0Fg4Rhg=
19,-104,lIC6kX1K/khvYy8AgsADSAMt+cc=,qUiAy1Ov6fR8WdqsxZpe0Fg4Rhg=
30,-110,lIC6kX1K/khvYy8AgsADSAMt+cc=,qUiAy1Ov6fR8WdqsxZpe0Fg4Rhg=
23,-104,lIC6kX1K/khvYy8AgsADSAMt+cc=,qUiAy1Ov6fR8WdqsxZpe0Fg4Rhg=
23,-105,lIC6kX1K/khvYy8AgsADSAMt+cc=,qUiAy1Ov6fR8WdqsxZpe0Fg4Rhg=
20,-105,lIC6kX1K/khvYy8AgsADSAMt+cc=,qUiAy1Ov6fR8WdqsxZpe0Fg4Rhg=
19,-105,lIC6kX1K/khvYy8AgsADSAMt+cc=,qUiAy1Ov6fR8WdqsxZpe0Fg4Rhg=
18,-105,lIC6kX1K/khvYy8AgsADSAMt+cc=,qUiAy1Ov6fR8WdqsxZpe0Fg4Rhg=
17,-105,lIC6kX1K/khvYy8AgsADSAMt+cc=,qUiAy1Ov6fR8WdqsxZpe0Fg4Rhg=
16,-105,lIC6kX1K/khvYy8AgsADSAMt+cc=,qUiAy1Ov6fR8WdqsxZpe0Fg4Rhg=
17,-104,lIC6kX1K/khvYy8AgsADSAMt+cc=,qUiAy1Ov6fR8WdqsxZpe0Fg4Rhg=
30,-106,lIC6kX1K/khvYy8AgsADSAMt+cc=,qUiAy1Ov6fR8WdqsxZpe0Fg4Rhg=
31,-106,lIC6kX1K/khvYy8AgsADSAMt+cc=,qUiAy1Ov6fR8WdqsxZpe0Fg4Rhg=
29,-106,lIC6kX1K/khvYy8AgsADSAMt+cc=,qUiAy1Ov6fR8WdqsxZpe0Fg4Rhg=
21,-105,lIC6kX1K/khvYy8AgsADSAMt+cc=,qUiAy1Ov6fR8WdqsxZpe0Fg4Rhg=
26,-106,lIC6kX1K/khvYy8AgsADSAMt+cc=,qUiAy1Ov6fR8WdqsxZpe0Fg4Rhg=
27,-106,lIC6kX1K/khvYy8AgsADSAMt+cc=,qUiAy1Ov6fR8WdqsxZpe0Fg4Rhg=
25,-106,lIC6kX1K/khvYy8AgsADSAMt+cc=,qUiAy1Ov6fR8WdqsxZpe0Fg4Rhg=
24,-106,lIC6kX1K/khvYy8AgsADSAMt+cc=,qUiAy1Ov6fR8WdqsxZpe0Fg4Rhg=
23,-106,lIC6kX1K/khvYy8AgsADSAMt+cc=,qUiAy1Ov6fR8WdqsxZpe0Fg4Rhg=
22,-106,lIC6kX1K/khvYy8AgsADSAMt+cc=,qUiAy1Ov6fR8WdqsxZpe0Fg4Rhg=
21,-106,lIC6kX1K/khvYy8AgsADSAMt+cc=,qUiAy1Ov6fR8WdqsxZpe0Fg4Rhg=
20,-106,lIC6kX1K/khvYy8AgsADSAMt+cc=,qUiAy1Ov6fR8WdqsxZpe0Fg4Rhg=
22,-105,lIC6kX1K/khvYy8AgsADSAMt+cc=,qUiAy1Ov6fR8WdqsxZpe0Fg4Rhg=
19,-106,lIC6kX1K/khvYy8AgsADSAMt+cc=,qUiAy1Ov6fR8WdqsxZpe0Fg4Rhg=
17,-106,lIC6kX1K/khvYy8AgsADSAMt+cc=,qUiAy1Ov6fR8WdqsxZpe0Fg4Rhg=
16,-106,lIC6kX1K/khvYy8AgsADSAMt+cc=,qUiAy1Ov6fR8WdqsxZpe0Fg4Rhg=
18,-106,lIC6kX1K/khvYy8AgsADSAMt+cc=,qUiAy1Ov6fR8WdqsxZpe0Fg4Rhg=
29,-107,lIC6kX1K/khvYy8AgsADSAMt+cc=,qUiAy1Ov6fR8WdqsxZpe0Fg4Rhg=
28,-107,lIC6kX1K/khvYy8AgsADSAMt+cc=,qUiAy1Ov6fR8WdqsxZpe0Fg4Rhg=
27,-107,lIC6kX1K/khvYy8AgsADSAMt+cc=,qUiAy1Ov6fR8WdqsxZpe0Fg4Rhg=
26,-107,lIC6kX1K/khvYy8AgsADSAMt+cc=,qUiAy1Ov6fR8WdqsxZpe0Fg4Rhg=
25,-107,lIC6kX1K/khvYy8AgsADSAMt+cc=,qUiAy1Ov6fR8WdqsxZpe0Fg4Rhg=
24,-107,lIC6kX1K/khvYy8AgsADSAMt+cc=,qUiAy1Ov6fR8WdqsxZpe0Fg4Rhg=
22,-107,lIC6kX1K/khvYy8AgsADSAMt+cc=,qUiAy1Ov6fR8WdqsxZpe0Fg4Rhg=
25,-112,lIC6kX1K/khvYy8AgsADSAMt+cc=,qUiAy1Ov6fR8WdqsxZpe0Fg4Rhg=
21,-107,lIC6kX1K/khvYy8AgsADSAMt+cc=,qUiAy1Ov6fR8WdqsxZpe0Fg4Rhg=
23,-107,lIC6kX1K/khvYy8AgsADSAMt+cc=,qUiAy1Ov6fR8WdqsxZpe0Fg4Rhg=
20,-107,lIC6kX1K/khvYy8AgsADSAMt+cc=,qUiAy1Ov6fR8WdqsxZpe0Fg4Rhg=
19,-107,lIC6kX1K/khvYy8AgsADSAMt+cc=,qUiAy1Ov6fR8WdqsxZpe0Fg4Rhg=
18,-107,lIC6kX1K/khvYy8AgsADSAMt+cc=,qUiAy1Ov6fR8WdqsxZpe0Fg4Rhg=
17,-107,lIC6kX1K/khvYy8AgsADSAMt+cc=,qUiAy1Ov6fR8WdqsxZpe0Fg4Rhg=
16,-107,lIC6kX1K/khvYy8AgsADSAMt+cc=,qUiAy1Ov6fR8WdqsxZpe0Fg4Rhg=
20,-110,lIC6kX1K/khvYy8AgsADSAMt+cc=,qUiAy1Ov6fR8WdqsxZpe0Fg4Rhg=
28,-106,lIC6kX1K/khvYy8AgsADSAMt+cc=,qUiAy1Ov6fR8WdqsxZpe0Fg4Rhg=
31,-110,lIC6kX1K/khvYy8AgsADSAMt+cc=,qUiAy1Ov6fR8WdqsxZpe0Fg4Rhg=
17,-109,lIC6kX1K/khvYy8AgsADSAMt+cc=,qUiAy1Ov6fR8WdqsxZpe0Fg4Rhg=
18,-109,lIC6kX1K/khvYy8AgsADSAMt+cc=,qUiAy1Ov6fR8WdqsxZpe0Fg4Rhg=
16,-109,lIC6kX1K/khvYy8AgsADSAMt+cc=,qUiAy1Ov6fR8WdqsxZpe0Fg4Rhg=
19,-109,lIC6kX1K/khvYy8AgsADSAMt+cc=,qUiAy1Ov6fR8WdqsxZpe0Fg4Rhg=
20,-109,lIC6kX1K/khvYy8AgsADSAMt+cc=,qUiAy1Ov6fR8WdqsxZpe0Fg4Rhg=
21,-109,lIC6kX1K/khvYy8AgsADSAMt+cc=,qUiAy1Ov6fR8WdqsxZpe0Fg4Rhg=
16,-110,lIC6kX1K/khvYy8AgsADSAMt+cc=,qUiAy1Ov6fR8WdqsxZpe0Fg4Rhg=
22,-109,lIC6kX1K/khvYy8AgsADSAMt+cc=,qUiAy1Ov6fR8WdqsxZpe0Fg4Rhg=
23,-109,lIC6kX1K/khvYy8AgsADSAMt+cc=,qUiAy1Ov6fR8WdqsxZpe0Fg4Rhg=
20,-112,lIC6kX1K/khvYy8AgsADSAMt+cc=,qUiAy1Ov6fR8WdqsxZpe0Fg4Rhg=
24,-109,lIC6kX1K/khvYy8AgsADSAMt+cc=,qUiAy1Ov6fR8WdqsxZpe0Fg4Rhg=
25,-109,lIC6kX1K/khvYy8AgsADSAMt+cc=,qUiAy1Ov6fR8WdqsxZpe0Fg4Rhg=
26,-109,lIC6kX1K/khvYy8AgsADSAMt+cc=,qUiAy1Ov6fR8WdqsxZpe0Fg4Rhg=
27,-109,lIC6kX1K/khvYy8AgsADSAMt+cc=,qUiAy1Ov6fR8WdqsxZpe0Fg4Rhg=
28,-109,lIC6kX1K/khvYy8AgsADSAMt+cc=,qUiAy1Ov6fR8WdqsxZpe0Fg4Rhg=
30,-107,lIC6kX1K/khvYy8AgsADSAMt+cc=,qUiAy1Ov6fR8WdqsxZpe0Fg4Rhg=
29,-108,lIC6kX1K/khvYy8AgsADSAMt+cc=,qUiAy1Ov6fR8WdqsxZpe0Fg4Rhg=
24,-112,lIC6kX1K/khvYy8AgsADSAMt+cc=,qUiAy1Ov6fR8WdqsxZpe0Fg4Rhg=
19,-110,lIC6kX1K/khvYy8AgsADSAMt+cc=,qUiAy1Ov6fR8WdqsxZpe0Fg4Rhg=
28,-108,lIC6kX1K/khvYy8AgsADSAMt+cc=,qUiAy1Ov6fR8WdqsxZpe0Fg4Rhg=
27,-108,lIC6kX1K/khvYy8AgsADSAMt+cc=,qUiAy1Ov6fR8WdqsxZpe0Fg4Rhg=
26,-108,lIC6kX1K/khvYy8AgsADSAMt+cc=,qUiAy1Ov6fR8WdqsxZpe0Fg4Rhg=
25,-108,lIC6kX1K/khvYy8AgsADSAMt+cc=,qUiAy1Ov6fR8WdqsxZpe0Fg4Rhg=
23,-112,lIC6kX1K/khvYy8AgsADSAMt+cc=,qUiAy1Ov6fR8WdqsxZpe0Fg4Rhg=
22,-112,lIC6kX1K/khvYy8AgsADSAMt+cc=,qUiAy1Ov6fR8WdqsxZpe0Fg4Rhg=
24,-108,lIC6kX1K/khvYy8AgsADSAMt+cc=,qUiAy1Ov6fR8WdqsxZpe0Fg4Rhg=
21,-112,lIC6kX1K/khvYy8AgsADSAMt+cc=,qUiAy1Ov6fR8WdqsxZpe0Fg4Rhg=
16,-112,lIC6kX1K/khvYy8AgsADSAMt+cc=,qUiAy1Ov6fR8WdqsxZpe0Fg4Rhg=
18,-110,lIC6kX1K/khvYy8AgsADSAMt+cc=,qUiAy1Ov6fR8WdqsxZpe0Fg4Rhg=
23,-108,lIC6kX1K/khvYy8AgsADSAMt+cc=,qUiAy1Ov6fR8WdqsxZpe0Fg4Rhg=
22,-108,lIC6kX1K/khvYy8AgsADSAMt+cc=,qUiAy1Ov6fR8WdqsxZpe0Fg4Rhg=
21,-108,lIC6kX1K/khvYy8AgsADSAMt+cc=,qUiAy1Ov6fR8WdqsxZpe0Fg4Rhg=
20,-108,lIC6kX1K/khvYy8AgsADSAMt+cc=,qUiAy1Ov6fR8WdqsxZpe0Fg4Rhg=
19,-108,lIC6kX1K/khvYy8AgsADSAMt+cc=,qUiAy1Ov6fR8WdqsxZpe0Fg4Rhg=
17,-110,lIC6kX1K/khvYy8AgsADSAMt+cc=,qUiAy1Ov6fR8WdqsxZpe0Fg4Rhg=
18,-108,lIC6kX1K/khvYy8AgsADSAMt+cc=,qUiAy1Ov6fR8WdqsxZpe0Fg4Rhg=
17,-108,lIC6kX1K/khvYy8AgsADSAMt+cc=,qUiAy1Ov6fR8WdqsxZpe0Fg4Rhg=
16,-108,lIC6kX1K/khvYy8AgsADSAMt+cc=,qUiAy1Ov6fR8WdqsxZpe0Fg4Rhg=
31,-107,lIC6kX1K/khvYy8AgsADSAMt+cc=,qUiAy1Ov6fR8WdqsxZpe0Fg4Rhg=
31,-108,lIC6kX1K/khvYy8AgsADSAMt+cc=,qUiAy1Ov6fR8WdqsxZpe0Fg4Rhg=
30,-108,lIC6kX1K/khvYy8AgsADSAMt+cc=,qUiAy1Ov6fR8WdqsxZpe0Fg4Rhg=
29,-109,lIC6kX1K/khvYy8AgsADSAMt+cc=,qUiAy1Ov6fR8WdqsxZpe0Fg4Rhg=
30,-109,lIC6kX1K/khvYy8AgsADSAMt+cc=,qUiAy1Ov6fR8WdqsxZpe0Fg4Rhg=
31,-109,lIC6kX1K/khvYy8AgsADSAMt+cc=,qUiAy1Ov6fR8WdqsxZpe0Fg4Rhg=
3,-112,DZG7FRgxwsNAQHDuc42udzxngMY=,AiAs2PZVC6Sf18MZQ9lMYVzMQJY=
12,-109,DZG7FRgxwsNAQHDuc42udzxngMY=,AiAs2PZVC6Sf18MZQ9lMYVzMQJY=
14,-110,DZG7FRgxwsNAQHDuc42udzxngMY=,AiAs2PZVC6Sf18MZQ9lMYVzMQJY=
4,-112,DZG7FRgxwsNAQHDuc42udzxngMY=,AiAs2PZVC6Sf18MZQ9lMYVzMQJY=
13,-109,DZG7FRgxwsNAQHDuc42udzxngMY=,AiAs2PZVC6Sf18MZQ9lMYVzMQJY=
15,-109,DZG7FRgxwsNAQHDuc42udzxngMY=,AiAs2PZVC6Sf18MZQ9lMYVzMQJY=
14,-109,DZG7FRgxwsNAQHDuc42udzxngMY=,AiAs2PZVC6Sf18MZQ9lMYVzMQJY=
0,-108,DZG7FRgxwsNAQHDuc42udzxngMY=,AiAs2PZVC6Sf18MZQ9lMYVzMQJY=
5,-112,DZG7FRgxwsNAQHDuc42udzxngMY=,AiAs2PZVC6Sf18MZQ9lMYVzMQJY=
2,-111,DZG7FRgxwsNAQHDuc42udzxngMY=,AiAs2PZVC6Sf18MZQ9lMYVzMQJY=
1,-108,DZG7FRgxwsNAQHDuc42udzxngMY=,AiAs2PZVC6Sf18MZQ9lMYVzMQJY=
2,-108,DZG7FRgxwsNAQHDuc42udzxngMY=,AiAs2PZVC6Sf18MZQ9lMYVzMQJY=
3,-108,DZG7FRgxwsNAQHDuc42udzxngMY=,AiAs2PZVC6Sf18MZQ9lMYVzMQJY=
4,-108,DZG7FRgxwsNAQHDuc42udzxngMY=,AiAs2PZVC6Sf18MZQ9lMYVzMQJY=
5,-108,DZG7FRgxwsNAQHDuc42udzxngMY=,AiAs2PZVC6Sf18MZQ9lMYVzMQJY=
6,-108,DZG7FRgxwsNAQHDuc42udzxngMY=,AiAs2PZVC6Sf18MZQ9lMYVzMQJY=
7,-108,DZG7FRgxwsNAQHDuc42udzxngMY=,AiAs2PZVC6Sf18MZQ9lMYVzMQJY=
8,-108,DZG7FRgxwsNAQHDuc42udzxngMY=,AiAs2PZVC6Sf18MZQ9lMYVzMQJY=
9,-108,DZG7FRgxwsNAQHDuc42udzxngMY=,AiAs2PZVC6Sf18MZQ9lMYVzMQJY=
10,-108,DZG7FRgxwsNAQHDuc42udzxngMY=,AiAs2PZVC6Sf18MZQ9lMYVzMQJY=
15,-110,DZG7FRgxwsNAQHDuc42udzxngMY=,AiAs2PZVC6Sf18MZQ9lMYVzMQJY=
11,-108,DZG7FRgxwsNAQHDuc42udzxngMY=,AiAs2PZVC6Sf18MZQ9lMYVzMQJY=
6,-112,DZG7FRgxwsNAQHDuc42udzxngMY=,AiAs2PZVC6Sf18MZQ9lMYVzMQJY=
13,-108,DZG7FRgxwsNAQHDuc42udzxngMY=,AiAs2PZVC6Sf18MZQ9lMYVzMQJY=
14,-108,DZG7FRgxwsNAQHDuc42udzxngMY=,AiAs2PZVC6Sf18MZQ9lMYVzMQJY=
15,-108,DZG7FRgxwsNAQHDuc42udzxngMY=,AiAs2PZVC6Sf18MZQ9lMYVzMQJY=
0,-107,DZG7FRgxwsNAQHDuc42udzxngMY=,AiAs2PZVC6Sf18MZQ9lMYVzMQJY=
3,-111,DZG7FRgxwsNAQHDuc42udzxngMY=,AiAs2PZVC6Sf18MZQ9lMYVzMQJY=
1,-107,DZG7FRgxwsNAQHDuc42udzxngMY=,AiAs2PZVC6Sf18MZQ9lMYVzMQJY=
2,-107,DZG7FRgxwsNAQHDuc42udzxngMY=,AiAs2PZVC6Sf18MZQ9lMYVzMQJY=
12,-108,DZG7FRgxwsNAQHDuc42udzxngMY=,AiAs2PZVC6Sf18MZQ9lMYVzMQJY=
0,-112,DZG7FRgxwsNAQHDuc42udzxngMY=,AiAs2PZVC6Sf18MZQ9lMYVzMQJY=
3,-107,DZG7FRgxwsNAQHDuc42udzxngMY=,AiAs2PZVC6Sf18MZQ9lMYVzMQJY=
5,-107,DZG7FRgxwsNAQHDuc42udzxngMY=,AiAs2PZVC6Sf18MZQ9lMYVzMQJY=
4,-107,DZG7FRgxwsNAQHDuc42udzxngMY=,AiAs2PZVC6Sf18MZQ9lMYVzMQJY=
6,-107,DZG7FRgxwsNAQHDuc42udzxngMY=,AiAs2PZVC6Sf18MZQ9lMYVzMQJY=
7,-107,DZG7FRgxwsNAQHDuc42udzxngMY=,AiAs2PZVC6Sf18MZQ9lMYVzMQJY=
8,-107,DZG7FRgxwsNAQHDuc42udzxngMY=,AiAs2PZVC6Sf18MZQ9lMYVzMQJY=
9,-107,DZG7FRgxwsNAQHDuc42udzxngMY=,AiAs2PZVC6Sf18MZQ9lMYVzMQJY=
10,-107,DZG7FRgxwsNAQHDuc42udzxngMY=,AiAs2PZVC6Sf18MZQ9lMYVzMQJY=
4,-111,DZG7FRgxwsNAQHDuc42udzxngMY=,AiAs2PZVC6Sf18MZQ9lMYVzMQJY=
0,-109,DZG7FRgxwsNAQHDuc42udzxngMY=,AiAs2PZVC6Sf18MZQ9lMYVzMQJY=
7,-112,DZG7FRgxwsNAQHDuc42udzxngMY=,AiAs2PZVC6Sf18MZQ9lMYVzMQJY=
12,-107,DZG7FRgxwsNAQHDuc42udzxngMY=,AiAs2PZVC6Sf18MZQ9lMYVzMQJY=
11,-107,DZG7FRgxwsNAQHDuc42udzxngMY=,AiAs2PZVC6Sf18MZQ9lMYVzMQJY=
13,-107,DZG7FRgxwsNAQHDuc42udzxngMY=,AiAs2PZVC6Sf18MZQ9lMYVzMQJY=
15,-107,DZG7FRgxwsNAQHDuc42udzxngMY=,AiAs2PZVC6Sf18MZQ9lMYVzMQJY=
14,-107,DZG7FRgxwsNAQHDuc42udzxngMY=,AiAs2PZVC6Sf18MZQ9lMYVzMQJY=
5,-111,DZG7FRgxwsNAQHDuc42udzxngMY=,AiAs2PZVC6Sf18MZQ9lMYVzMQJY=
0,-106,DZG7FRgxwsNAQHDuc42udzxngMY=,AiAs2PZVC6Sf18MZQ9lMYVzMQJY=
1,-106,DZG7FRgxwsNAQHDuc42udzxngMY=,AiAs2PZVC6Sf18MZQ9lMYVzMQJY=
3,-106,DZG7FRgxwsNAQHDuc42udzxngMY=,AiAs2PZVC6Sf18MZQ9lMYVzMQJY=
2,-106,DZG7FRgxwsNAQHDuc42udzxngMY=,AiAs2PZVC6Sf18MZQ9lMYVzMQJY=
4,-106,DZG7FRgxwsNAQHDuc42udzxngMY=,AiAs2PZVC6Sf18MZQ9lMYVzMQJY=
5,-106,DZG7FRgxwsNAQHDuc42udzxngMY=,AiAs2PZVC6Sf18MZQ9lMYVzMQJY=
6,-106,DZG7FRgxwsNAQHDuc42udzxngMY=,AiAs2PZVC6Sf18MZQ9lMYVzMQJY=
7,-106,DZG7FRgxwsNAQHDuc42udzxngMY=,AiAs2PZVC6Sf18MZQ9lMYVzMQJY=
8,-106,DZG7FRgxwsNAQHDuc42udzxngMY=,AiAs2PZVC6Sf18MZQ9lMYVzMQJY=
1,-109,DZG7FRgxwsNAQHDuc42udzxngMY=,AiAs2PZVC6Sf18MZQ9lMYVzMQJY=
8,-112,DZG7FRgxwsNAQHDuc42udzxngMY=,AiAs2PZVC6Sf18MZQ9lMYVzMQJY=
9,-106,DZG7FRgxwsNAQHDuc42udzxngMY=,AiAs2PZVC6Sf18MZQ9lMYVzMQJY=
10,-106,DZG7FRgxwsNAQHDuc42udzxngMY=,AiAs2PZVC6Sf18MZQ9lMYVzMQJY=
11,-106,DZG7FRgxwsNAQHDuc42udzxngMY=,AiAs2PZVC6Sf18MZQ9lMYVzMQJY=
12,-106,DZG7FRgxwsNAQHDuc42udzxngMY=,AiAs2PZVC6Sf18MZQ9lMYVzMQJY=
13,-106,DZG7FRgxwsNAQHDuc42udzxngMY=,AiAs2PZVC6Sf18MZQ9lMYVzMQJY=
14,-106,DZG7FRgxwsNAQHDuc42udzxngMY=,AiAs2PZVC6Sf18MZQ9lMYVzMQJY=
6,-111,DZG7FRgxwsNAQHDuc42udzxngMY=,AiAs2PZVC6Sf18MZQ9lMYVzMQJY=
15,-106,DZG7FRgxwsNAQHDuc42udzxngMY=,AiAs2PZVC6Sf18MZQ9lMYVzMQJY=
0,-105,DZG7FRgxwsNAQHDuc42udzxngMY=,AiAs2PZVC6Sf18MZQ9lMYVzMQJY=
1,-105,DZG7FRgxwsNAQHDuc42udzxngMY=,AiAs2PZVC6Sf18MZQ9lMYVzMQJY=
2,-105,DZG7FRgxwsNAQHDuc42udzxngMY=,AiAs2PZVC6Sf18MZQ9lMYVzMQJY=
3,-105,DZG7FRgxwsNAQHDuc42udzxngMY=,AiAs2PZVC6Sf18MZQ9lMYVzMQJY=
4,-105,DZG7FRgxwsNAQHDuc42udzxngMY=,AiAs2PZVC6Sf18MZQ9lMYVzMQJY=
5,-105,DZG7FRgxwsNAQHDuc42udzxngMY=,AiAs2PZVC6Sf18MZQ9lMYVzMQJY=
6,-105,DZG7FRgxwsNAQHDuc42udzxngMY=,AiAs2PZVC6Sf18MZQ9lMYVzMQJY=
7,-105,DZG7FRgxwsNAQHDuc42udzxngMY=,AiAs2PZVC6Sf18MZQ9lMYVzMQJY=
8,-105,DZG7FRgxwsNAQHDuc42udzxngMY=,AiAs2PZVC6Sf18MZQ9lMYVzMQJY=
2,-109,DZG7FRgxwsNAQHDuc42udzxngMY=,AiAs2PZVC6Sf18MZQ9lMYVzMQJY=
9,-112,DZG7FRgxwsNAQHDuc42udzxngMY=,AiAs2PZVC6Sf18MZQ9lMYVzMQJY=
9,-105,DZG7FRgxwsNAQHDuc42udzxngMY=,AiAs2PZVC6Sf18MZQ9lMYVzMQJY=
10,-105,DZG7FRgxwsNAQHDuc42udzxngMY=,AiAs2PZVC6Sf18MZQ9lMYVzMQJY=
11,-105,DZG7FRgxwsNAQHDuc42udzxngMY=,AiAs2PZVC6Sf18MZQ9lMYVzMQJY=
12,-105,DZG7FRgxwsNAQHDuc42udzxngMY=,AiAs2PZVC6Sf18MZQ9lMYVzMQJY=
13,-105,DZG7FRgxwsNAQHDuc42udzxngMY=,AiAs2PZVC6Sf18MZQ9lMYVzMQJY=
14,-105,DZG7FRgxwsNAQHDuc42udzxngMY=,AiAs2PZVC6Sf18MZQ9lMYVzMQJY=
15,-105,DZG7FRgxwsNAQHDuc42udzxngMY=,AiAs2PZVC6Sf18MZQ9lMYVzMQJY=
7,-111,DZG7FRgxwsNAQHDuc42udzxngMY=,AiAs2PZVC6Sf18MZQ9lMYVzMQJY=
0,-104,DZG7FRgxwsNAQHDuc42udzxngMY=,AiAs2PZVC6Sf18MZQ9lMYVzMQJY=
1,-104,DZG7FRgxwsNAQHDuc42udzxngMY=,AiAs2PZVC6Sf18MZQ9lMYVzMQJY=
2,-104,DZG7FRgxwsNAQHDuc42udzxngMY=,AiAs2PZVC6Sf18MZQ9lMYVzMQJY=
3,-104,DZG7FRgxwsNAQHDuc42udzxngMY=,AiAs2PZVC6Sf18MZQ9lMYVzMQJY=
4,-104,DZG7FRgxwsNAQHDuc42udzxngMY=,AiAs2PZVC6Sf18MZQ9lMYVzMQJY=
5,-104,DZG7FRgxwsNAQHDuc42udzxngMY=,AiAs2PZVC6Sf18MZQ9lMYVzMQJY=
6,-104,DZG7FRgxwsNAQHDuc42udzxngMY=,AiAs2PZVC6Sf18MZQ9lMYVzMQJY=
3,-109,DZG7FRgxwsNAQHDuc42udzxngMY=,AiAs2PZVC6Sf18MZQ9lMYVzMQJY=
7,-104,DZG7FRgxwsNAQHDuc42udzxngMY=,AiAs2PZVC6Sf18MZQ9lMYVzMQJY=
10,-112,DZG7FRgxwsNAQHDuc42udzxngMY=,AiAs2PZVC6Sf18MZQ9lMYVzMQJY=
8,-104,DZG7FRgxwsNAQHDuc42udzxngMY=,AiAs2PZVC6Sf18MZQ9lMYVzMQJY=
9,-104,DZG7FRgxwsNAQHDuc42udzxngMY=,AiAs2PZVC6Sf18MZQ9lMYVzMQJY=
10,-104,DZG7FRgxwsNAQHDuc42udzxngMY=,AiAs2PZVC6Sf18MZQ9lMYVzMQJY=
11,-104,DZG7FRgxwsNAQHDuc42udzxngMY=,AiAs2PZVC6Sf18MZQ9lMYVzMQJY=
12,-104,DZG7FRgxwsNAQHDuc42udzxngMY=,AiAs2PZVC6Sf18MZQ9lMYVzMQJY=
13,-104,DZG7FRgxwsNAQHDuc42udzxngMY=,AiAs2PZVC6Sf18MZQ9lMYVzMQJY=
14,-104,DZG7FRgxwsNAQHDuc42udzxngMY=,AiAs2PZVC6Sf18MZQ9lMYVzMQJY=
15,-104,DZG7FRgxwsNAQHDuc42udzxngMY=,AiAs2PZVC6Sf18MZQ9lMYVzMQJY=
8,-111,DZG7FRgxwsNAQHDuc42udzxngMY=,AiAs2PZVC6Sf18MZQ9lMYVzMQJY=
0,-103,DZG7FRgxwsNAQHDuc42udzxngMY=,AiAs2PZVC6Sf18MZQ9lMYVzMQJY=
1,-103,DZG7FRgxwsNAQHDuc42udzxngMY=,AiAs2PZVC6Sf18MZQ9lMYVzMQJY=
2,-103,DZG7FRgxwsNAQHDuc42udzxngMY=,AiAs2PZVC6Sf18MZQ9lMYVzMQJY=
3,-103,DZG7FRgxwsNAQHDuc42udzxngMY=,AiAs2PZVC6Sf18MZQ9lMYVzMQJY=
4,-103,DZG7FRgxwsNAQHDuc42udzxngMY=,AiAs2PZVC6Sf18MZQ9lMYVzMQJY=
5,-103,DZG7FRgxwsNAQHDuc42udzxngMY=,AiAs2PZVC6Sf18MZQ9lMYVzMQJY=
6,-103,DZG7FRgxwsNAQHDuc42udzxngMY=,AiAs2PZVC6Sf18MZQ9lMYVzMQJY=
11,-112,DZG7FRgxwsNAQHDuc42udzxngMY=,AiAs2PZVC6Sf18MZQ9lMYVzMQJY=
7,-103,DZG7FRgxwsNAQHDuc42udzxngMY=,AiAs2PZVC6Sf18MZQ9lMYVzMQJY=
4,-109,DZG7FRgxwsNAQHDuc42udzxngMY=,AiAs2PZVC6Sf18MZQ9lMYVzMQJY=
9,-103,DZG7FRgxwsNAQHDuc42udzxngMY=,AiAs2PZVC6Sf18MZQ9lMYVzMQJY=
13,-110,DZG7FRgxwsNAQHDuc42udzxngMY=,AiAs2PZVC6Sf18MZQ9lMYVzMQJY=
12,-110,DZG7FRgxwsNAQHDuc42udzxngMY=,AiAs2PZVC6Sf18MZQ9lMYVzMQJY=
8,-103,DZG7FRgxwsNAQHDuc42udzxngMY=,AiAs2PZVC6Sf18MZQ9lMYVzMQJY=
11,-110,DZG7FRgxwsNAQHDuc42udzxngMY=,AiAs2PZVC6Sf18MZQ9lMYVzMQJY=
9,-110,DZG7FRgxwsNAQHDuc42udzxngMY=,AiAs2PZVC6Sf18MZQ9lMYVzMQJY=
15,-97,DZG7FRgxwsNAQHDuc42udzxngMY=,AiAs2PZVC6Sf18MZQ9lMYVzMQJY=
15,-111,DZG7FRgxwsNAQHDuc42udzxngMY=,AiAs2PZVC6Sf18MZQ9lMYVzMQJY=
8,-110,DZG7FRgxwsNAQHDuc42udzxngMY=,AiAs2PZVC6Sf18MZQ9lMYVzMQJY=
10,-110,DZG7FRgxwsNAQHDuc42udzxngMY=,AiAs2PZVC6Sf18MZQ9lMYVzMQJY=
6,-110,DZG7FRgxwsNAQHDuc42udzxngMY=,AiAs2PZVC6Sf18MZQ9lMYVzMQJY=
5,-110,DZG7FRgxwsNAQHDuc42udzxngMY=,AiAs2PZVC6Sf18MZQ9lMYVzMQJY=
7,-110,DZG7FRgxwsNAQHDuc42udzxngMY=,AiAs2PZVC6Sf18MZQ9lMYVzMQJY=
4,-110,DZG7FRgxwsNAQHDuc42udzxngMY=,AiAs2PZVC6Sf18MZQ9lMYVzMQJY=
3,-110,DZG7FRgxwsNAQHDuc42udzxngMY=,AiAs2PZVC6Sf18MZQ9lMYVzMQJY=
1,-110,DZG7FRgxwsNAQHDuc42udzxngMY=,AiAs2PZVC6Sf18MZQ9lMYVzMQJY=
2,-110,DZG7FRgxwsNAQHDuc42udzxngMY=,AiAs2PZVC6Sf18MZQ9lMYVzMQJY=
0,-110,DZG7FRgxwsNAQHDuc42udzxngMY=,AiAs2PZVC6Sf18MZQ9lMYVzMQJY=
14,-97,DZG7FRgxwsNAQHDuc42udzxngMY=,AiAs2PZVC6Sf18MZQ9lMYVzMQJY=
12,-97,DZG7FRgxwsNAQHDuc42udzxngMY=,AiAs2PZVC6Sf18MZQ9lMYVzMQJY=
11,-109,DZG7FRgxwsNAQHDuc42udzxngMY=,AiAs2PZVC6Sf18MZQ9lMYVzMQJY=
10,-109,DZG7FRgxwsNAQHDuc42udzxngMY=,AiAs2PZVC6Sf18MZQ9lMYVzMQJY=
2,-112,DZG7FRgxwsNAQHDuc42udzxngMY=,AiAs2PZVC6Sf18MZQ9lMYVzMQJY=
11,-97,DZG7FRgxwsNAQHDuc42udzxngMY=,AiAs2PZVC6Sf18MZQ9lMYVzMQJY=
10,-97,DZG7FRgxwsNAQHDuc42udzxngMY=,AiAs2PZVC6Sf18MZQ9lMYVzMQJY=
9,-97,DZG7FRgxwsNAQHDuc42udzxngMY=,AiAs2PZVC6Sf18MZQ9lMYVzMQJY=
13,-97,DZG7FRgxwsNAQHDuc42udzxngMY=,AiAs2PZVC6Sf18MZQ9lMYVzMQJY=
7,-97,DZG7FRgxwsNAQHDuc42udzxngMY=,AiAs2PZVC6Sf18MZQ9lMYVzMQJY=
5,-97,DZG7FRgxwsNAQHDuc42udzxngMY=,AiAs2PZVC6Sf18MZQ9lMYVzMQJY=
4,-97,DZG7FRgxwsNAQHDuc42udzxngMY=,AiAs2PZVC6Sf18MZQ9lMYVzMQJY=
3,-97,DZG7FRgxwsNAQHDuc42udzxngMY=,AiAs2PZVC6Sf18MZQ9lMYVzMQJY=
2,-97,DZG7FRgxwsNAQHDuc42udzxngMY=,AiAs2PZVC6Sf18MZQ9lMYVzMQJY=
1,-97,DZG7FRgxwsNAQHDuc42udzxngMY=,AiAs2PZVC6Sf18MZQ9lMYVzMQJY=
14,-111,DZG7FRgxwsNAQHDuc42udzxngMY=,AiAs2PZVC6Sf18MZQ9lMYVzMQJY=
0,-97,DZG7FRgxwsNAQHDuc42udzxngMY=,AiAs2PZVC6Sf18MZQ9lMYVzMQJY=
15,-98,DZG7FRgxwsNAQHDuc42udzxngMY=,AiAs2PZVC6Sf18MZQ9lMYVzMQJY=
14,-98,DZG7FRgxwsNAQHDuc42udzxngMY=,AiAs2PZVC6Sf18MZQ9lMYVzMQJY=
13,-98,DZG7FRgxwsNAQHDuc42udzxngMY=,AiAs2PZVC6Sf18MZQ9lMYVzMQJY=
12,-98,DZG7FRgxwsNAQHDuc42udzxngMY=,AiAs2PZVC6Sf18MZQ9lMYVzMQJY=
11,-98,DZG7FRgxwsNAQHDuc42udzxngMY=,AiAs2PZVC6Sf18MZQ9lMYVzMQJY=
10,-98,DZG7FRgxwsNAQHDuc42udzxngMY=,AiAs2PZVC6Sf18MZQ9lMYVzMQJY=
8,-97,DZG7FRgxwsNAQHDuc42udzxngMY=,AiAs2PZVC6Sf18MZQ9lMYVzMQJY=
7,-98,DZG7FRgxwsNAQHDuc42udzxngMY=,AiAs2PZVC6Sf18MZQ9lMYVzMQJY=
9,-98,DZG7FRgxwsNAQHDuc42udzxngMY=,AiAs2PZVC6Sf18MZQ9lMYVzMQJY=
6,-98,DZG7FRgxwsNAQHDuc42udzxngMY=,AiAs2PZVC6Sf18MZQ9lMYVzMQJY=
5,-98,DZG7FRgxwsNAQHDuc42udzxngMY=,AiAs2PZVC6Sf18MZQ9lMYVzMQJY=
4,-98,DZG7FRgxwsNAQHDuc42udzxngMY=,AiAs2PZVC6Sf18MZQ9lMYVzMQJY=
3,-98,DZG7FRgxwsNAQHDuc42udzxngMY=,AiAs2PZVC6Sf18MZQ9lMYVzMQJY=
2,-98,DZG7FRgxwsNAQHDuc42udzxngMY=,AiAs2PZVC6Sf18MZQ9lMYVzMQJY=
1,-111,DZG7FRgxwsNAQHDuc42udzxngMY=,AiAs2PZVC6Sf18MZQ9lMYVzMQJY=
9,-109,DZG7FRgxwsNAQHDuc42udzxngMY=,AiAs2PZVC6Sf18MZQ9lMYVzMQJY=
1,-98,DZG7FRgxwsNAQHDuc42udzxngMY=,AiAs2PZVC6Sf18MZQ9lMYVzMQJY=
0,-111,DZG7FRgxwsNAQHDuc42udzxngMY=,AiAs2PZVC6Sf18MZQ9lMYVzMQJY=
1,-112,DZG7FRgxwsNAQHDuc42udzxngMY=,AiAs2PZVC6Sf18MZQ9lMYVzMQJY=
0,-98,DZG7FRgxwsNAQHDuc42udzxngMY=,AiAs2PZVC6Sf18MZQ9lMYVzMQJY=
15,-99,DZG7FRgxwsNAQHDuc42udzxngMY=,AiAs2PZVC6Sf18MZQ9lMYVzMQJY=
14,-99,DZG7FRgxwsNAQHDuc42udzxngMY=,AiAs2PZVC6Sf18MZQ9lMYVzMQJY=
13,-99,DZG7FRgxwsNAQHDuc42udzxngMY=,AiAs2PZVC6Sf18MZQ9lMYVzMQJY=
12,-99,DZG7FRgxwsNAQHDuc42udzxngMY=,AiAs2PZVC6Sf18MZQ9lMYVzMQJY=
11,-99,DZG7FRgxwsNAQHDuc42udzxngMY=,AiAs2PZVC6Sf18MZQ9lMYVzMQJY=
10,-99,DZG7FRgxwsNAQHDuc42udzxngMY=,AiAs2PZVC6Sf18MZQ9lMYVzMQJY=
9,-99,DZG7FRgxwsNAQHDuc42udzxngMY=,AiAs2PZVC6Sf18MZQ9lMYVzMQJY=
8,-99,DZG7FRgxwsNAQHDuc42udzxngMY=,AiAs2PZVC6Sf18MZQ9lMYVzMQJY=
7,-99,DZG7FRgxwsNAQHDuc42udzxngMY=,AiAs2PZVC6Sf18MZQ9lMYVzMQJY=
8,-98,DZG7FRgxwsNAQHDuc42udzxngMY=,AiAs2PZVC6Sf18MZQ9lMYVzMQJY=
6,-99,DZG7FRgxwsNAQHDuc42udzxngMY=,AiAs2PZVC6Sf18MZQ9lMYVzMQJY=
5,-99,DZG7FRgxwsNAQHDuc42udzxngMY=,AiAs2PZVC6Sf18MZQ9lMYVzMQJY=
4,-99,DZG7FRgxwsNAQHDuc42udzxngMY=,AiAs2PZVC6Sf18MZQ9lMYVzMQJY=
3,-99,DZG7FRgxwsNAQHDuc42udzxngMY=,AiAs2PZVC6Sf18MZQ9lMYVzMQJY=
13,-111,DZG7FRgxwsNAQHDuc42udzxngMY=,AiAs2PZVC6Sf18MZQ9lMYVzMQJY=
15,-112,DZG7FRgxwsNAQHDuc42udzxngMY=,AiAs2PZVC6Sf18MZQ9lMYVzMQJY=
8,-109,DZG7FRgxwsNAQHDuc42udzxngMY=,AiAs2PZVC6Sf18MZQ9lMYVzMQJY=
2,-99,DZG7FRgxwsNAQHDuc42udzxngMY=,AiAs2PZVC6Sf18MZQ9lMYVzMQJY=
1,-99,DZG7FRgxwsNAQHDuc42udzxngMY=,AiAs2PZVC6Sf18MZQ9lMYVzMQJY=
12,-111,DZG7FRgxwsNAQHDuc42udzxngMY=,AiAs2PZVC6Sf18MZQ9lMYVzMQJY=
0,-99,DZG7FRgxwsNAQHDuc42udzxngMY=,AiAs2PZVC6Sf18MZQ9lMYVzMQJY=
15,-100,DZG7FRgxwsNAQHDuc42udzxngMY=,AiAs2PZVC6Sf18MZQ9lMYVzMQJY=
14,-100,DZG7FRgxwsNAQHDuc42udzxngMY=,AiAs2PZVC6Sf18MZQ9lMYVzMQJY=
10,-103,DZG7FRgxwsNAQHDuc42udzxngMY=,AiAs2PZVC6Sf18MZQ9lMYVzMQJY=
12,-100,DZG7FRgxwsNAQHDuc42udzxngMY=,AiAs2PZVC6Sf18MZQ9lMYVzMQJY=
6,-97,DZG7FRgxwsNAQHDuc42udzxngMY=,AiAs2PZVC6Sf18MZQ9lMYVzMQJY=
13,-100,DZG7FRgxwsNAQHDuc42udzxngMY=,AiAs2PZVC6Sf18MZQ9lMYVzMQJY=
9,-100,DZG7FRgxwsNAQHDuc42udzxngMY=,AiAs2PZVC6Sf18MZQ9lMYVzMQJY=
7,-100,DZG7FRgxwsNAQHDuc42udzxngMY=,AiAs2PZVC6Sf18MZQ9lMYVzMQJY=
6,-100,DZG7FRgxwsNAQHDuc42udzxngMY=,AiAs2PZVC6Sf18MZQ9lMYVzMQJY=
5,-100,DZG7FRgxwsNAQHDuc42udzxngMY=,AiAs2PZVC6Sf18MZQ9lMYVzMQJY=
8,-100,DZG7FRgxwsNAQHDuc42udzxngMY=,AiAs2PZVC6Sf18MZQ9lMYVzMQJY=
4,-100,DZG7FRgxwsNAQHDuc42udzxngMY=,AiAs2PZVC6Sf18MZQ9lMYVzMQJY=
14,-112,DZG7FRgxwsNAQHDuc42udzxngMY=,AiAs2PZVC6Sf18MZQ9lMYVzMQJY=
7,-109,DZG7FRgxwsNAQHDuc42udzxngMY=,AiAs2PZVC6Sf18MZQ9lMYVzMQJY=
3,-100,DZG7FRgxwsNAQHDuc42udzxngMY=,AiAs2PZVC6Sf18MZQ9lMYVzMQJY=
11,-100,DZG7FRgxwsNAQHDuc42udzxngMY=,AiAs2PZVC6Sf18MZQ9lMYVzMQJY=
2,-100,DZG7FRgxwsNAQHDuc42udzxngMY=,AiAs2PZVC6Sf18MZQ9lMYVzMQJY=
1,-100,DZG7FRgxwsNAQHDuc42udzxngMY=,AiAs2PZVC6Sf18MZQ9lMYVzMQJY=
0,-100,DZG7FRgxwsNAQHDuc42udzxngMY=,AiAs2PZVC6Sf18MZQ9lMYVzMQJY=
11,-111,DZG7FRgxwsNAQHDuc42udzxngMY=,AiAs2PZVC6Sf18MZQ9lMYVzMQJY=
15,-101,DZG7FRgxwsNAQHDuc42udzxngMY=,AiAs2PZVC6Sf18MZQ9lMYVzMQJY=
14,-101,DZG7FRgxwsNAQHDuc42udzxngMY=,AiAs2PZVC6Sf18MZQ9lMYVzMQJY=
13,-101,DZG7FRgxwsNAQHDuc42udzxngMY=,AiAs2PZVC6Sf18MZQ9lMYVzMQJY=
11,-101,DZG7FRgxwsNAQHDuc42udzxngMY=,AiAs2PZVC6Sf18MZQ9lMYVzMQJY=
10,-101,DZG7FRgxwsNAQHDuc42udzxngMY=,AiAs2PZVC6Sf18MZQ9lMYVzMQJY=
9,-101,DZG7FRgxwsNAQHDuc42udzxngMY=,AiAs2PZVC6Sf18MZQ9lMYVzMQJY=
8,-101,DZG7FRgxwsNAQHDuc42udzxngMY=,AiAs2PZVC6Sf18MZQ9lMYVzMQJY=
7,-101,DZG7FRgxwsNAQHDuc42udzxngMY=,AiAs2PZVC6Sf18MZQ9lMYVzMQJY=
6,-101,DZG7FRgxwsNAQHDuc42udzxngMY=,AiAs2PZVC6Sf18MZQ9lMYVzMQJY=
13,-112,DZG7FRgxwsNAQHDuc42udzxngMY=,AiAs2PZVC6Sf18MZQ9lMYVzMQJY=
5,-101,DZG7FRgxwsNAQHDuc42udzxngMY=,AiAs2PZVC6Sf18MZQ9lMYVzMQJY=
6,-109,DZG7FRgxwsNAQHDuc42udzxngMY=,AiAs2PZVC6Sf18MZQ9lMYVzMQJY=
4,-101,DZG7FRgxwsNAQHDuc42udzxngMY=,AiAs2PZVC6Sf18MZQ9lMYVzMQJY=
3,-101,DZG7FRgxwsNAQHDuc42udzxngMY=,AiAs2PZVC6Sf18MZQ9lMYVzMQJY=
2,-101,DZG7FRgxwsNAQHDuc42udzxngMY=,AiAs2PZVC6Sf18MZQ9lMYVzMQJY=
1,-101,DZG7FRgxwsNAQHDuc42udzxngMY=,AiAs2PZVC6Sf18MZQ9lMYVzMQJY=
0,-101,DZG7FRgxwsNAQHDuc42udzxngMY=,AiAs2PZVC6Sf18MZQ9lMYVzMQJY=
10,-111,DZG7FRgxwsNAQHDuc42udzxngMY=,AiAs2PZVC6Sf18MZQ9lMYVzMQJY=
15,-102,DZG7FRgxwsNAQHDuc42udzxngMY=,AiAs2PZVC6Sf18MZQ9lMYVzMQJY=
14,-102,DZG7FRgxwsNAQHDuc42udzxngMY=,AiAs2PZVC6Sf18MZQ9lMYVzMQJY=
12,-102,DZG7FRgxwsNAQHDuc42udzxngMY=,AiAs2PZVC6Sf18MZQ9lMYVzMQJY=
13,-102,DZG7FRgxwsNAQHDuc42udzxngMY=,AiAs2PZVC6Sf18MZQ9lMYVzMQJY=
11,-103,DZG7FRgxwsNAQHDuc42udzxngMY=,AiAs2PZVC6Sf18MZQ9lMYVzMQJY=
10,-100,DZG7FRgxwsNAQHDuc42udzxngMY=,AiAs2PZVC6Sf18MZQ9lMYVzMQJY=
10,-102,DZG7FRgxwsNAQHDuc42udzxngMY=,AiAs2PZVC6Sf18MZQ9lMYVzMQJY=
9,-102,DZG7FRgxwsNAQHDuc42udzxngMY=,AiAs2PZVC6Sf18MZQ9lMYVzMQJY=
8,-102,DZG7FRgxwsNAQHDuc42udzxngMY=,AiAs2PZVC6Sf18MZQ9lMYVzMQJY=
7,-102,DZG7FRgxwsNAQHDuc42udzxngMY=,AiAs2PZVC6Sf18MZQ9lMYVzMQJY=
6,-102,DZG7FRgxwsNAQHDuc42udzxngMY=,AiAs2PZVC6Sf18MZQ9lMYVzMQJY=
12,-112,DZG7FRgxwsNAQHDuc42udzxngMY=,AiAs2PZVC6Sf18MZQ9lMYVzMQJY=
5,-102,DZG7FRgxwsNAQHDuc42udzxngMY=,AiAs2PZVC6Sf18MZQ9lMYVzMQJY=
5,-109,DZG7FRgxwsNAQHDuc42udzxngMY=,AiAs2PZVC6Sf18MZQ9lMYVzMQJY=
4,-102,DZG7FRgxwsNAQHDuc42udzxngMY=,AiAs2PZVC6Sf18MZQ9lMYVzMQJY=
3,-102,DZG7FRgxwsNAQHDuc42udzxngMY=,AiAs2PZVC6Sf18MZQ9lMYVzMQJY=
2,-102,DZG7FRgxwsNAQHDuc42udzxngMY=,AiAs2PZVC6Sf18MZQ9lMYVzMQJY=
1,-102,DZG7FRgxwsNAQHDuc42udzxngMY=,AiAs2PZVC6Sf18MZQ9lMYVzMQJY=
0,-102,DZG7FRgxwsNAQHDuc42udzxngMY=,AiAs2PZVC6Sf18MZQ9lMYVzMQJY=
9,-111,DZG7FRgxwsNAQHDuc42udzxngMY=,AiAs2PZVC6Sf18MZQ9lMYVzMQJY=
15,-103,DZG7FRgxwsNAQHDuc42udzxngMY=,AiAs2PZVC6Sf18MZQ9lMYVzMQJY=
14,-103,DZG7FRgxwsNAQHDuc42udzxngMY=,AiAs2PZVC6Sf18MZQ9lMYVzMQJY=
13,-103,DZG7FRgxwsNAQHDuc42udzxngMY=,AiAs2PZVC6Sf18MZQ9lMYVzMQJY=
12,-101,DZG7FRgxwsNAQHDuc42udzxngMY=,AiAs2PZVC6Sf18MZQ9lMYVzMQJY=
11,-102,DZG7FRgxwsNAQHDuc42udzxngMY=,AiAs2PZVC6Sf18MZQ9lMYVzMQJY=
12,-103,DZG7FRgxwsNAQHDuc42udzxngMY=,AiAs2PZVC6Sf18MZQ9lMYVzMQJY=
