-20,-19,TITh55BpZq77YTC89UbomLXPrdM=,75DIHIAh2F8u67Xom0JTL2JyRHc=
-23,-23,TITh55BpZq77YTC89UbomLXPrdM=,75DIHIAh2F8u67Xom0JTL2JyRHc=
-21,-19,TITh55BpZq77YTC89UbomLXPrdM=,75DIHIAh2F8u67Xom0JTL2JyRHc=
-22,-19,TITh55BpZq77YTC89UbomLXPrdM=,75DIHIAh2F8u67Xom0JTL2JyRHc=
-19,-20,TITh55BpZq77YTC89UbomLXPrdM=,75DIHIAh2F8u67Xom0JTL2JyRHc=
-23,-19,TITh55BpZq77YTC89UbomLXPrdM=,75DIHIAh2F8u67Xom0JTL2JyRHc=
-21,-20,TITh55BpZq77YTC89UbomLXPrdM=,75DIHIAh2F8u67Xom0JTL2JyRHc=
-22,-20,TITh55BpZq77YTC89UbomLXPrdM=,75DIHIAh2F8u67Xom0JTL2JyRHc=
-20,-20,TITh55BpZq77YTC89UbomLXPrdM=,75DIHIAh2F8u67Xom0JTL2JyRHc=
-18,-20,TITh55BpZq77YTC89UbomLXPrdM=,75DIHIAh2F8u67Xom0JTL2JyRHc=
-18,-23,TITh55BpZq77YTC89UbomLXPrdM=,75DIHIAh2F8u67Xom0JTL2JyRHc=
-23,-20,TITh55BpZq77YTC89UbomLXPrdM=,75DIHIAh2F8u67Xom0JTL2JyRHc=
-18,-21,TITh55BpZq77YTC89UbomLXPrdM=,75DIHIAh2F8u67Xom0JTL2JyRHc=
-19,-21,TITh55BpZq77YTC89UbomLXPrdM=,75DIHIAh2F8u67Xom0JTL2JyRHc=
-20,-21,TITh55BpZq77YTC89UbomLXPrdM=,75DIHIAh2F8u67Xom0JTL2JyRHc=
-19,-23,TITh55BpZq77YTC89UbomLXPrdM=,75DIHIAh2F8u67Xom0JTL2JyRHc=
-21,-21,TITh55BpZq77YTC89UbomLXPrdM=,75DIHIAh2F8u67Xom0JTL2JyRHc=
-20,-23,TITh55BpZq77YTC89UbomLXPrdM=,75DIHIAh2F8u67Xom0JTL2JyRHc=
-21,-23,TITh55BpZq77YTC89UbomLXPrdM=,75DIHIAh2F8u67Xom0JTL2JyRHc=
-18,-18,TITh55BpZq77YTC89UbomLXPrdM=,75DIHIAh2F8u67Xom0JTL2JyRHc=
-22,-21,TITh55BpZq77YTC89UbomLXPrdM=,75DIHIAh2F8u67Xom0JTL2JyRHc=
-19,-18,TITh55BpZq77YTC89UbomLXPrdM=,75DIHIAh2F8u67Xom0JTL2JyRHc=
-20,-18,TITh55BpZq77YTC89UbomLXPrdM=,75DIHIAh2F8u67Xom0JTL2JyRHc=
-21,-18,TITh55BpZq77YTC89UbomLXPrdM=,75DIHIAh2F8u67Xom0JTL2JyRHc=
-18,-22,TITh55BpZq77YTC89UbomLXPrdM=,75DIHIAh2F8u67Xom0JTL2JyRHc=
-22,-18,TITh55BpZq77YTC89UbomLXPrdM=,75DIHIAh2F8u67Xom0JTL2JyRHc=
-21,-22,TITh55BpZq77YTC89UbomLXPrdM=,75DIHIAh2F8u67Xom0JTL2JyRHc=
-20,-22,TITh55BpZq77YTC89UbomLXPrdM=,75DIHIAh2F8u67Xom0JTL2JyRHc=
-19,-22,TITh55BpZq77YTC89UbomLXPrdM=,75DIHIAh2F8u67Xom0JTL2JyRHc=
-22,-22,TITh55BpZq77YTC89UbomLXPrdM=,75DIHIAh2F8u67Xom0JTL2JyRHc=
-23,-22,TITh55BpZq77YTC89UbomLXPrdM=,75DIHIAh2F8u67Xom0JTL2JyRHc=
-23,-18,TITh55BpZq77YTC89UbomLXPrdM=,75DIHIAh2F8u67Xom0JTL2JyRHc=
-22,-23,TITh55BpZq77YTC89UbomLXPrdM=,75DIHIAh2F8u67Xom0JTL2JyRHc=
-23,-21,TITh55BpZq77YTC89UbomLXPrdM=,75DIHIAh2F8u67Xom0JTL2JyRHc=
-19,-19,TITh55BpZq77YTC89UbomLXPrdM=,75DIHIAh2F8u67Xom0JTL2JyRHc=
-18,-19,TITh55BpZq77YTC89UbomLXPrdM=,75DIHIAh2F8u67Xom0JTL2JyRHc=
-17,-18,TITh55BpZq77YTC89UbomLXPrdM=,75DIHIAh2F8u67Xom0JTL2JyRHc=
-17,-19,TITh55BpZq77YTC89UbomLXPrdM=,75DIHIAh2F8u67Xom0JTL2JyRHc=
-17,-22,TITh55BpZq77YTC89UbomLXPrdM=,75DIHIAh2F8u67Xom0JTL2JyRHc=
-17,-20,TITh55BpZq77YTC89UbomLXPrdM=,75DIHIAh2F8u67Xom0JTL2JyRHc=
-17,-21,TITh55BpZq77YTC89UbomLXPrdM=,75DIHIAh2F8u67Xom0JTL2JyRHc=
-17,-23,TITh55BpZq77YTC89UbomLXPrdM=,75DIHIAh2F8u67Xom0JTL2JyRHc=
-22,-17,TITh55BpZq77YTC89UbomLXPrdM=,75DIHIAh2F8u67Xom0JTL2JyRHc=
-21,-17,TITh55BpZq77YTC89UbomLXPrdM=,75DIHIAh2F8u67Xom0JTL2JyRHc=
-19,-17,TITh55BpZq77YTC89UbomLXPrdM=,75DIHIAh2F8u67Xom0JTL2JyRHc=
-20,-17,TITh55BpZq77YTC89UbomLXPrdM=,75DIHIAh2F8u67Xom0JTL2JyRHc=
-18,-17,TITh55BpZq77YTC89UbomLXPrdM=,75DIHIAh2F8u67Xom0JTL2JyRHc=
-23,-17,TITh55BpZq77YTC89UbomLXPrdM=,75DIHIAh2F8u67Xom0JTL2JyRHc=
-17,-17,TITh55BpZq77YTC89UbomLXPrdM=,75DIHIAh2F8u67Xom0JTL2JyRHc=
-19,-29,TITh55BpZq77YTC89UbomLXPrdM=,ZCX+KPNyjT2halZjMZCtcmgbmY8=
-18,-29,TITh55BpZq77YTC89UbomLXPrdM=,ZCX+KPNyjT2halZjMZCtcmgbmY8=
-20,-29,TITh55BpZq77YTC89UbomLXPrdM=,ZCX+KPNyjT2halZjMZCtcmgbmY8=
-23,-28,TITh55BpZq77YTC89UbomLXPrdM=,ZCX+KPNyjT2halZjMZCtcmgbmY8=
-17,-29,TITh55BpZq77YTC89UbomLXPrdM=,ZCX+KPNyjT2halZjMZCtcmgbmY8=
-22,-28,TITh55BpZq77YTC89UbomLXPrdM=,ZCX+KPNyjT2halZjMZCtcmgbmY8=
-20,-28,TITh55BpZq77YTC89UbomLXPrdM=,ZCX+KPNyjT2halZjMZCtcmgbmY8=
-21,-28,TITh55BpZq77YTC89UbomLXPrdM=,ZCX+KPNyjT2halZjMZCtcmgbmY8=
-18,-28,TITh55BpZq77YTC89UbomLXPrdM=,ZCX+KPNyjT2halZjMZCtcmgbmY8=
-17,-28,TITh55BpZq77YTC89UbomLXPrdM=,ZCX+KPNyjT2halZjMZCtcmgbmY8=
-19,-28,TITh55BpZq77YTC89UbomLXPrdM=,ZCX+KPNyjT2halZjMZCtcmgbmY8=
-23,-32,TITh55BpZq77YTC89UbomLXPrdM=,ZCX+KPNyjT2halZjMZCtcmgbmY8=
-22,-32,TITh55BpZq77YTC89UbomLXPrdM=,ZCX+KPNyjT2halZjMZCtcmgbmY8=
-20,-24,TITh55BpZq77YTC89UbomLXPrdM=,75DIHIAh2F8u67Xom0JTL2JyRHc=
-21,-32,TITh55BpZq77YTC89UbomLXPrdM=,ZCX+KPNyjT2halZjMZCtcmgbmY8=
-20,-32,TITh55BpZq77YTC89UbomLXPrdM=,ZCX+KPNyjT2halZjMZCtcmgbmY8=
-23,-27,TITh55BpZq77YTC89UbomLXPrdM=,ZCX+KPNyjT2halZjMZCtcmgbmY8=
-19,-32,TITh55BpZq77YTC89UbomLXPrdM=,ZCX+KPNyjT2halZjMZCtcmgbmY8=
-18,-32,TITh55BpZq77YTC89UbomLXPrdM=,ZCX+KPNyjT2halZjMZCtcmgbmY8=
-22,-27,TITh55BpZq77YTC89UbomLXPrdM=,ZCX+KPNyjT2halZjMZCtcmgbmY8=
-17,-32,TITh55BpZq77YTC89UbomLXPrdM=,ZCX+KPNyjT2halZjMZCtcmgbmY8=
-23,-24,TITh55BpZq77YTC89UbomLXPrdM=,75DIHIAh2F8u67Xom0JTL2JyRHc=
-23,-31,TITh55BpZq77YTC89UbomLXPrdM=,ZCX+KPNyjT2halZjMZCtcmgbmY8=
-21,-27,TITh55BpZq77YTC89UbomLXPrdM=,ZCX+KPNyjT2halZjMZCtcmgbmY8=
-21,-31,TITh55BpZq77YTC89UbomLXPrdM=,ZCX+KPNyjT2halZjMZCtcmgbmY8=
-20,-31,TITh55BpZq77YTC89UbomLXPrdM=,ZCX+KPNyjT2halZjMZCtcmgbmY8=
-22,-31,TITh55BpZq77YTC89UbomLXPrdM=,ZCX+KPNyjT2halZjMZCtcmgbmY8=
-20,-27,TITh55BpZq77YTC89UbomLXPrdM=,ZCX+KPNyjT2halZjMZCtcmgbmY8=
-19,-31,TITh55BpZq77YTC89UbomLXPrdM=,ZCX+KPNyjT2halZjMZCtcmgbmY8=
-18,-31,TITh55BpZq77YTC89UbomLXPrdM=,ZCX+KPNyjT2halZjMZCtcmgbmY8=
-19,-24,TITh55BpZq77YTC89UbomLXPrdM=,75DIHIAh2F8u67Xom0JTL2JyRHc=
-19,-27,TITh55BpZq77YTC89UbomLXPrdM=,ZCX+KPNyjT2halZjMZCtcmgbmY8=
-17,-27,TITh55BpZq77YTC89UbomLXPrdM=,ZCX+KPNyjT2halZjMZCtcmgbmY8=
-18,-24,TITh55BpZq77YTC89UbomLXPrdM=,75DIHIAh2F8u67Xom0JTL2JyRHc=
-18,-27,TITh55BpZq77YTC89UbomLXPrdM=,ZCX+KPNyjT2halZjMZCtcmgbmY8=
-23,-26,TITh55BpZq77YTC89UbomLXPrdM=,ZCX+KPNyjT2halZjMZCtcmgbmY8=
-22,-26,TITh55BpZq77YTC89UbomLXPrdM=,ZCX+KPNyjT2halZjMZCtcmgbmY8=
-17,-31,TITh55BpZq77YTC89UbomLXPrdM=,ZCX+KPNyjT2halZjMZCtcmgbmY8=
-17,-24,TITh55BpZq77YTC89UbomLXPrdM=,75DIHIAh2F8u67Xom0JTL2JyRHc=
-20,-26,TITh55BpZq77YTC89UbomLXPrdM=,ZCX+KPNyjT2halZjMZCtcmgbmY8=
-21,-26,TITh55BpZq77YTC89UbomLXPrdM=,ZCX+KPNyjT2halZjMZCtcmgbmY8=
-22,-30,TITh55BpZq77YTC89UbomLXPrdM=,ZCX+KPNyjT2halZjMZCtcmgbmY8=
-23,-30,TITh55BpZq77YTC89UbomLXPrdM=,ZCX+KPNyjT2halZjMZCtcmgbmY8=
-20,-30,TITh55BpZq77YTC89UbomLXPrdM=,ZCX+KPNyjT2halZjMZCtcmgbmY8=
-19,-30,TITh55BpZq77YTC89UbomLXPrdM=,ZCX+KPNyjT2halZjMZCtcmgbmY8=
-21,-30,TITh55BpZq77YTC89UbomLXPrdM=,ZCX+KPNyjT2halZjMZCtcmgbmY8=
-18,-26,TITh55BpZq77YTC89UbomLXPrdM=,ZCX+KPNyjT2halZjMZCtcmgbmY8=
-19,-26,TITh55BpZq77YTC89UbomLXPrdM=,ZCX+KPNyjT2halZjMZCtcmgbmY8=
-17,-26,TITh55BpZq77YTC89UbomLXPrdM=,ZCX+KPNyjT2halZjMZCtcmgbmY8=
-18,-30,TITh55BpZq77YTC89UbomLXPrdM=,ZCX+KPNyjT2halZjMZCtcmgbmY8=
-17,-30,TITh55BpZq77YTC89UbomLXPrdM=,ZCX+KPNyjT2halZjMZCtcmgbmY8=
-22,-24,TITh55BpZq77YTC89UbomLXPrdM=,75DIHIAh2F8u67Xom0JTL2JyRHc=
-22,-25,TITh55BpZq77YTC89UbomLXPrdM=,ZCX+KPNyjT2halZjMZCtcmgbmY8=
-21,-25,TITh55BpZq77YTC89UbomLXPrdM=,ZCX+KPNyjT2halZjMZCtcmgbmY8=
-23,-25,TITh55BpZq77YTC89UbomLXPrdM=,ZCX+KPNyjT2halZjMZCtcmgbmY8=
-20,-25,TITh55BpZq77YTC89UbomLXPrdM=,ZCX+KPNyjT2halZjMZCtcmgbmY8=
-19,-25,TITh55BpZq77YTC89UbomLXPrdM=,ZCX+KPNyjT2halZjMZCtcmgbmY8=
-17,-25,TITh55BpZq77YTC89UbomLXPrdM=,ZCX+KPNyjT2halZjMZCtcmgbmY8=
-23,-29,TITh55BpZq77YTC89UbomLXPrdM=,ZCX+KPNyjT2halZjMZCtcmgbmY8=
-18,-25,TITh55BpZq77YTC89UbomLXPrdM=,ZCX+KPNyjT2halZjMZCtcmgbmY8=
-22,-29,TITh55BpZq77YTC89UbomLXPrdM=,ZCX+KPNyjT2halZjMZCtcmgbmY8=
-21,-29,TITh55BpZq77YTC89UbomLXPrdM=,ZCX+KPNyjT2halZjMZCtcmgbmY8=
-21,-24,TITh55BpZq77YTC89UbomLXPrdM=,75DIHIAh2F8u67Xom0JTL2JyRHc=
-28,-31,TITh55BpZq77YTC89UbomLXPrdM=,ix6ZlRyxrZB4lUMStL8keC99zN8=
-26,-31,TITh55BpZq77YTC89UbomLXPrdM=,ix6ZlRyxrZB4lUMStL8keC99zN8=
-27,-31,TITh55BpZq77YTC89UbomLXPrdM=,ix6ZlRyxrZB4lUMStL8keC99zN8=
-25,-31,TITh55BpZq77YTC89UbomLXPrdM=,ix6ZlRyxrZB4lUMStL8keC99zN8=
-32,-30,TITh55BpZq77YTC89UbomLXPrdM=,ix6ZlRyxrZB4lUMStL8keC99zN8=
-31,-30,TITh55BpZq77YTC89UbomLXPrdM=,ix6ZlRyxrZB4lUMStL8keC99zN8=
-30,-30,TITh55BpZq77YTC89UbomLXPrdM=,ix6ZlRyxrZB4lUMStL8keC99zN8=
-29,-30,TITh55BpZq77YTC89UbomLXPrdM=,ix6ZlRyxrZB4lUMStL8keC99zN8=
-28,-30,TITh55BpZq77YTC89UbomLXPrdM=,ix6ZlRyxrZB4lUMStL8keC99zN8=
-24,-28,TITh55BpZq77YTC89UbomLXPrdM=,ZCX+KPNyjT2halZjMZCtcmgbmY8=
-28,-28,TITh55BpZq77YTC89UbomLXPrdM=,ix6ZlRyxrZB4lUMStL8keC99zN8=
-27,-28,TITh55BpZq77YTC89UbomLXPrdM=,ix6ZlRyxrZB4lUMStL8keC99zN8=
-28,-26,TITh55BpZq77YTC89UbomLXPrdM=,ix6ZlRyxrZB4lUMStL8keC99zN8=
-25,-28,TITh55BpZq77YTC89UbomLXPrdM=,ix6ZlRyxrZB4lUMStL8keC99zN8=
-27,-26,TITh55BpZq77YTC89UbomLXPrdM=,ix6ZlRyxrZB4lUMStL8keC99zN8=
-27,-30,TITh55BpZq77YTC89UbomLXPrdM=,ix6ZlRyxrZB4lUMStL8keC99zN8=
-26,-28,TITh55BpZq77YTC89UbomLXPrdM=,ix6ZlRyxrZB4lUMStL8keC99zN8=
-26,-30,TITh55BpZq77YTC89UbomLXPrdM=,ix6ZlRyxrZB4lUMStL8keC99zN8=
-25,-30,TITh55BpZq77YTC89UbomLXPrdM=,ix6ZlRyxrZB4lUMStL8keC99zN8=
-24,-27,TITh55BpZq77YTC89UbomLXPrdM=,ZCX+KPNyjT2halZjMZCtcmgbmY8=
-28,-32,TITh55BpZq77YTC89UbomLXPrdM=,ix6ZlRyxrZB4lUMStL8keC99zN8=
-27,-32,TITh55BpZq77YTC89UbomLXPrdM=,ix6ZlRyxrZB4lUMStL8keC99zN8=
-26,-32,TITh55BpZq77YTC89UbomLXPrdM=,ix6ZlRyxrZB4lUMStL8keC99zN8=
-25,-32,TITh55BpZq77YTC89UbomLXPrdM=,ix6ZlRyxrZB4lUMStL8keC99zN8=
-32,-31,TITh55BpZq77YTC89UbomLXPrdM=,ix6ZlRyxrZB4lUMStL8keC99zN8=
-31,-31,TITh55BpZq77YTC89UbomLXPrdM=,ix6ZlRyxrZB4lUMStL8keC99zN8=
-24,-32,TITh55BpZq77YTC89UbomLXPrdM=,ZCX+KPNyjT2halZjMZCtcmgbmY8=
-24,-31,TITh55BpZq77YTC89UbomLXPrdM=,ZCX+KPNyjT2halZjMZCtcmgbmY8=
-24,-26,TITh55BpZq77YTC89UbomLXPrdM=,ZCX+KPNyjT2halZjMZCtcmgbmY8=
-24,-30,TITh55BpZq77YTC89UbomLXPrdM=,ZCX+KPNyjT2halZjMZCtcmgbmY8=
-32,-32,TITh55BpZq77YTC89UbomLXPrdM=,ix6ZlRyxrZB4lUMStL8keC99zN8=
-32,-27,TITh55BpZq77YTC89UbomLXPrdM=,ix6ZlRyxrZB4lUMStL8keC99zN8=
-31,-27,TITh55BpZq77YTC89UbomLXPrdM=,ix6ZlRyxrZB4lUMStL8keC99zN8=
-28,-29,TITh55BpZq77YTC89UbomLXPrdM=,ix6ZlRyxrZB4lUMStL8keC99zN8=
-27,-29,TITh55BpZq77YTC89UbomLXPrdM=,ix6ZlRyxrZB4lUMStL8keC99zN8=
-30,-31,TITh55BpZq77YTC89UbomLXPrdM=,ix6ZlRyxrZB4lUMStL8keC99zN8=
-25,-29,TITh55BpZq77YTC89UbomLXPrdM=,ix6ZlRyxrZB4lUMStL8keC99zN8=
-26,-29,TITh55BpZq77YTC89UbomLXPrdM=,ix6ZlRyxrZB4lUMStL8keC99zN8=
-25,-26,TITh55BpZq77YTC89UbomLXPrdM=,ix6ZlRyxrZB4lUMStL8keC99zN8=
-26,-26,TITh55BpZq77YTC89UbomLXPrdM=,ix6ZlRyxrZB4lUMStL8keC99zN8=
-30,-27,TITh55BpZq77YTC89UbomLXPrdM=,ix6ZlRyxrZB4lUMStL8keC99zN8=
-29,-31,TITh55BpZq77YTC89UbomLXPrdM=,ix6ZlRyxrZB4lUMStL8keC99zN8=
-31,-32,TITh55BpZq77YTC89UbomLXPrdM=,ix6ZlRyxrZB4lUMStL8keC99zN8=
-29,-27,TITh55BpZq77YTC89UbomLXPrdM=,ix6ZlRyxrZB4lUMStL8keC99zN8=
-32,-29,TITh55BpZq77YTC89UbomLXPrdM=,ix6ZlRyxrZB4lUMStL8keC99zN8=
-28,-27,TITh55BpZq77YTC89UbomLXPrdM=,ix6ZlRyxrZB4lUMStL8keC99zN8=
-32,-28,TITh55BpZq77YTC89UbomLXPrdM=,ix6ZlRyxrZB4lUMStL8keC99zN8=
-30,-32,TITh55BpZq77YTC89UbomLXPrdM=,ix6ZlRyxrZB4lUMStL8keC99zN8=
-31,-28,TITh55BpZq77YTC89UbomLXPrdM=,ix6ZlRyxrZB4lUMStL8keC99zN8=
-27,-27,TITh55BpZq77YTC89UbomLXPrdM=,ix6ZlRyxrZB4lUMStL8keC99zN8=
-31,-29,TITh55BpZq77YTC89UbomLXPrdM=,ix6ZlRyxrZB4lUMStL8keC99zN8=
-26,-27,TITh55BpZq77YTC89UbomLXPrdM=,ix6ZlRyxrZB4lUMStL8keC99zN8=
-25,-27,TITh55BpZq77YTC89UbomLXPrdM=,ix6ZlRyxrZB4lUMStL8keC99zN8=
-32,-26,TITh55BpZq77YTC89UbomLXPrdM=,ix6ZlRyxrZB4lUMStL8keC99zN8=
-30,-28,TITh55BpZq77YTC89UbomLXPrdM=,ix6ZlRyxrZB4lUMStL8keC99zN8=
-29,-28,TITh55BpZq77YTC89UbomLXPrdM=,ix6ZlRyxrZB4lUMStL8keC99zN8=
-24,-29,TITh55BpZq77YTC89UbomLXPrdM=,ZCX+KPNyjT2halZjMZCtcmgbmY8=
-31,-26,TITh55BpZq77YTC89UbomLXPrdM=,ix6ZlRyxrZB4lUMStL8keC99zN8=
-29,-26,TITh55BpZq77YTC89UbomLXPrdM=,ix6ZlRyxrZB4lUMStL8keC99zN8=
-30,-29,TITh55BpZq77YTC89UbomLXPrdM=,ix6ZlRyxrZB4lUMStL8keC99zN8=
-29,-29,TITh55BpZq77YTC89UbomLXPrdM=,ix6ZlRyxrZB4lUMStL8keC99zN8=
-29,-32,TITh55BpZq77YTC89UbomLXPrdM=,ix6ZlRyxrZB4lUMStL8keC99zN8=
-30,-26,TITh55BpZq77YTC89UbomLXPrdM=,ix6ZlRyxrZB4lUMStL8keC99zN8=
-25,-21,TITh55BpZq77YTC89UbomLXPrdM=,eQ9MNhGvDQDOe2jeL1Qefksvedc=
-25,-17,TITh55BpZq77YTC89UbomLXPrdM=,eQ9MNhGvDQDOe2jeL1Qefksvedc=
-26,-21,TITh55BpZq77YTC89UbomLXPrdM=,eQ9MNhGvDQDOe2jeL1Qefksvedc=
-26,-17,TITh55BpZq77YTC89UbomLXPrdM=,eQ9MNhGvDQDOe2jeL1Qefksvedc=
-27,-17,TITh55BpZq77YTC89UbomLXPrdM=,eQ9MNhGvDQDOe2jeL1Qefksvedc=
-29,-25,TITh55BpZq77YTC89UbomLXPrdM=,ix6ZlRyxrZB4lUMStL8keC99zN8=
-28,-17,TITh55BpZq77YTC89UbomLXPrdM=,eQ9MNhGvDQDOe2jeL1Qefksvedc=
-29,-23,TITh55BpZq77YTC89UbomLXPrdM=,eQ9MNhGvDQDOe2jeL1Qefksvedc=
-30,-25,TITh55BpZq77YTC89UbomLXPrdM=,ix6ZlRyxrZB4lUMStL8keC99zN8=
-24,-23,TITh55BpZq77YTC89UbomLXPrdM=,75DIHIAh2F8u67Xom0JTL2JyRHc=
-24,-25,TITh55BpZq77YTC89UbomLXPrdM=,ZCX+KPNyjT2halZjMZCtcmgbmY8=
-31,-25,TITh55BpZq77YTC89UbomLXPrdM=,ix6ZlRyxrZB4lUMStL8keC99zN8=
-32,-25,TITh55BpZq77YTC89UbomLXPrdM=,ix6ZlRyxrZB4lUMStL8keC99zN8=
-29,-21,TITh55BpZq77YTC89UbomLXPrdM=,eQ9MNhGvDQDOe2jeL1Qefksvedc=
-27,-21,TITh55BpZq77YTC89UbomLXPrdM=,eQ9MNhGvDQDOe2jeL1Qefksvedc=
-28,-21,TITh55BpZq77YTC89UbomLXPrdM=,eQ9MNhGvDQDOe2jeL1Qefksvedc=
-30,-21,TITh55BpZq77YTC89UbomLXPrdM=,eQ9MNhGvDQDOe2jeL1Qefksvedc=
-24,-20,TITh55BpZq77YTC89UbomLXPrdM=,75DIHIAh2F8u67Xom0JTL2JyRHc=
-24,-19,TITh55BpZq77YTC89UbomLXPrdM=,75DIHIAh2F8u67Xom0JTL2JyRHc=
-32,-23,TITh55BpZq77YTC89UbomLXPrdM=,eQ9MNhGvDQDOe2jeL1Qefksvedc=
-31,-23,TITh55BpZq77YTC89UbomLXPrdM=,eQ9MNhGvDQDOe2jeL1Qefksvedc=
-26,-24,TITh55BpZq77YTC89UbomLXPrdM=,eQ9MNhGvDQDOe2jeL1Qefksvedc=
-29,-17,TITh55BpZq77YTC89UbomLXPrdM=,eQ9MNhGvDQDOe2jeL1Qefksvedc=
-27,-24,TITh55BpZq77YTC89UbomLXPrdM=,eQ9MNhGvDQDOe2jeL1Qefksvedc=
-28,-24,TITh55BpZq77YTC89UbomLXPrdM=,eQ9MNhGvDQDOe2jeL1Qefksvedc=
-30,-17,TITh55BpZq77YTC89UbomLXPrdM=,eQ9MNhGvDQDOe2jeL1Qefksvedc=
-25,-24,TITh55BpZq77YTC89UbomLXPrdM=,eQ9MNhGvDQDOe2jeL1Qefksvedc=
-30,-24,TITh55BpZq77YTC89UbomLXPrdM=,eQ9MNhGvDQDOe2jeL1Qefksvedc=
-29,-24,TITh55BpZq77YTC89UbomLXPrdM=,eQ9MNhGvDQDOe2jeL1Qefksvedc=
-31,-24,TITh55BpZq77YTC89UbomLXPrdM=,eQ9MNhGvDQDOe2jeL1Qefksvedc=
-32,-24,TITh55BpZq77YTC89UbomLXPrdM=,eQ9MNhGvDQDOe2jeL1Qefksvedc=
-24,-17,TITh55BpZq77YTC89UbomLXPrdM=,75DIHIAh2F8u67Xom0JTL2JyRHc=
-24,-24,TITh55BpZq77YTC89UbomLXPrdM=,75DIHIAh2F8u67Xom0JTL2JyRHc=
-29,-22,TITh55BpZq77YTC89UbomLXPrdM=,eQ9MNhGvDQDOe2jeL1Qefksvedc=
-24,-22,TITh55BpZq77YTC89UbomLXPrdM=,75DIHIAh2F8u67Xom0JTL2JyRHc=
-24,-18,TITh55BpZq77YTC89UbomLXPrdM=,75DIHIAh2F8u67Xom0JTL2JyRHc=
-31,-22,TITh55BpZq77YTC89UbomLXPrdM=,eQ9MNhGvDQDOe2jeL1Qefksvedc=
-25,-25,TITh55BpZq77YTC89UbomLXPrdM=,ix6ZlRyxrZB4lUMStL8keC99zN8=
-32,-22,TITh55BpZq77YTC89UbomLXPrdM=,eQ9MNhGvDQDOe2jeL1Qefksvedc=
-30,-22,TITh55BpZq77YTC89UbomLXPrdM=,eQ9MNhGvDQDOe2jeL1Qefksvedc=
-26,-25,TITh55BpZq77YTC89UbomLXPrdM=,ix6ZlRyxrZB4lUMStL8keC99zN8=
-25,-23,TITh55BpZq77YTC89UbomLXPrdM=,eQ9MNhGvDQDOe2jeL1Qefksvedc=
-26,-23,TITh55BpZq77YTC89UbomLXPrdM=,eQ9MNhGvDQDOe2jeL1Qefksvedc=
-27,-23,TITh55BpZq77YTC89UbomLXPrdM=,eQ9MNhGvDQDOe2jeL1Qefksvedc=
-28,-23,TITh55BpZq77YTC89UbomLXPrdM=,eQ9MNhGvDQDOe2jeL1Qefksvedc=
-28,-25,TITh55BpZq77YTC89UbomLXPrdM=,ix6ZlRyxrZB4lUMStL8keC99zN8=
-27,-25,TITh55BpZq77YTC89UbomLXPrdM=,ix6ZlRyxrZB4lUMStL8keC99zN8=
-25,-22,TITh55BpZq77YTC89UbomLXPrdM=,eQ9MNhGvDQDOe2jeL1Qefksvedc=
-26,-22,TITh55BpZq77YTC89UbomLXPrdM=,eQ9MNhGvDQDOe2jeL1Qefksvedc=
-32,-21,TITh55BpZq77YTC89UbomLXPrdM=,eQ9MNhGvDQDOe2jeL1Qefksvedc=
-27,-22,TITh55BpZq77YTC89UbomLXPrdM=,eQ9MNhGvDQDOe2jeL1Qefksvedc=
-24,-21,TITh55BpZq77YTC89UbomLXPrdM=,75DIHIAh2F8u67Xom0JTL2JyRHc=
-28,-22,TITh55BpZq77YTC89UbomLXPrdM=,eQ9MNhGvDQDOe2jeL1Qefksvedc=
-32,-20,TITh55BpZq77YTC89UbomLXPrdM=,eQ9MNhGvDQDOe2jeL1Qefksvedc=
-30,-23,TITh55BpZq77YTC89UbomLXPrdM=,eQ9MNhGvDQDOe2jeL1Qefksvedc=
-30,-20,TITh55BpZq77YTC89UbomLXPrdM=,eQ9MNhGvDQDOe2jeL1Qefksvedc=
-29,-20,TITh55BpZq77YTC89UbomLXPrdM=,eQ9MNhGvDQDOe2jeL1Qefksvedc=
-27,-20,TITh55BpZq77YTC89UbomLXPrdM=,eQ9MNhGvDQDOe2jeL1Qefksvedc=
-28,-20,TITh55BpZq77YTC89UbomLXPrdM=,eQ9MNhGvDQDOe2jeL1Qefksvedc=
-31,-20,TITh55BpZq77YTC89UbomLXPrdM=,eQ9MNhGvDQDOe2jeL1Qefksvedc=
-31,-19,TITh55BpZq77YTC89UbomLXPrdM=,eQ9MNhGvDQDOe2jeL1Qefksvedc=
-26,-20,TITh55BpZq77YTC89UbomLXPrdM=,eQ9MNhGvDQDOe2jeL1Qefksvedc=
-32,-19,TITh55BpZq77YTC89UbomLXPrdM=,eQ9MNhGvDQDOe2jeL1Qefksvedc=
-30,-19,TITh55BpZq77YTC89UbomLXPrdM=,eQ9MNhGvDQDOe2jeL1Qefksvedc=
-29,-19,TITh55BpZq77YTC89UbomLXPrdM=,eQ9MNhGvDQDOe2jeL1Qefksvedc=
-28,-19,TITh55BpZq77YTC89UbomLXPrdM=,eQ9MNhGvDQDOe2jeL1Qefksvedc=
-26,-19,TITh55BpZq77YTC89UbomLXPrdM=,eQ9MNhGvDQDOe2jeL1Qefksvedc=
-25,-20,TITh55BpZq77YTC89UbomLXPrdM=,eQ9MNhGvDQDOe2jeL1Qefksvedc=
-27,-19,TITh55BpZq77YTC89UbomLXPrdM=,eQ9MNhGvDQDOe2jeL1Qefksvedc=
-32,-18,TITh55BpZq77YTC89UbomLXPrdM=,eQ9MNhGvDQDOe2jeL1Qefksvedc=
-31,-17,TITh55BpZq77YTC89UbomLXPrdM=,eQ9MNhGvDQDOe2jeL1Qefksvedc=
-31,-18,TITh55BpZq77YTC89UbomLXPrdM=,eQ9MNhGvDQDOe2jeL1Qefksvedc=
-30,-18,TITh55BpZq77YTC89UbomLXPrdM=,eQ9MNhGvDQDOe2jeL1Qefksvedc=
-29,-18,TITh55BpZq77YTC89UbomLXPrdM=,eQ9MNhGvDQDOe2jeL1Qefksvedc=
-27,-18,TITh55BpZq77YTC89UbomLXPrdM=,eQ9MNhGvDQDOe2jeL1Qefksvedc=
-28,-18,TITh55BpZq77YTC89UbomLXPrdM=,eQ9MNhGvDQDOe2jeL1Qefksvedc=
-25,-19,TITh55BpZq77YTC89UbomLXPrdM=,eQ9MNhGvDQDOe2jeL1Qefksvedc=
-32,-17,TITh55BpZq77YTC89UbomLXPrdM=,eQ9MNhGvDQDOe2jeL1Qefksvedc=
-26,-18,TITh55BpZq77YTC89UbomLXPrdM=,eQ9MNhGvDQDOe2jeL1Qefksvedc=
-31,-21,TITh55BpZq77YTC89UbomLXPrdM=,eQ9MNhGvDQDOe2jeL1Qefksvedc=
-25,-18,TITh55BpZq77YTC89UbomLXPrdM=,eQ9MNhGvDQDOe2jeL1Qefksvedc=
-20,-6,TITh55BpZq77YTC89UbomLXPrdM=,0kb3l62YJom3fpYib0UhUBhRN3U=
-19,-6,TITh55BpZq77YTC89UbomLXPrdM=,0kb3l62YJom3fpYib0UhUBhRN3U=
-21,-6,TITh55BpZq77YTC89UbomLXPrdM=,0kb3l62YJom3fpYib0UhUBhRN3U=
-19,-2,TITh55BpZq77YTC89UbomLXPrdM=,0kb3l62YJom3fpYib0UhUBhRN3U=
-22,-6,TITh55BpZq77YTC89UbomLXPrdM=,0kb3l62YJom3fpYib0UhUBhRN3U=
-23,-6,TITh55BpZq77YTC89UbomLXPrdM=,0kb3l62YJom3fpYib0UhUBhRN3U=
-20,-2,TITh55BpZq77YTC89UbomLXPrdM=,0kb3l62YJom3fpYib0UhUBhRN3U=
-18,-3,TITh55BpZq77YTC89UbomLXPrdM=,0kb3l62YJom3fpYib0UhUBhRN3U=
-19,-3,TITh55BpZq77YTC89UbomLXPrdM=,0kb3l62YJom3fpYib0UhUBhRN3U=
-23,-3,TITh55BpZq77YTC89UbomLXPrdM=,0kb3l62YJom3fpYib0UhUBhRN3U=
-21,-2,TITh55BpZq77YTC89UbomLXPrdM=,0kb3l62YJom3fpYib0UhUBhRN3U=
-20,-3,TITh55BpZq77YTC89UbomLXPrdM=,0kb3l62YJom3fpYib0UhUBhRN3U=
-23,-4,TITh55BpZq77YTC89UbomLXPrdM=,0kb3l62YJom3fpYib0UhUBhRN3U=
-28,-11,TITh55BpZq77YTC89UbomLXPrdM=,eov6yb3KB/TLkQIOYT9Dudl6oNo=
-18,-7,TITh55BpZq77YTC89UbomLXPrdM=,0kb3l62YJom3fpYib0UhUBhRN3U=
-27,-11,TITh55BpZq77YTC89UbomLXPrdM=,eov6yb3KB/TLkQIOYT9Dudl6oNo=
-26,-11,TITh55BpZq77YTC89UbomLXPrdM=,eov6yb3KB/TLkQIOYT9Dudl6oNo=
-31,-15,TITh55BpZq77YTC89UbomLXPrdM=,eov6yb3KB/TLkQIOYT9Dudl6oNo=
-29,-15,TITh55BpZq77YTC89UbomLXPrdM=,eov6yb3KB/TLkQIOYT9Dudl6oNo=
-30,-15,TITh55BpZq77YTC89UbomLXPrdM=,eov6yb3KB/TLkQIOYT9Dudl6oNo=
-26,-15,TITh55BpZq77YTC89UbomLXPrdM=,eov6yb3KB/TLkQIOYT9Dudl6oNo=
-27,-15,TITh55BpZq77YTC89UbomLXPrdM=,eov6yb3KB/TLkQIOYT9Dudl6oNo=
-30,-10,TITh55BpZq77YTC89UbomLXPrdM=,eov6yb3KB/TLkQIOYT9Dudl6oNo=
-28,-15,TITh55BpZq77YTC89UbomLXPrdM=,eov6yb3KB/TLkQIOYT9Dudl6oNo=
-31,-10,TITh55BpZq77YTC89UbomLXPrdM=,eov6yb3KB/TLkQIOYT9Dudl6oNo=
-29,-10,TITh55BpZq77YTC89UbomLXPrdM=,eov6yb3KB/TLkQIOYT9Dudl6oNo=
-28,-10,TITh55BpZq77YTC89UbomLXPrdM=,eov6yb3KB/TLkQIOYT9Dudl6oNo=
-27,-10,TITh55BpZq77YTC89UbomLXPrdM=,eov6yb3KB/TLkQIOYT9Dudl6oNo=
-26,-10,TITh55BpZq77YTC89UbomLXPrdM=,eov6yb3KB/TLkQIOYT9Dudl6oNo=
-31,-14,TITh55BpZq77YTC89UbomLXPrdM=,eov6yb3KB/TLkQIOYT9Dudl6oNo=
-30,-14,TITh55BpZq77YTC89UbomLXPrdM=,eov6yb3KB/TLkQIOYT9Dudl6oNo=
-29,-14,TITh55BpZq77YTC89UbomLXPrdM=,eov6yb3KB/TLkQIOYT9Dudl6oNo=
-27,-14,TITh55BpZq77YTC89UbomLXPrdM=,eov6yb3KB/TLkQIOYT9Dudl6oNo=
-28,-14,TITh55BpZq77YTC89UbomLXPrdM=,eov6yb3KB/TLkQIOYT9Dudl6oNo=
-26,-14,TITh55BpZq77YTC89UbomLXPrdM=,eov6yb3KB/TLkQIOYT9Dudl6oNo=
-31,-13,TITh55BpZq77YTC89UbomLXPrdM=,eov6yb3KB/TLkQIOYT9Dudl6oNo=
-29,-13,TITh55BpZq77YTC89UbomLXPrdM=,eov6yb3KB/TLkQIOYT9Dudl6oNo=
-30,-13,TITh55BpZq77YTC89UbomLXPrdM=,eov6yb3KB/TLkQIOYT9Dudl6oNo=
-27,-13,TITh55BpZq77YTC89UbomLXPrdM=,eov6yb3KB/TLkQIOYT9Dudl6oNo=
-28,-13,TITh55BpZq77YTC89UbomLXPrdM=,eov6yb3KB/TLkQIOYT9Dudl6oNo=
-31,-12,TITh55BpZq77YTC89UbomLXPrdM=,eov6yb3KB/TLkQIOYT9Dudl6oNo=
-26,-13,TITh55BpZq77YTC89UbomLXPrdM=,eov6yb3KB/TLkQIOYT9Dudl6oNo=
-29,-12,TITh55BpZq77YTC89UbomLXPrdM=,eov6yb3KB/TLkQIOYT9Dudl6oNo=
-28,-12,TITh55BpZq77YTC89UbomLXPrdM=,eov6yb3KB/TLkQIOYT9Dudl6oNo=
-27,-12,TITh55BpZq77YTC89UbomLXPrdM=,eov6yb3KB/TLkQIOYT9Dudl6oNo=
-26,-12,TITh55BpZq77YTC89UbomLXPrdM=,eov6yb3KB/TLkQIOYT9Dudl6oNo=
-31,-11,TITh55BpZq77YTC89UbomLXPrdM=,eov6yb3KB/TLkQIOYT9Dudl6oNo=
-30,-12,TITh55BpZq77YTC89UbomLXPrdM=,eov6yb3KB/TLkQIOYT9Dudl6oNo=
-29,-11,TITh55BpZq77YTC89UbomLXPrdM=,eov6yb3KB/TLkQIOYT9Dudl6oNo=
-18,-5,TITh55BpZq77YTC89UbomLXPrdM=,0kb3l62YJom3fpYib0UhUBhRN3U=
-30,-11,TITh55BpZq77YTC89UbomLXPrdM=,eov6yb3KB/TLkQIOYT9Dudl6oNo=
-19,-5,TITh55BpZq77YTC89UbomLXPrdM=,0kb3l62YJom3fpYib0UhUBhRN3U=
-20,-5,TITh55BpZq77YTC89UbomLXPrdM=,0kb3l62YJom3fpYib0UhUBhRN3U=
-21,-5,TITh55BpZq77YTC89UbomLXPrdM=,0kb3l62YJom3fpYib0UhUBhRN3U=
-21,-7,TITh55BpZq77YTC89UbomLXPrdM=,0kb3l62YJom3fpYib0UhUBhRN3U=
-23,-7,TITh55BpZq77YTC89UbomLXPrdM=,0kb3l62YJom3fpYib0UhUBhRN3U=
-22,-7,TITh55BpZq77YTC89UbomLXPrdM=,0kb3l62YJom3fpYib0UhUBhRN3U=
-19,-7,TITh55BpZq77YTC89UbomLXPrdM=,0kb3l62YJom3fpYib0UhUBhRN3U=
-21,-3,TITh55BpZq77YTC89UbomLXPrdM=,0kb3l62YJom3fpYib0UhUBhRN3U=
-22,-5,TITh55BpZq77YTC89UbomLXPrdM=,0kb3l62YJom3fpYib0UhUBhRN3U=
-20,-7,TITh55BpZq77YTC89UbomLXPrdM=,0kb3l62YJom3fpYib0UhUBhRN3U=
-22,-2,TITh55BpZq77YTC89UbomLXPrdM=,0kb3l62YJom3fpYib0UhUBhRN3U=
-18,-4,TITh55BpZq77YTC89UbomLXPrdM=,0kb3l62YJom3fpYib0UhUBhRN3U=
-19,-4,TITh55BpZq77YTC89UbomLXPrdM=,0kb3l62YJom3fpYib0UhUBhRN3U=
-18,-2,TITh55BpZq77YTC89UbomLXPrdM=,0kb3l62YJom3fpYib0UhUBhRN3U=
-22,-3,TITh55BpZq77YTC89UbomLXPrdM=,0kb3l62YJom3fpYib0UhUBhRN3U=
-20,-4,TITh55BpZq77YTC89UbomLXPrdM=,0kb3l62YJom3fpYib0UhUBhRN3U=
-21,-4,TITh55BpZq77YTC89UbomLXPrdM=,0kb3l62YJom3fpYib0UhUBhRN3U=
-23,-2,TITh55BpZq77YTC89UbomLXPrdM=,0kb3l62YJom3fpYib0UhUBhRN3U=
-22,-4,TITh55BpZq77YTC89UbomLXPrdM=,0kb3l62YJom3fpYib0UhUBhRN3U=
-23,-5,TITh55BpZq77YTC89UbomLXPrdM=,0kb3l62YJom3fpYib0UhUBhRN3U=
-18,-6,TITh55BpZq77YTC89UbomLXPrdM=,0kb3l62YJom3fpYib0UhUBhRN3U=
-24,-5,TITh55BpZq77YTC89UbomLXPrdM=,0kb3l62YJom3fpYib0UhUBhRN3U=
-28,-5,TITh55BpZq77YTC89UbomLXPrdM=,JzKaC9mME7WuEPCIB8n4dyDOP4s=
-27,-5,TITh55BpZq77YTC89UbomLXPrdM=,JzKaC9mME7WuEPCIB8n4dyDOP4s=
-26,-5,TITh55BpZq77YTC89UbomLXPrdM=,JzKaC9mME7WuEPCIB8n4dyDOP4s=
-25,-5,TITh55BpZq77YTC89UbomLXPrdM=,JzKaC9mME7WuEPCIB8n4dyDOP4s=
-32,-4,TITh55BpZq77YTC89UbomLXPrdM=,JzKaC9mME7WuEPCIB8n4dyDOP4s=
-31,-4,TITh55BpZq77YTC89UbomLXPrdM=,JzKaC9mME7WuEPCIB8n4dyDOP4s=
-30,-4,TITh55BpZq77YTC89UbomLXPrdM=,JzKaC9mME7WuEPCIB8n4dyDOP4s=
-29,-4,TITh55BpZq77YTC89UbomLXPrdM=,JzKaC9mME7WuEPCIB8n4dyDOP4s=
-28,-4,TITh55BpZq77YTC89UbomLXPrdM=,JzKaC9mME7WuEPCIB8n4dyDOP4s=
-27,-4,TITh55BpZq77YTC89UbomLXPrdM=,JzKaC9mME7WuEPCIB8n4dyDOP4s=
-24,-2,TITh55BpZq77YTC89UbomLXPrdM=,0kb3l62YJom3fpYib0UhUBhRN3U=
-31,-9,TITh55BpZq77YTC89UbomLXPrdM=,eov6yb3KB/TLkQIOYT9Dudl6oNo=
-29,-9,TITh55BpZq77YTC89UbomLXPrdM=,eov6yb3KB/TLkQIOYT9Dudl6oNo=
-28,-9,TITh55BpZq77YTC89UbomLXPrdM=,eov6yb3KB/TLkQIOYT9Dudl6oNo=
-26,-9,TITh55BpZq77YTC89UbomLXPrdM=,eov6yb3KB/TLkQIOYT9Dudl6oNo=
-27,-9,TITh55BpZq77YTC89UbomLXPrdM=,eov6yb3KB/TLkQIOYT9Dudl6oNo=
-24,-4,TITh55BpZq77YTC89UbomLXPrdM=,0kb3l62YJom3fpYib0UhUBhRN3U=
-31,-8,TITh55BpZq77YTC89UbomLXPrdM=,JzKaC9mME7WuEPCIB8n4dyDOP4s=
-24,-7,TITh55BpZq77YTC89UbomLXPrdM=,0kb3l62YJom3fpYib0UhUBhRN3U=
-26,-4,TITh55BpZq77YTC89UbomLXPrdM=,JzKaC9mME7WuEPCIB8n4dyDOP4s=
-25,-4,TITh55BpZq77YTC89UbomLXPrdM=,JzKaC9mME7WuEPCIB8n4dyDOP4s=
-30,-8,TITh55BpZq77YTC89UbomLXPrdM=,JzKaC9mME7WuEPCIB8n4dyDOP4s=
-32,-3,TITh55BpZq77YTC89UbomLXPrdM=,JzKaC9mME7WuEPCIB8n4dyDOP4s=
-31,-3,TITh55BpZq77YTC89UbomLXPrdM=,JzKaC9mME7WuEPCIB8n4dyDOP4s=
-30,-9,TITh55BpZq77YTC89UbomLXPrdM=,eov6yb3KB/TLkQIOYT9Dudl6oNo=
-29,-3,TITh55BpZq77YTC89UbomLXPrdM=,JzKaC9mME7WuEPCIB8n4dyDOP4s=
-30,-3,TITh55BpZq77YTC89UbomLXPrdM=,JzKaC9mME7WuEPCIB8n4dyDOP4s=
-28,-3,TITh55BpZq77YTC89UbomLXPrdM=,JzKaC9mME7WuEPCIB8n4dyDOP4s=
-29,-8,TITh55BpZq77YTC89UbomLXPrdM=,JzKaC9mME7WuEPCIB8n4dyDOP4s=
-28,-8,TITh55BpZq77YTC89UbomLXPrdM=,JzKaC9mME7WuEPCIB8n4dyDOP4s=
-27,-3,TITh55BpZq77YTC89UbomLXPrdM=,JzKaC9mME7WuEPCIB8n4dyDOP4s=
-25,-3,TITh55BpZq77YTC89UbomLXPrdM=,JzKaC9mME7WuEPCIB8n4dyDOP4s=
-27,-8,TITh55BpZq77YTC89UbomLXPrdM=,JzKaC9mME7WuEPCIB8n4dyDOP4s=
-32,-2,TITh55BpZq77YTC89UbomLXPrdM=,JzKaC9mME7WuEPCIB8n4dyDOP4s=
-26,-3,TITh55BpZq77YTC89UbomLXPrdM=,JzKaC9mME7WuEPCIB8n4dyDOP4s=
-26,-8,TITh55BpZq77YTC89UbomLXPrdM=,JzKaC9mME7WuEPCIB8n4dyDOP4s=
-31,-2,TITh55BpZq77YTC89UbomLXPrdM=,JzKaC9mME7WuEPCIB8n4dyDOP4s=
-30,-2,TITh55BpZq77YTC89UbomLXPrdM=,JzKaC9mME7WuEPCIB8n4dyDOP4s=
-29,-2,TITh55BpZq77YTC89UbomLXPrdM=,JzKaC9mME7WuEPCIB8n4dyDOP4s=
-27,-2,TITh55BpZq77YTC89UbomLXPrdM=,JzKaC9mME7WuEPCIB8n4dyDOP4s=
-26,-2,TITh55BpZq77YTC89UbomLXPrdM=,JzKaC9mME7WuEPCIB8n4dyDOP4s=
-28,-2,TITh55BpZq77YTC89UbomLXPrdM=,JzKaC9mME7WuEPCIB8n4dyDOP4s=
-24,-3,TITh55BpZq77YTC89UbomLXPrdM=,0kb3l62YJom3fpYib0UhUBhRN3U=
-31,-1,TITh55BpZq77YTC89UbomLXPrdM=,JzKaC9mME7WuEPCIB8n4dyDOP4s=
-25,-2,TITh55BpZq77YTC89UbomLXPrdM=,JzKaC9mME7WuEPCIB8n4dyDOP4s=
-30,-1,TITh55BpZq77YTC89UbomLXPrdM=,JzKaC9mME7WuEPCIB8n4dyDOP4s=
-28,-1,TITh55BpZq77YTC89UbomLXPrdM=,JzKaC9mME7WuEPCIB8n4dyDOP4s=
-32,-7,TITh55BpZq77YTC89UbomLXPrdM=,JzKaC9mME7WuEPCIB8n4dyDOP4s=
-29,-1,TITh55BpZq77YTC89UbomLXPrdM=,JzKaC9mME7WuEPCIB8n4dyDOP4s=
-31,-7,TITh55BpZq77YTC89UbomLXPrdM=,JzKaC9mME7WuEPCIB8n4dyDOP4s=
-30,-7,TITh55BpZq77YTC89UbomLXPrdM=,JzKaC9mME7WuEPCIB8n4dyDOP4s=
-29,-7,TITh55BpZq77YTC89UbomLXPrdM=,JzKaC9mME7WuEPCIB8n4dyDOP4s=
-28,-7,TITh55BpZq77YTC89UbomLXPrdM=,JzKaC9mME7WuEPCIB8n4dyDOP4s=
-27,-7,TITh55BpZq77YTC89UbomLXPrdM=,JzKaC9mME7WuEPCIB8n4dyDOP4s=
-26,-7,TITh55BpZq77YTC89UbomLXPrdM=,JzKaC9mME7WuEPCIB8n4dyDOP4s=
-25,-7,TITh55BpZq77YTC89UbomLXPrdM=,JzKaC9mME7WuEPCIB8n4dyDOP4s=
-32,-6,TITh55BpZq77YTC89UbomLXPrdM=,JzKaC9mME7WuEPCIB8n4dyDOP4s=
-24,-6,TITh55BpZq77YTC89UbomLXPrdM=,0kb3l62YJom3fpYib0UhUBhRN3U=
-31,-6,TITh55BpZq77YTC89UbomLXPrdM=,JzKaC9mME7WuEPCIB8n4dyDOP4s=
-30,-6,TITh55BpZq77YTC89UbomLXPrdM=,JzKaC9mME7WuEPCIB8n4dyDOP4s=
-29,-6,TITh55BpZq77YTC89UbomLXPrdM=,JzKaC9mME7WuEPCIB8n4dyDOP4s=
-28,-6,TITh55BpZq77YTC89UbomLXPrdM=,JzKaC9mME7WuEPCIB8n4dyDOP4s=
-20,-1,TITh55BpZq77YTC89UbomLXPrdM=,0kb3l62YJom3fpYib0UhUBhRN3U=
-19,-1,TITh55BpZq77YTC89UbomLXPrdM=,0kb3l62YJom3fpYib0UhUBhRN3U=
-18,-1,TITh55BpZq77YTC89UbomLXPrdM=,0kb3l62YJom3fpYib0UhUBhRN3U=
-24,-1,TITh55BpZq77YTC89UbomLXPrdM=,0kb3l62YJom3fpYib0UhUBhRN3U=
-23,-1,TITh55BpZq77YTC89UbomLXPrdM=,0kb3l62YJom3fpYib0UhUBhRN3U=
-22,-1,TITh55BpZq77YTC89UbomLXPrdM=,0kb3l62YJom3fpYib0UhUBhRN3U=
-21,-1,TITh55BpZq77YTC89UbomLXPrdM=,0kb3l62YJom3fpYib0UhUBhRN3U=
-25,-1,TITh55BpZq77YTC89UbomLXPrdM=,JzKaC9mME7WuEPCIB8n4dyDOP4s=
-27,-6,TITh55BpZq77YTC89UbomLXPrdM=,JzKaC9mME7WuEPCIB8n4dyDOP4s=
-25,-6,TITh55BpZq77YTC89UbomLXPrdM=,JzKaC9mME7WuEPCIB8n4dyDOP4s=
-32,-5,TITh55BpZq77YTC89UbomLXPrdM=,JzKaC9mME7WuEPCIB8n4dyDOP4s=
-26,-6,TITh55BpZq77YTC89UbomLXPrdM=,JzKaC9mME7WuEPCIB8n4dyDOP4s=
-31,-5,TITh55BpZq77YTC89UbomLXPrdM=,JzKaC9mME7WuEPCIB8n4dyDOP4s=
-30,-5,TITh55BpZq77YTC89UbomLXPrdM=,JzKaC9mME7WuEPCIB8n4dyDOP4s=
-27,-1,TITh55BpZq77YTC89UbomLXPrdM=,JzKaC9mME7WuEPCIB8n4dyDOP4s=
-26,-1,TITh55BpZq77YTC89UbomLXPrdM=,JzKaC9mME7WuEPCIB8n4dyDOP4s=
-29,-5,TITh55BpZq77YTC89UbomLXPrdM=,JzKaC9mME7WuEPCIB8n4dyDOP4s=
-17,-2,TITh55BpZq77YTC89UbomLXPrdM=,0kb3l62YJom3fpYib0UhUBhRN3U=
-17,-6,TITh55BpZq77YTC89UbomLXPrdM=,0kb3l62YJom3fpYib0UhUBhRN3U=
-17,-5,TITh55BpZq77YTC89UbomLXPrdM=,0kb3l62YJom3fpYib0UhUBhRN3U=
-17,-7,TITh55BpZq77YTC89UbomLXPrdM=,0kb3l62YJom3fpYib0UhUBhRN3U=
-17,-3,TITh55BpZq77YTC89UbomLXPrdM=,0kb3l62YJom3fpYib0UhUBhRN3U=
-32,-10,TITh55BpZq77YTC89UbomLXPrdM=,eov6yb3KB/TLkQIOYT9Dudl6oNo=
-32,-9,TITh55BpZq77YTC89UbomLXPrdM=,eov6yb3KB/TLkQIOYT9Dudl6oNo=
-32,-8,TITh55BpZq77YTC89UbomLXPrdM=,JzKaC9mME7WuEPCIB8n4dyDOP4s=
-17,-4,TITh55BpZq77YTC89UbomLXPrdM=,0kb3l62YJom3fpYib0UhUBhRN3U=
-32,-13,TITh55BpZq77YTC89UbomLXPrdM=,eov6yb3KB/TLkQIOYT9Dudl6oNo=
-32,-15,TITh55BpZq77YTC89UbomLXPrdM=,eov6yb3KB/TLkQIOYT9Dudl6oNo=
-32,-12,TITh55BpZq77YTC89UbomLXPrdM=,eov6yb3KB/TLkQIOYT9Dudl6oNo=
-32,-11,TITh55BpZq77YTC89UbomLXPrdM=,eov6yb3KB/TLkQIOYT9Dudl6oNo=
-32,-1,TITh55BpZq77YTC89UbomLXPrdM=,JzKaC9mME7WuEPCIB8n4dyDOP4s=
-17,-1,TITh55BpZq77YTC89UbomLXPrdM=,0kb3l62YJom3fpYib0UhUBhRN3U=
-32,-14,TITh55BpZq77YTC89UbomLXPrdM=,eov6yb3KB/TLkQIOYT9Dudl6oNo=
-32,-16,TITh55BpZq77YTC89UbomLXPrdM=,eov6yb3KB/TLkQIOYT9Dudl6oNo=
-31,-16,TITh55BpZq77YTC89UbomLXPrdM=,eov6yb3KB/TLkQIOYT9Dudl6oNo=
-30,-16,TITh55BpZq77YTC89UbomLXPrdM=,eov6yb3KB/TLkQIOYT9Dudl6oNo=
-28,-16,TITh55BpZq77YTC89UbomLXPrdM=,eov6yb3KB/TLkQIOYT9Dudl6oNo=
-29,-16,TITh55BpZq77YTC89UbomLXPrdM=,eov6yb3KB/TLkQIOYT9Dudl6oNo=
-27,-16,TITh55BpZq77YTC89UbomLXPrdM=,eov6yb3KB/TLkQIOYT9Dudl6oNo=
-26,-16,TITh55BpZq77YTC89UbomLXPrdM=,eov6yb3KB/TLkQIOYT9Dudl6oNo=
-21,-9,TITh55BpZq77YTC89UbomLXPrdM=,PiBECi4LdM6d1qgyypbvxWmax/4=
-25,-12,TITh55BpZq77YTC89UbomLXPrdM=,eov6yb3KB/TLkQIOYT9Dudl6oNo=
-20,-8,TITh55BpZq77YTC89UbomLXPrdM=,0kb3l62YJom3fpYib0UhUBhRN3U=
-23,-8,TITh55BpZq77YTC89UbomLXPrdM=,0kb3l62YJom3fpYib0UhUBhRN3U=
-23,-9,TITh55BpZq77YTC89UbomLXPrdM=,PiBECi4LdM6d1qgyypbvxWmax/4=
-25,-13,TITh55BpZq77YTC89UbomLXPrdM=,eov6yb3KB/TLkQIOYT9Dudl6oNo=
-22,-9,TITh55BpZq77YTC89UbomLXPrdM=,PiBECi4LdM6d1qgyypbvxWmax/4=
-21,-10,TITh55BpZq77YTC89UbomLXPrdM=,PiBECi4LdM6d1qgyypbvxWmax/4=
-22,-10,TITh55BpZq77YTC89UbomLXPrdM=,PiBECi4LdM6d1qgyypbvxWmax/4=
-17,-10,TITh55BpZq77YTC89UbomLXPrdM=,PiBECi4LdM6d1qgyypbvxWmax/4=
-23,-10,TITh55BpZq77YTC89UbomLXPrdM=,PiBECi4LdM6d1qgyypbvxWmax/4=
-24,-10,TITh55BpZq77YTC89UbomLXPrdM=,PiBECi4LdM6d1qgyypbvxWmax/4=
-24,-16,TITh55BpZq77YTC89UbomLXPrdM=,PiBECi4LdM6d1qgyypbvxWmax/4=
-23,-16,TITh55BpZq77YTC89UbomLXPrdM=,PiBECi4LdM6d1qgyypbvxWmax/4=
-24,-9,TITh55BpZq77YTC89UbomLXPrdM=,PiBECi4LdM6d1qgyypbvxWmax/4=
-22,-16,TITh55BpZq77YTC89UbomLXPrdM=,PiBECi4LdM6d1qgyypbvxWmax/4=
-21,-16,TITh55BpZq77YTC89UbomLXPrdM=,PiBECi4LdM6d1qgyypbvxWmax/4=
-19,-16,TITh55BpZq77YTC89UbomLXPrdM=,PiBECi4LdM6d1qgyypbvxWmax/4=
-18,-16,TITh55BpZq77YTC89UbomLXPrdM=,PiBECi4LdM6d1qgyypbvxWmax/4=
-17,-11,TITh55BpZq77YTC89UbomLXPrdM=,PiBECi4LdM6d1qgyypbvxWmax/4=
-17,-16,TITh55BpZq77YTC89UbomLXPrdM=,PiBECi4LdM6d1qgyypbvxWmax/4=
-24,-15,TITh55BpZq77YTC89UbomLXPrdM=,PiBECi4LdM6d1qgyypbvxWmax/4=
-20,-16,TITh55BpZq77YTC89UbomLXPrdM=,PiBECi4LdM6d1qgyypbvxWmax/4=
-20,-10,TITh55BpZq77YTC89UbomLXPrdM=,PiBECi4LdM6d1qgyypbvxWmax/4=
-22,-15,TITh55BpZq77YTC89UbomLXPrdM=,PiBECi4LdM6d1qgyypbvxWmax/4=
-21,-15,TITh55BpZq77YTC89UbomLXPrdM=,PiBECi4LdM6d1qgyypbvxWmax/4=
-23,-15,TITh55BpZq77YTC89UbomLXPrdM=,PiBECi4LdM6d1qgyypbvxWmax/4=
-20,-15,TITh55BpZq77YTC89UbomLXPrdM=,PiBECi4LdM6d1qgyypbvxWmax/4=
-19,-15,TITh55BpZq77YTC89UbomLXPrdM=,PiBECi4LdM6d1qgyypbvxWmax/4=
-18,-15,TITh55BpZq77YTC89UbomLXPrdM=,PiBECi4LdM6d1qgyypbvxWmax/4=
-18,-10,TITh55BpZq77YTC89UbomLXPrdM=,PiBECi4LdM6d1qgyypbvxWmax/4=
-25,-14,TITh55BpZq77YTC89UbomLXPrdM=,eov6yb3KB/TLkQIOYT9Dudl6oNo=
-18,-11,TITh55BpZq77YTC89UbomLXPrdM=,PiBECi4LdM6d1qgyypbvxWmax/4=
-21,-8,TITh55BpZq77YTC89UbomLXPrdM=,0kb3l62YJom3fpYib0UhUBhRN3U=
-21,-11,TITh55BpZq77YTC89UbomLXPrdM=,PiBECi4LdM6d1qgyypbvxWmax/4=
-22,-11,TITh55BpZq77YTC89UbomLXPrdM=,PiBECi4LdM6d1qgyypbvxWmax/4=
-23,-11,TITh55BpZq77YTC89UbomLXPrdM=,PiBECi4LdM6d1qgyypbvxWmax/4=
-24,-11,TITh55BpZq77YTC89UbomLXPrdM=,PiBECi4LdM6d1qgyypbvxWmax/4=
-20,-11,TITh55BpZq77YTC89UbomLXPrdM=,PiBECi4LdM6d1qgyypbvxWmax/4=
-19,-11,TITh55BpZq77YTC89UbomLXPrdM=,PiBECi4LdM6d1qgyypbvxWmax/4=
-19,-10,TITh55BpZq77YTC89UbomLXPrdM=,PiBECi4LdM6d1qgyypbvxWmax/4=
-25,-8,TITh55BpZq77YTC89UbomLXPrdM=,JzKaC9mME7WuEPCIB8n4dyDOP4s=
-22,-8,TITh55BpZq77YTC89UbomLXPrdM=,0kb3l62YJom3fpYib0UhUBhRN3U=
-24,-8,TITh55BpZq77YTC89UbomLXPrdM=,0kb3l62YJom3fpYib0UhUBhRN3U=
-25,-9,TITh55BpZq77YTC89UbomLXPrdM=,eov6yb3KB/TLkQIOYT9Dudl6oNo=
-17,-8,TITh55BpZq77YTC89UbomLXPrdM=,0kb3l62YJom3fpYib0UhUBhRN3U=
-17,-15,TITh55BpZq77YTC89UbomLXPrdM=,PiBECi4LdM6d1qgyypbvxWmax/4=
-19,-12,TITh55BpZq77YTC89UbomLXPrdM=,PiBECi4LdM6d1qgyypbvxWmax/4=
-17,-12,TITh55BpZq77YTC89UbomLXPrdM=,PiBECi4LdM6d1qgyypbvxWmax/4=
-25,-15,TITh55BpZq77YTC89UbomLXPrdM=,eov6yb3KB/TLkQIOYT9Dudl6oNo=
-25,-10,TITh55BpZq77YTC89UbomLXPrdM=,eov6yb3KB/TLkQIOYT9Dudl6oNo=
-20,-12,TITh55BpZq77YTC89UbomLXPrdM=,PiBECi4LdM6d1qgyypbvxWmax/4=
-21,-12,TITh55BpZq77YTC89UbomLXPrdM=,PiBECi4LdM6d1qgyypbvxWmax/4=
-22,-12,TITh55BpZq77YTC89UbomLXPrdM=,PiBECi4LdM6d1qgyypbvxWmax/4=
-24,-12,TITh55BpZq77YTC89UbomLXPrdM=,PiBECi4LdM6d1qgyypbvxWmax/4=
-18,-8,TITh55BpZq77YTC89UbomLXPrdM=,0kb3l62YJom3fpYib0UhUBhRN3U=
-23,-12,TITh55BpZq77YTC89UbomLXPrdM=,PiBECi4LdM6d1qgyypbvxWmax/4=
-17,-13,TITh55BpZq77YTC89UbomLXPrdM=,PiBECi4LdM6d1qgyypbvxWmax/4=
-19,-8,TITh55BpZq77YTC89UbomLXPrdM=,0kb3l62YJom3fpYib0UhUBhRN3U=
-20,-13,TITh55BpZq77YTC89UbomLXPrdM=,PiBECi4LdM6d1qgyypbvxWmax/4=
-21,-13,TITh55BpZq77YTC89UbomLXPrdM=,PiBECi4LdM6d1qgyypbvxWmax/4=
-22,-13,TITh55BpZq77YTC89UbomLXPrdM=,PiBECi4LdM6d1qgyypbvxWmax/4=
-18,-12,TITh55BpZq77YTC89UbomLXPrdM=,PiBECi4LdM6d1qgyypbvxWmax/4=
-24,-13,TITh55BpZq77YTC89UbomLXPrdM=,PiBECi4LdM6d1qgyypbvxWmax/4=
-19,-13,TITh55BpZq77YTC89UbomLXPrdM=,PiBECi4LdM6d1qgyypbvxWmax/4=
-23,-13,TITh55BpZq77YTC89UbomLXPrdM=,PiBECi4LdM6d1qgyypbvxWmax/4=
-25,-16,TITh55BpZq77YTC89UbomLXPrdM=,eov6yb3KB/TLkQIOYT9Dudl6oNo=
-20,-14,TITh55BpZq77YTC89UbomLXPrdM=,PiBECi4LdM6d1qgyypbvxWmax/4=
-19,-14,TITh55BpZq77YTC89UbomLXPrdM=,PiBECi4LdM6d1qgyypbvxWmax/4=
-18,-14,TITh55BpZq77YTC89UbomLXPrdM=,PiBECi4LdM6d1qgyypbvxWmax/4=
-22,-14,TITh55BpZq77YTC89UbomLXPrdM=,PiBECi4LdM6d1qgyypbvxWmax/4=
-21,-14,TITh55BpZq77YTC89UbomLXPrdM=,PiBECi4LdM6d1qgyypbvxWmax/4=
-25,-11,TITh55BpZq77YTC89UbomLXPrdM=,eov6yb3KB/TLkQIOYT9Dudl6oNo=
-17,-9,TITh55BpZq77YTC89UbomLXPrdM=,PiBECi4LdM6d1qgyypbvxWmax/4=
-18,-13,TITh55BpZq77YTC89UbomLXPrdM=,PiBECi4LdM6d1qgyypbvxWmax/4=
-24,-14,TITh55BpZq77YTC89UbomLXPrdM=,PiBECi4LdM6d1qgyypbvxWmax/4=
-20,-9,TITh55BpZq77YTC89UbomLXPrdM=,PiBECi4LdM6d1qgyypbvxWmax/4=
-23,-14,TITh55BpZq77YTC89UbomLXPrdM=,PiBECi4LdM6d1qgyypbvxWmax/4=
-18,-9,TITh55BpZq77YTC89UbomLXPrdM=,PiBECi4LdM6d1qgyypbvxWmax/4=
-17,-14,TITh55BpZq77YTC89UbomLXPrdM=,PiBECi4LdM6d1qgyypbvxWmax/4=
-19,-9,TITh55BpZq77YTC89UbomLXPrdM=,PiBECi4LdM6d1qgyypbvxWmax/4=
-13,-5,TITh55BpZq77YTC89UbomLXPrdM=,cU+VljmbzI4yhHa2qhmmGVV1XW8=
-12,-5,TITh55BpZq77YTC89UbomLXPrdM=,cU+VljmbzI4yhHa2qhmmGVV1XW8=
-11,-5,TITh55BpZq77YTC89UbomLXPrdM=,cU+VljmbzI4yhHa2qhmmGVV1XW8=
-10,-5,TITh55BpZq77YTC89UbomLXPrdM=,cU+VljmbzI4yhHa2qhmmGVV1XW8=
-15,-4,TITh55BpZq77YTC89UbomLXPrdM=,cU+VljmbzI4yhHa2qhmmGVV1XW8=
-14,-4,TITh55BpZq77YTC89UbomLXPrdM=,cU+VljmbzI4yhHa2qhmmGVV1XW8=
-13,-4,TITh55BpZq77YTC89UbomLXPrdM=,cU+VljmbzI4yhHa2qhmmGVV1XW8=
-12,-4,TITh55BpZq77YTC89UbomLXPrdM=,cU+VljmbzI4yhHa2qhmmGVV1XW8=
-11,-4,TITh55BpZq77YTC89UbomLXPrdM=,cU+VljmbzI4yhHa2qhmmGVV1XW8=
-10,-4,TITh55BpZq77YTC89UbomLXPrdM=,cU+VljmbzI4yhHa2qhmmGVV1XW8=
-15,-3,TITh55BpZq77YTC89UbomLXPrdM=,cU+VljmbzI4yhHa2qhmmGVV1XW8=
-14,-3,TITh55BpZq77YTC89UbomLXPrdM=,cU+VljmbzI4yhHa2qhmmGVV1XW8=
-13,-3,TITh55BpZq77YTC89UbomLXPrdM=,cU+VljmbzI4yhHa2qhmmGVV1XW8=
-12,-3,TITh55BpZq77YTC89UbomLXPrdM=,cU+VljmbzI4yhHa2qhmmGVV1XW8=
-11,-3,TITh55BpZq77YTC89UbomLXPrdM=,cU+VljmbzI4yhHa2qhmmGVV1XW8=
-10,-3,TITh55BpZq77YTC89UbomLXPrdM=,cU+VljmbzI4yhHa2qhmmGVV1XW8=
-15,-2,TITh55BpZq77YTC89UbomLXPrdM=,cU+VljmbzI4yhHa2qhmmGVV1XW8=
-14,-2,TITh55BpZq77YTC89UbomLXPrdM=,cU+VljmbzI4yhHa2qhmmGVV1XW8=
-13,-2,TITh55BpZq77YTC89UbomLXPrdM=,cU+VljmbzI4yhHa2qhmmGVV1XW8=
-12,-2,TITh55BpZq77YTC89UbomLXPrdM=,cU+VljmbzI4yhHa2qhmmGVV1XW8=
-11,-2,TITh55BpZq77YTC89UbomLXPrdM=,cU+VljmbzI4yhHa2qhmmGVV1XW8=
-15,-7,TITh55BpZq77YTC89UbomLXPrdM=,cU+VljmbzI4yhHa2qhmmGVV1XW8=
-10,-2,TITh55BpZq77YTC89UbomLXPrdM=,cU+VljmbzI4yhHa2qhmmGVV1XW8=
-14,-7,TITh55BpZq77YTC89UbomLXPrdM=,cU+VljmbzI4yhHa2qhmmGVV1XW8=
-13,-7,TITh55BpZq77YTC89UbomLXPrdM=,cU+VljmbzI4yhHa2qhmmGVV1XW8=
-12,-7,TITh55BpZq77YTC89UbomLXPrdM=,cU+VljmbzI4yhHa2qhmmGVV1XW8=
-11,-7,TITh55BpZq77YTC89UbomLXPrdM=,cU+VljmbzI4yhHa2qhmmGVV1XW8=
-10,-7,TITh55BpZq77YTC89UbomLXPrdM=,cU+VljmbzI4yhHa2qhmmGVV1XW8=
-15,-6,TITh55BpZq77YTC89UbomLXPrdM=,cU+VljmbzI4yhHa2qhmmGVV1XW8=
-14,-6,TITh55BpZq77YTC89UbomLXPrdM=,cU+VljmbzI4yhHa2qhmmGVV1XW8=
-13,-6,TITh55BpZq77YTC89UbomLXPrdM=,cU+VljmbzI4yhHa2qhmmGVV1XW8=
-12,-6,TITh55BpZq77YTC89UbomLXPrdM=,cU+VljmbzI4yhHa2qhmmGVV1XW8=
-11,-6,TITh55BpZq77YTC89UbomLXPrdM=,cU+VljmbzI4yhHa2qhmmGVV1XW8=
-10,-6,TITh55BpZq77YTC89UbomLXPrdM=,cU+VljmbzI4yhHa2qhmmGVV1XW8=
-15,-5,TITh55BpZq77YTC89UbomLXPrdM=,cU+VljmbzI4yhHa2qhmmGVV1XW8=
-14,-5,TITh55BpZq77YTC89UbomLXPrdM=,cU+VljmbzI4yhHa2qhmmGVV1XW8=
-15,-1,TITh55BpZq77YTC89UbomLXPrdM=,cU+VljmbzI4yhHa2qhmmGVV1XW8=
-14,-1,TITh55BpZq77YTC89UbomLXPrdM=,cU+VljmbzI4yhHa2qhmmGVV1XW8=
-13,-1,TITh55BpZq77YTC89UbomLXPrdM=,cU+VljmbzI4yhHa2qhmmGVV1XW8=
-12,-1,TITh55BpZq77YTC89UbomLXPrdM=,cU+VljmbzI4yhHa2qhmmGVV1XW8=
-11,-1,TITh55BpZq77YTC89UbomLXPrdM=,cU+VljmbzI4yhHa2qhmmGVV1XW8=
-10,-1,TITh55BpZq77YTC89UbomLXPrdM=,cU+VljmbzI4yhHa2qhmmGVV1XW8=
-16,-4,TITh55BpZq77YTC89UbomLXPrdM=,cU+VljmbzI4yhHa2qhmmGVV1XW8=
-16,-3,TITh55BpZq77YTC89UbomLXPrdM=,cU+VljmbzI4yhHa2qhmmGVV1XW8=
-16,-2,TITh55BpZq77YTC89UbomLXPrdM=,cU+VljmbzI4yhHa2qhmmGVV1XW8=
-16,-7,TITh55BpZq77YTC89UbomLXPrdM=,cU+VljmbzI4yhHa2qhmmGVV1XW8=
-16,-6,TITh55BpZq77YTC89UbomLXPrdM=,cU+VljmbzI4yhHa2qhmmGVV1XW8=
-16,-5,TITh55BpZq77YTC89UbomLXPrdM=,cU+VljmbzI4yhHa2qhmmGVV1XW8=
-16,-1,TITh55BpZq77YTC89UbomLXPrdM=,cU+VljmbzI4yhHa2qhmmGVV1XW8=
-9,-5,8nlFugKOeuwgxoMR6f8yH19f6EE=,cU+VljmbzI4yhHa2qhmmGVV1XW8=
-9,-1,8nlFugKOeuwgxoMR6f8yH19f6EE=,cU+VljmbzI4yhHa2qhmmGVV1XW8=
-2,-4,8nlFugKOeuwgxoMR6f8yH19f6EE=,R8q/DTEyl5tCcTxYAj5yQwZuzpU=
-8,-6,8nlFugKOeuwgxoMR6f8yH19f6EE=,R8q/DTEyl5tCcTxYAj5yQwZuzpU=
-5,-1,8nlFugKOeuwgxoMR6f8yH19f6EE=,R8q/DTEyl5tCcTxYAj5yQwZuzpU=
-3,-4,8nlFugKOeuwgxoMR6f8yH19f6EE=,R8q/DTEyl5tCcTxYAj5yQwZuzpU=
-8,-4,8nlFugKOeuwgxoMR6f8yH19f6EE=,R8q/DTEyl5tCcTxYAj5yQwZuzpU=
-4,-4,8nlFugKOeuwgxoMR6f8yH19f6EE=,R8q/DTEyl5tCcTxYAj5yQwZuzpU=
-9,-6,8nlFugKOeuwgxoMR6f8yH19f6EE=,cU+VljmbzI4yhHa2qhmmGVV1XW8=
-5,-4,8nlFugKOeuwgxoMR6f8yH19f6EE=,R8q/DTEyl5tCcTxYAj5yQwZuzpU=
-6,-4,8nlFugKOeuwgxoMR6f8yH19f6EE=,R8q/DTEyl5tCcTxYAj5yQwZuzpU=
-1,-7,8nlFugKOeuwgxoMR6f8yH19f6EE=,R8q/DTEyl5tCcTxYAj5yQwZuzpU=
-9,-2,8nlFugKOeuwgxoMR6f8yH19f6EE=,cU+VljmbzI4yhHa2qhmmGVV1XW8=
-6,-1,8nlFugKOeuwgxoMR6f8yH19f6EE=,R8q/DTEyl5tCcTxYAj5yQwZuzpU=
-9,-7,8nlFugKOeuwgxoMR6f8yH19f6EE=,cU+VljmbzI4yhHa2qhmmGVV1XW8=
-1,-5,8nlFugKOeuwgxoMR6f8yH19f6EE=,R8q/DTEyl5tCcTxYAj5yQwZuzpU=
-7,-4,8nlFugKOeuwgxoMR6f8yH19f6EE=,R8q/DTEyl5tCcTxYAj5yQwZuzpU=
-8,-5,8nlFugKOeuwgxoMR6f8yH19f6EE=,R8q/DTEyl5tCcTxYAj5yQwZuzpU=
-4,-3,8nlFugKOeuwgxoMR6f8yH19f6EE=,R8q/DTEyl5tCcTxYAj5yQwZuzpU=
-7,-1,8nlFugKOeuwgxoMR6f8yH19f6EE=,R8q/DTEyl5tCcTxYAj5yQwZuzpU=
-2,-5,8nlFugKOeuwgxoMR6f8yH19f6EE=,R8q/DTEyl5tCcTxYAj5yQwZuzpU=
-2,-7,8nlFugKOeuwgxoMR6f8yH19f6EE=,R8q/DTEyl5tCcTxYAj5yQwZuzpU=
-5,-3,8nlFugKOeuwgxoMR6f8yH19f6EE=,R8q/DTEyl5tCcTxYAj5yQwZuzpU=
-1,-6,8nlFugKOeuwgxoMR6f8yH19f6EE=,R8q/DTEyl5tCcTxYAj5yQwZuzpU=
-2,-6,8nlFugKOeuwgxoMR6f8yH19f6EE=,R8q/DTEyl5tCcTxYAj5yQwZuzpU=
-3,-6,8nlFugKOeuwgxoMR6f8yH19f6EE=,R8q/DTEyl5tCcTxYAj5yQwZuzpU=
-4,-6,8nlFugKOeuwgxoMR6f8yH19f6EE=,R8q/DTEyl5tCcTxYAj5yQwZuzpU=
-5,-6,8nlFugKOeuwgxoMR6f8yH19f6EE=,R8q/DTEyl5tCcTxYAj5yQwZuzpU=
-6,-3,8nlFugKOeuwgxoMR6f8yH19f6EE=,R8q/DTEyl5tCcTxYAj5yQwZuzpU=
-6,-6,8nlFugKOeuwgxoMR6f8yH19f6EE=,R8q/DTEyl5tCcTxYAj5yQwZuzpU=
-3,-7,8nlFugKOeuwgxoMR6f8yH19f6EE=,R8q/DTEyl5tCcTxYAj5yQwZuzpU=
-3,-5,8nlFugKOeuwgxoMR6f8yH19f6EE=,R8q/DTEyl5tCcTxYAj5yQwZuzpU=
-8,-1,8nlFugKOeuwgxoMR6f8yH19f6EE=,R8q/DTEyl5tCcTxYAj5yQwZuzpU=
-9,-3,8nlFugKOeuwgxoMR6f8yH19f6EE=,cU+VljmbzI4yhHa2qhmmGVV1XW8=
-4,-7,8nlFugKOeuwgxoMR6f8yH19f6EE=,R8q/DTEyl5tCcTxYAj5yQwZuzpU=
-2,-2,8nlFugKOeuwgxoMR6f8yH19f6EE=,R8q/DTEyl5tCcTxYAj5yQwZuzpU=
-3,-2,8nlFugKOeuwgxoMR6f8yH19f6EE=,R8q/DTEyl5tCcTxYAj5yQwZuzpU=
-4,-2,8nlFugKOeuwgxoMR6f8yH19f6EE=,R8q/DTEyl5tCcTxYAj5yQwZuzpU=
-4,-5,8nlFugKOeuwgxoMR6f8yH19f6EE=,R8q/DTEyl5tCcTxYAj5yQwZuzpU=
-5,-2,8nlFugKOeuwgxoMR6f8yH19f6EE=,R8q/DTEyl5tCcTxYAj5yQwZuzpU=
-6,-2,8nlFugKOeuwgxoMR6f8yH19f6EE=,R8q/DTEyl5tCcTxYAj5yQwZuzpU=
-7,-2,8nlFugKOeuwgxoMR6f8yH19f6EE=,R8q/DTEyl5tCcTxYAj5yQwZuzpU=
-9,-4,8nlFugKOeuwgxoMR6f8yH19f6EE=,cU+VljmbzI4yhHa2qhmmGVV1XW8=
-8,-2,8nlFugKOeuwgxoMR6f8yH19f6EE=,R8q/DTEyl5tCcTxYAj5yQwZuzpU=
-5,-5,8nlFugKOeuwgxoMR6f8yH19f6EE=,R8q/DTEyl5tCcTxYAj5yQwZuzpU=
-6,-5,8nlFugKOeuwgxoMR6f8yH19f6EE=,R8q/DTEyl5tCcTxYAj5yQwZuzpU=
-1,-3,8nlFugKOeuwgxoMR6f8yH19f6EE=,R8q/DTEyl5tCcTxYAj5yQwZuzpU=
-7,-5,8nlFugKOeuwgxoMR6f8yH19f6EE=,R8q/DTEyl5tCcTxYAj5yQwZuzpU=
-5,-7,8nlFugKOeuwgxoMR6f8yH19f6EE=,R8q/DTEyl5tCcTxYAj5yQwZuzpU=
-1,-2,8nlFugKOeuwgxoMR6f8yH19f6EE=,R8q/DTEyl5tCcTxYAj5yQwZuzpU=
-7,-3,8nlFugKOeuwgxoMR6f8yH19f6EE=,R8q/DTEyl5tCcTxYAj5yQwZuzpU=
-1,-1,8nlFugKOeuwgxoMR6f8yH19f6EE=,R8q/DTEyl5tCcTxYAj5yQwZuzpU=
-2,-3,8nlFugKOeuwgxoMR6f8yH19f6EE=,R8q/DTEyl5tCcTxYAj5yQwZuzpU=
-6,-7,8nlFugKOeuwgxoMR6f8yH19f6EE=,R8q/DTEyl5tCcTxYAj5yQwZuzpU=
-7,-7,8nlFugKOeuwgxoMR6f8yH19f6EE=,R8q/DTEyl5tCcTxYAj5yQwZuzpU=
-8,-7,8nlFugKOeuwgxoMR6f8yH19f6EE=,R8q/DTEyl5tCcTxYAj5yQwZuzpU=
-3,-1,8nlFugKOeuwgxoMR6f8yH19f6EE=,R8q/DTEyl5tCcTxYAj5yQwZuzpU=
-2,-1,8nlFugKOeuwgxoMR6f8yH19f6EE=,R8q/DTEyl5tCcTxYAj5yQwZuzpU=
-4,-1,8nlFugKOeuwgxoMR6f8yH19f6EE=,R8q/DTEyl5tCcTxYAj5yQwZuzpU=
-3,-3,8nlFugKOeuwgxoMR6f8yH19f6EE=,R8q/DTEyl5tCcTxYAj5yQwZuzpU=
-8,-3,8nlFugKOeuwgxoMR6f8yH19f6EE=,R8q/DTEyl5tCcTxYAj5yQwZuzpU=
-1,-4,8nlFugKOeuwgxoMR6f8yH19f6EE=,R8q/DTEyl5tCcTxYAj5yQwZuzpU=
-4,-11,8nlFugKOeuwgxoMR6f8yH19f6EE=,ju49ecX2kvO0Joi12cNUCo3kXGE=
-3,-11,8nlFugKOeuwgxoMR6f8yH19f6EE=,ju49ecX2kvO0Joi12cNUCo3kXGE=
-2,-11,8nlFugKOeuwgxoMR6f8yH19f6EE=,ju49ecX2kvO0Joi12cNUCo3kXGE=
-1,-11,8nlFugKOeuwgxoMR6f8yH19f6EE=,ju49ecX2kvO0Joi12cNUCo3kXGE=
-7,-10,8nlFugKOeuwgxoMR6f8yH19f6EE=,ju49ecX2kvO0Joi12cNUCo3kXGE=
-6,-10,8nlFugKOeuwgxoMR6f8yH19f6EE=,ju49ecX2kvO0Joi12cNUCo3kXGE=
-5,-10,8nlFugKOeuwgxoMR6f8yH19f6EE=,ju49ecX2kvO0Joi12cNUCo3kXGE=
-4,-10,8nlFugKOeuwgxoMR6f8yH19f6EE=,ju49ecX2kvO0Joi12cNUCo3kXGE=
-3,-10,8nlFugKOeuwgxoMR6f8yH19f6EE=,ju49ecX2kvO0Joi12cNUCo3kXGE=
-2,-10,8nlFugKOeuwgxoMR6f8yH19f6EE=,ju49ecX2kvO0Joi12cNUCo3kXGE=
-1,-10,8nlFugKOeuwgxoMR6f8yH19f6EE=,ju49ecX2kvO0Joi12cNUCo3kXGE=
-3,-8,8nlFugKOeuwgxoMR6f8yH19f6EE=,R8q/DTEyl5tCcTxYAj5yQwZuzpU=
-2,-8,8nlFugKOeuwgxoMR6f8yH19f6EE=,R8q/DTEyl5tCcTxYAj5yQwZuzpU=
-1,-8,8nlFugKOeuwgxoMR6f8yH19f6EE=,R8q/DTEyl5tCcTxYAj5yQwZuzpU=
-7,-8,8nlFugKOeuwgxoMR6f8yH19f6EE=,R8q/DTEyl5tCcTxYAj5yQwZuzpU=
-7,-9,8nlFugKOeuwgxoMR6f8yH19f6EE=,ju49ecX2kvO0Joi12cNUCo3kXGE=
-6,-9,8nlFugKOeuwgxoMR6f8yH19f6EE=,ju49ecX2kvO0Joi12cNUCo3kXGE=
-5,-9,8nlFugKOeuwgxoMR6f8yH19f6EE=,ju49ecX2kvO0Joi12cNUCo3kXGE=
-4,-9,8nlFugKOeuwgxoMR6f8yH19f6EE=,ju49ecX2kvO0Joi12cNUCo3kXGE=
-3,-9,8nlFugKOeuwgxoMR6f8yH19f6EE=,ju49ecX2kvO0Joi12cNUCo3kXGE=
-4,-8,8nlFugKOeuwgxoMR6f8yH19f6EE=,R8q/DTEyl5tCcTxYAj5yQwZuzpU=
-5,-11,8nlFugKOeuwgxoMR6f8yH19f6EE=,ju49ecX2kvO0Joi12cNUCo3kXGE=
-6,-11,8nlFugKOeuwgxoMR6f8yH19f6EE=,ju49ecX2kvO0Joi12cNUCo3kXGE=
-1,-12,8nlFugKOeuwgxoMR6f8yH19f6EE=,ju49ecX2kvO0Joi12cNUCo3kXGE=
-7,-11,8nlFugKOeuwgxoMR6f8yH19f6EE=,ju49ecX2kvO0Joi12cNUCo3kXGE=
-2,-12,8nlFugKOeuwgxoMR6f8yH19f6EE=,ju49ecX2kvO0Joi12cNUCo3kXGE=
-3,-12,8nlFugKOeuwgxoMR6f8yH19f6EE=,ju49ecX2kvO0Joi12cNUCo3kXGE=
-4,-12,8nlFugKOeuwgxoMR6f8yH19f6EE=,ju49ecX2kvO0Joi12cNUCo3kXGE=
-5,-12,8nlFugKOeuwgxoMR6f8yH19f6EE=,ju49ecX2kvO0Joi12cNUCo3kXGE=
-7,-12,8nlFugKOeuwgxoMR6f8yH19f6EE=,ju49ecX2kvO0Joi12cNUCo3kXGE=
-1,-13,8nlFugKOeuwgxoMR6f8yH19f6EE=,ju49ecX2kvO0Joi12cNUCo3kXGE=
-2,-13,8nlFugKOeuwgxoMR6f8yH19f6EE=,ju49ecX2kvO0Joi12cNUCo3kXGE=
-6,-12,8nlFugKOeuwgxoMR6f8yH19f6EE=,ju49ecX2kvO0Joi12cNUCo3kXGE=
-4,-13,8nlFugKOeuwgxoMR6f8yH19f6EE=,ju49ecX2kvO0Joi12cNUCo3kXGE=
-5,-13,8nlFugKOeuwgxoMR6f8yH19f6EE=,ju49ecX2kvO0Joi12cNUCo3kXGE=
-3,-13,8nlFugKOeuwgxoMR6f8yH19f6EE=,ju49ecX2kvO0Joi12cNUCo3kXGE=
-6,-13,8nlFugKOeuwgxoMR6f8yH19f6EE=,ju49ecX2kvO0Joi12cNUCo3kXGE=
-7,-13,8nlFugKOeuwgxoMR6f8yH19f6EE=,ju49ecX2kvO0Joi12cNUCo3kXGE=
-1,-14,8nlFugKOeuwgxoMR6f8yH19f6EE=,ju49ecX2kvO0Joi12cNUCo3kXGE=
-2,-14,8nlFugKOeuwgxoMR6f8yH19f6EE=,ju49ecX2kvO0Joi12cNUCo3kXGE=
-3,-14,8nlFugKOeuwgxoMR6f8yH19f6EE=,ju49ecX2kvO0Joi12cNUCo3kXGE=
-4,-14,8nlFugKOeuwgxoMR6f8yH19f6EE=,ju49ecX2kvO0Joi12cNUCo3kXGE=
-5,-8,8nlFugKOeuwgxoMR6f8yH19f6EE=,R8q/DTEyl5tCcTxYAj5yQwZuzpU=
-5,-14,8nlFugKOeuwgxoMR6f8yH19f6EE=,ju49ecX2kvO0Joi12cNUCo3kXGE=
-7,-14,8nlFugKOeuwgxoMR6f8yH19f6EE=,ju49ecX2kvO0Joi12cNUCo3kXGE=
-6,-14,8nlFugKOeuwgxoMR6f8yH19f6EE=,ju49ecX2kvO0Joi12cNUCo3kXGE=
-2,-15,8nlFugKOeuwgxoMR6f8yH19f6EE=,ju49ecX2kvO0Joi12cNUCo3kXGE=
-6,-8,8nlFugKOeuwgxoMR6f8yH19f6EE=,R8q/DTEyl5tCcTxYAj5yQwZuzpU=
-3,-15,8nlFugKOeuwgxoMR6f8yH19f6EE=,ju49ecX2kvO0Joi12cNUCo3kXGE=
-1,-15,8nlFugKOeuwgxoMR6f8yH19f6EE=,ju49ecX2kvO0Joi12cNUCo3kXGE=
-4,-15,8nlFugKOeuwgxoMR6f8yH19f6EE=,ju49ecX2kvO0Joi12cNUCo3kXGE=
-5,-15,8nlFugKOeuwgxoMR6f8yH19f6EE=,ju49ecX2kvO0Joi12cNUCo3kXGE=
-6,-15,8nlFugKOeuwgxoMR6f8yH19f6EE=,ju49ecX2kvO0Joi12cNUCo3kXGE=
-1,-9,8nlFugKOeuwgxoMR6f8yH19f6EE=,ju49ecX2kvO0Joi12cNUCo3kXGE=
-1,-16,8nlFugKOeuwgxoMR6f8yH19f6EE=,ju49ecX2kvO0Joi12cNUCo3kXGE=
-2,-9,8nlFugKOeuwgxoMR6f8yH19f6EE=,ju49ecX2kvO0Joi12cNUCo3kXGE=
-2,-16,8nlFugKOeuwgxoMR6f8yH19f6EE=,ju49ecX2kvO0Joi12cNUCo3kXGE=
-7,-15,8nlFugKOeuwgxoMR6f8yH19f6EE=,ju49ecX2kvO0Joi12cNUCo3kXGE=
-3,-16,8nlFugKOeuwgxoMR6f8yH19f6EE=,ju49ecX2kvO0Joi12cNUCo3kXGE=
-7,-16,8nlFugKOeuwgxoMR6f8yH19f6EE=,ju49ecX2kvO0Joi12cNUCo3kXGE=
-6,-16,8nlFugKOeuwgxoMR6f8yH19f6EE=,ju49ecX2kvO0Joi12cNUCo3kXGE=
-4,-16,8nlFugKOeuwgxoMR6f8yH19f6EE=,ju49ecX2kvO0Joi12cNUCo3kXGE=
-7,-6,8nlFugKOeuwgxoMR6f8yH19f6EE=,R8q/DTEyl5tCcTxYAj5yQwZuzpU=
-5,-16,8nlFugKOeuwgxoMR6f8yH19f6EE=,ju49ecX2kvO0Joi12cNUCo3kXGE=
-9,-9,8nlFugKOeuwgxoMR6f8yH19f6EE=,QXZvcjXoOQsmVqpfzJbdrTST2Zg=
-12,-13,8nlFugKOeuwgxoMR6f8yH19f6EE=,QXZvcjXoOQsmVqpfzJbdrTST2Zg=
-8,-10,8nlFugKOeuwgxoMR6f8yH19f6EE=,ju49ecX2kvO0Joi12cNUCo3kXGE=
-8,-8,8nlFugKOeuwgxoMR6f8yH19f6EE=,R8q/DTEyl5tCcTxYAj5yQwZuzpU=
-8,-9,8nlFugKOeuwgxoMR6f8yH19f6EE=,ju49ecX2kvO0Joi12cNUCo3kXGE=
-10,-13,8nlFugKOeuwgxoMR6f8yH19f6EE=,QXZvcjXoOQsmVqpfzJbdrTST2Zg=
-10,-9,8nlFugKOeuwgxoMR6f8yH19f6EE=,QXZvcjXoOQsmVqpfzJbdrTST2Zg=
-8,-16,8nlFugKOeuwgxoMR6f8yH19f6EE=,ju49ecX2kvO0Joi12cNUCo3kXGE=
-11,-13,8nlFugKOeuwgxoMR6f8yH19f6EE=,QXZvcjXoOQsmVqpfzJbdrTST2Zg=
-16,-16,8nlFugKOeuwgxoMR6f8yH19f6EE=,QXZvcjXoOQsmVqpfzJbdrTST2Zg=
-8,-15,8nlFugKOeuwgxoMR6f8yH19f6EE=,ju49ecX2kvO0Joi12cNUCo3kXGE=
-15,-16,8nlFugKOeuwgxoMR6f8yH19f6EE=,QXZvcjXoOQsmVqpfzJbdrTST2Zg=
-11,-9,8nlFugKOeuwgxoMR6f8yH19f6EE=,QXZvcjXoOQsmVqpfzJbdrTST2Zg=
-13,-13,8nlFugKOeuwgxoMR6f8yH19f6EE=,QXZvcjXoOQsmVqpfzJbdrTST2Zg=
-14,-16,8nlFugKOeuwgxoMR6f8yH19f6EE=,QXZvcjXoOQsmVqpfzJbdrTST2Zg=
-14,-13,8nlFugKOeuwgxoMR6f8yH19f6EE=,QXZvcjXoOQsmVqpfzJbdrTST2Zg=
-13,-9,8nlFugKOeuwgxoMR6f8yH19f6EE=,QXZvcjXoOQsmVqpfzJbdrTST2Zg=
-14,-9,8nlFugKOeuwgxoMR6f8yH19f6EE=,QXZvcjXoOQsmVqpfzJbdrTST2Zg=
-12,-9,8nlFugKOeuwgxoMR6f8yH19f6EE=,QXZvcjXoOQsmVqpfzJbdrTST2Zg=
-8,-11,8nlFugKOeuwgxoMR6f8yH19f6EE=,ju49ecX2kvO0Joi12cNUCo3kXGE=
-15,-9,8nlFugKOeuwgxoMR6f8yH19f6EE=,QXZvcjXoOQsmVqpfzJbdrTST2Zg=
-16,-13,8nlFugKOeuwgxoMR6f8yH19f6EE=,QXZvcjXoOQsmVqpfzJbdrTST2Zg=
-16,-9,8nlFugKOeuwgxoMR6f8yH19f6EE=,QXZvcjXoOQsmVqpfzJbdrTST2Zg=
-9,-14,8nlFugKOeuwgxoMR6f8yH19f6EE=,QXZvcjXoOQsmVqpfzJbdrTST2Zg=
-9,-10,8nlFugKOeuwgxoMR6f8yH19f6EE=,QXZvcjXoOQsmVqpfzJbdrTST2Zg=
-10,-10,8nlFugKOeuwgxoMR6f8yH19f6EE=,QXZvcjXoOQsmVqpfzJbdrTST2Zg=
-11,-10,8nlFugKOeuwgxoMR6f8yH19f6EE=,QXZvcjXoOQsmVqpfzJbdrTST2Zg=
-8,-12,8nlFugKOeuwgxoMR6f8yH19f6EE=,ju49ecX2kvO0Joi12cNUCo3kXGE=
-12,-10,8nlFugKOeuwgxoMR6f8yH19f6EE=,QXZvcjXoOQsmVqpfzJbdrTST2Zg=
-14,-10,8nlFugKOeuwgxoMR6f8yH19f6EE=,QXZvcjXoOQsmVqpfzJbdrTST2Zg=
-13,-10,8nlFugKOeuwgxoMR6f8yH19f6EE=,QXZvcjXoOQsmVqpfzJbdrTST2Zg=
-10,-14,8nlFugKOeuwgxoMR6f8yH19f6EE=,QXZvcjXoOQsmVqpfzJbdrTST2Zg=
-15,-13,8nlFugKOeuwgxoMR6f8yH19f6EE=,QXZvcjXoOQsmVqpfzJbdrTST2Zg=
-13,-16,8nlFugKOeuwgxoMR6f8yH19f6EE=,QXZvcjXoOQsmVqpfzJbdrTST2Zg=
-9,-13,8nlFugKOeuwgxoMR6f8yH19f6EE=,QXZvcjXoOQsmVqpfzJbdrTST2Zg=
-15,-12,8nlFugKOeuwgxoMR6f8yH19f6EE=,QXZvcjXoOQsmVqpfzJbdrTST2Zg=
-11,-14,8nlFugKOeuwgxoMR6f8yH19f6EE=,QXZvcjXoOQsmVqpfzJbdrTST2Zg=
-16,-12,8nlFugKOeuwgxoMR6f8yH19f6EE=,QXZvcjXoOQsmVqpfzJbdrTST2Zg=
-12,-14,8nlFugKOeuwgxoMR6f8yH19f6EE=,QXZvcjXoOQsmVqpfzJbdrTST2Zg=
-13,-14,8nlFugKOeuwgxoMR6f8yH19f6EE=,QXZvcjXoOQsmVqpfzJbdrTST2Zg=
-14,-12,8nlFugKOeuwgxoMR6f8yH19f6EE=,QXZvcjXoOQsmVqpfzJbdrTST2Zg=
-14,-14,8nlFugKOeuwgxoMR6f8yH19f6EE=,QXZvcjXoOQsmVqpfzJbdrTST2Zg=
-9,-15,8nlFugKOeuwgxoMR6f8yH19f6EE=,QXZvcjXoOQsmVqpfzJbdrTST2Zg=
-8,-13,8nlFugKOeuwgxoMR6f8yH19f6EE=,ju49ecX2kvO0Joi12cNUCo3kXGE=
-10,-8,8nlFugKOeuwgxoMR6f8yH19f6EE=,cU+VljmbzI4yhHa2qhmmGVV1XW8=
-9,-8,8nlFugKOeuwgxoMR6f8yH19f6EE=,cU+VljmbzI4yhHa2qhmmGVV1XW8=
-11,-8,8nlFugKOeuwgxoMR6f8yH19f6EE=,cU+VljmbzI4yhHa2qhmmGVV1XW8=
-12,-8,8nlFugKOeuwgxoMR6f8yH19f6EE=,cU+VljmbzI4yhHa2qhmmGVV1XW8=
-13,-8,8nlFugKOeuwgxoMR6f8yH19f6EE=,cU+VljmbzI4yhHa2qhmmGVV1XW8=
-14,-8,8nlFugKOeuwgxoMR6f8yH19f6EE=,cU+VljmbzI4yhHa2qhmmGVV1XW8=
-10,-15,8nlFugKOeuwgxoMR6f8yH19f6EE=,QXZvcjXoOQsmVqpfzJbdrTST2Zg=
-12,-16,8nlFugKOeuwgxoMR6f8yH19f6EE=,QXZvcjXoOQsmVqpfzJbdrTST2Zg=
-8,-14,8nlFugKOeuwgxoMR6f8yH19f6EE=,ju49ecX2kvO0Joi12cNUCo3kXGE=
-16,-14,8nlFugKOeuwgxoMR6f8yH19f6EE=,QXZvcjXoOQsmVqpfzJbdrTST2Zg=
-16,-10,8nlFugKOeuwgxoMR6f8yH19f6EE=,QXZvcjXoOQsmVqpfzJbdrTST2Zg=
-13,-12,8nlFugKOeuwgxoMR6f8yH19f6EE=,QXZvcjXoOQsmVqpfzJbdrTST2Zg=
-12,-12,8nlFugKOeuwgxoMR6f8yH19f6EE=,QXZvcjXoOQsmVqpfzJbdrTST2Zg=
-11,-12,8nlFugKOeuwgxoMR6f8yH19f6EE=,QXZvcjXoOQsmVqpfzJbdrTST2Zg=
-11,-15,8nlFugKOeuwgxoMR6f8yH19f6EE=,QXZvcjXoOQsmVqpfzJbdrTST2Zg=
-15,-8,8nlFugKOeuwgxoMR6f8yH19f6EE=,cU+VljmbzI4yhHa2qhmmGVV1XW8=
-9,-11,8nlFugKOeuwgxoMR6f8yH19f6EE=,QXZvcjXoOQsmVqpfzJbdrTST2Zg=
-16,-8,8nlFugKOeuwgxoMR6f8yH19f6EE=,cU+VljmbzI4yhHa2qhmmGVV1XW8=
-10,-11,8nlFugKOeuwgxoMR6f8yH19f6EE=,QXZvcjXoOQsmVqpfzJbdrTST2Zg=
-11,-11,8nlFugKOeuwgxoMR6f8yH19f6EE=,QXZvcjXoOQsmVqpfzJbdrTST2Zg=
-12,-11,8nlFugKOeuwgxoMR6f8yH19f6EE=,QXZvcjXoOQsmVqpfzJbdrTST2Zg=
-15,-14,8nlFugKOeuwgxoMR6f8yH19f6EE=,QXZvcjXoOQsmVqpfzJbdrTST2Zg=
-12,-15,8nlFugKOeuwgxoMR6f8yH19f6EE=,QXZvcjXoOQsmVqpfzJbdrTST2Zg=
-15,-15,8nlFugKOeuwgxoMR6f8yH19f6EE=,QXZvcjXoOQsmVqpfzJbdrTST2Zg=
-14,-15,8nlFugKOeuwgxoMR6f8yH19f6EE=,QXZvcjXoOQsmVqpfzJbdrTST2Zg=
-16,-15,8nlFugKOeuwgxoMR6f8yH19f6EE=,QXZvcjXoOQsmVqpfzJbdrTST2Zg=
-14,-11,8nlFugKOeuwgxoMR6f8yH19f6EE=,QXZvcjXoOQsmVqpfzJbdrTST2Zg=
-16,-11,8nlFugKOeuwgxoMR6f8yH19f6EE=,QXZvcjXoOQsmVqpfzJbdrTST2Zg=
-10,-12,8nlFugKOeuwgxoMR6f8yH19f6EE=,QXZvcjXoOQsmVqpfzJbdrTST2Zg=
-9,-12,8nlFugKOeuwgxoMR6f8yH19f6EE=,QXZvcjXoOQsmVqpfzJbdrTST2Zg=
-9,-16,8nlFugKOeuwgxoMR6f8yH19f6EE=,QXZvcjXoOQsmVqpfzJbdrTST2Zg=
-15,-11,8nlFugKOeuwgxoMR6f8yH19f6EE=,QXZvcjXoOQsmVqpfzJbdrTST2Zg=
-11,-16,8nlFugKOeuwgxoMR6f8yH19f6EE=,QXZvcjXoOQsmVqpfzJbdrTST2Zg=
-13,-15,8nlFugKOeuwgxoMR6f8yH19f6EE=,QXZvcjXoOQsmVqpfzJbdrTST2Zg=
-10,-16,8nlFugKOeuwgxoMR6f8yH19f6EE=,QXZvcjXoOQsmVqpfzJbdrTST2Zg=
-13,-11,8nlFugKOeuwgxoMR6f8yH19f6EE=,QXZvcjXoOQsmVqpfzJbdrTST2Zg=
-15,-10,8nlFugKOeuwgxoMR6f8yH19f6EE=,QXZvcjXoOQsmVqpfzJbdrTST2Zg=
-12,-17,8nlFugKOeuwgxoMR6f8yH19f6EE=,q1hpUXbPtU3kReHpAe58XV23nV4=
-16,-24,8nlFugKOeuwgxoMR6f8yH19f6EE=,q1hpUXbPtU3kReHpAe58XV23nV4=
-13,-17,8nlFugKOeuwgxoMR6f8yH19f6EE=,q1hpUXbPtU3kReHpAe58XV23nV4=
-15,-24,8nlFugKOeuwgxoMR6f8yH19f6EE=,q1hpUXbPtU3kReHpAe58XV23nV4=
-14,-17,8nlFugKOeuwgxoMR6f8yH19f6EE=,q1hpUXbPtU3kReHpAe58XV23nV4=
-14,-24,8nlFugKOeuwgxoMR6f8yH19f6EE=,q1hpUXbPtU3kReHpAe58XV23nV4=
-13,-24,8nlFugKOeuwgxoMR6f8yH19f6EE=,q1hpUXbPtU3kReHpAe58XV23nV4=
-15,-17,8nlFugKOeuwgxoMR6f8yH19f6EE=,q1hpUXbPtU3kReHpAe58XV23nV4=
-16,-17,8nlFugKOeuwgxoMR6f8yH19f6EE=,q1hpUXbPtU3kReHpAe58XV23nV4=
-11,-18,8nlFugKOeuwgxoMR6f8yH19f6EE=,q1hpUXbPtU3kReHpAe58XV23nV4=
-10,-18,8nlFugKOeuwgxoMR6f8yH19f6EE=,q1hpUXbPtU3kReHpAe58XV23nV4=
-12,-24,8nlFugKOeuwgxoMR6f8yH19f6EE=,q1hpUXbPtU3kReHpAe58XV23nV4=
-11,-24,8nlFugKOeuwgxoMR6f8yH19f6EE=,q1hpUXbPtU3kReHpAe58XV23nV4=
-10,-24,8nlFugKOeuwgxoMR6f8yH19f6EE=,q1hpUXbPtU3kReHpAe58XV23nV4=
-16,-23,8nlFugKOeuwgxoMR6f8yH19f6EE=,q1hpUXbPtU3kReHpAe58XV23nV4=
-12,-18,8nlFugKOeuwgxoMR6f8yH19f6EE=,q1hpUXbPtU3kReHpAe58XV23nV4=
-13,-18,8nlFugKOeuwgxoMR6f8yH19f6EE=,q1hpUXbPtU3kReHpAe58XV23nV4=
-14,-18,8nlFugKOeuwgxoMR6f8yH19f6EE=,q1hpUXbPtU3kReHpAe58XV23nV4=
-15,-18,8nlFugKOeuwgxoMR6f8yH19f6EE=,q1hpUXbPtU3kReHpAe58XV23nV4=
-15,-23,8nlFugKOeuwgxoMR6f8yH19f6EE=,q1hpUXbPtU3kReHpAe58XV23nV4=
-16,-18,8nlFugKOeuwgxoMR6f8yH19f6EE=,q1hpUXbPtU3kReHpAe58XV23nV4=
-12,-19,8nlFugKOeuwgxoMR6f8yH19f6EE=,q1hpUXbPtU3kReHpAe58XV23nV4=
-13,-19,8nlFugKOeuwgxoMR6f8yH19f6EE=,q1hpUXbPtU3kReHpAe58XV23nV4=
-14,-19,8nlFugKOeuwgxoMR6f8yH19f6EE=,q1hpUXbPtU3kReHpAe58XV23nV4=
-15,-19,8nlFugKOeuwgxoMR6f8yH19f6EE=,q1hpUXbPtU3kReHpAe58XV23nV4=
-16,-19,8nlFugKOeuwgxoMR6f8yH19f6EE=,q1hpUXbPtU3kReHpAe58XV23nV4=
-10,-20,8nlFugKOeuwgxoMR6f8yH19f6EE=,q1hpUXbPtU3kReHpAe58XV23nV4=
-11,-20,8nlFugKOeuwgxoMR6f8yH19f6EE=,q1hpUXbPtU3kReHpAe58XV23nV4=
-11,-19,8nlFugKOeuwgxoMR6f8yH19f6EE=,q1hpUXbPtU3kReHpAe58XV23nV4=
-12,-20,8nlFugKOeuwgxoMR6f8yH19f6EE=,q1hpUXbPtU3kReHpAe58XV23nV4=
-13,-20,8nlFugKOeuwgxoMR6f8yH19f6EE=,q1hpUXbPtU3kReHpAe58XV23nV4=
-14,-20,8nlFugKOeuwgxoMR6f8yH19f6EE=,q1hpUXbPtU3kReHpAe58XV23nV4=
-15,-20,8nlFugKOeuwgxoMR6f8yH19f6EE=,q1hpUXbPtU3kReHpAe58XV23nV4=
-16,-20,8nlFugKOeuwgxoMR6f8yH19f6EE=,q1hpUXbPtU3kReHpAe58XV23nV4=
-10,-21,8nlFugKOeuwgxoMR6f8yH19f6EE=,q1hpUXbPtU3kReHpAe58XV23nV4=
-11,-21,8nlFugKOeuwgxoMR6f8yH19f6EE=,q1hpUXbPtU3kReHpAe58XV23nV4=
-12,-21,8nlFugKOeuwgxoMR6f8yH19f6EE=,q1hpUXbPtU3kReHpAe58XV23nV4=
-10,-19,8nlFugKOeuwgxoMR6f8yH19f6EE=,q1hpUXbPtU3kReHpAe58XV23nV4=
-13,-21,8nlFugKOeuwgxoMR6f8yH19f6EE=,q1hpUXbPtU3kReHpAe58XV23nV4=
-14,-21,8nlFugKOeuwgxoMR6f8yH19f6EE=,q1hpUXbPtU3kReHpAe58XV23nV4=
-16,-21,8nlFugKOeuwgxoMR6f8yH19f6EE=,q1hpUXbPtU3kReHpAe58XV23nV4=
-15,-21,8nlFugKOeuwgxoMR6f8yH19f6EE=,q1hpUXbPtU3kReHpAe58XV23nV4=
-11,-22,8nlFugKOeuwgxoMR6f8yH19f6EE=,q1hpUXbPtU3kReHpAe58XV23nV4=
-12,-22,8nlFugKOeuwgxoMR6f8yH19f6EE=,q1hpUXbPtU3kReHpAe58XV23nV4=
-13,-22,8nlFugKOeuwgxoMR6f8yH19f6EE=,q1hpUXbPtU3kReHpAe58XV23nV4=
-15,-22,8nlFugKOeuwgxoMR6f8yH19f6EE=,q1hpUXbPtU3kReHpAe58XV23nV4=
-14,-22,8nlFugKOeuwgxoMR6f8yH19f6EE=,q1hpUXbPtU3kReHpAe58XV23nV4=
-10,-23,8nlFugKOeuwgxoMR6f8yH19f6EE=,q1hpUXbPtU3kReHpAe58XV23nV4=
-16,-22,8nlFugKOeuwgxoMR6f8yH19f6EE=,q1hpUXbPtU3kReHpAe58XV23nV4=
-12,-23,8nlFugKOeuwgxoMR6f8yH19f6EE=,q1hpUXbPtU3kReHpAe58XV23nV4=
-13,-23,8nlFugKOeuwgxoMR6f8yH19f6EE=,q1hpUXbPtU3kReHpAe58XV23nV4=
-11,-23,8nlFugKOeuwgxoMR6f8yH19f6EE=,q1hpUXbPtU3kReHpAe58XV23nV4=
-10,-22,8nlFugKOeuwgxoMR6f8yH19f6EE=,q1hpUXbPtU3kReHpAe58XV23nV4=
-14,-23,8nlFugKOeuwgxoMR6f8yH19f6EE=,q1hpUXbPtU3kReHpAe58XV23nV4=
-10,-17,8nlFugKOeuwgxoMR6f8yH19f6EE=,q1hpUXbPtU3kReHpAe58XV23nV4=
-11,-17,8nlFugKOeuwgxoMR6f8yH19f6EE=,q1hpUXbPtU3kReHpAe58XV23nV4=
-4,-18,8nlFugKOeuwgxoMR6f8yH19f6EE=,yXmmGJj3/IsxPdFNli5gdYC4bgw=
-3,-18,8nlFugKOeuwgxoMR6f8yH19f6EE=,yXmmGJj3/IsxPdFNli5gdYC4bgw=
-6,-17,8nlFugKOeuwgxoMR6f8yH19f6EE=,yXmmGJj3/IsxPdFNli5gdYC4bgw=
-4,-17,8nlFugKOeuwgxoMR6f8yH19f6EE=,yXmmGJj3/IsxPdFNli5gdYC4bgw=
-5,-17,8nlFugKOeuwgxoMR6f8yH19f6EE=,yXmmGJj3/IsxPdFNli5gdYC4bgw=
-5,-23,8nlFugKOeuwgxoMR6f8yH19f6EE=,yXmmGJj3/IsxPdFNli5gdYC4bgw=
-7,-17,8nlFugKOeuwgxoMR6f8yH19f6EE=,yXmmGJj3/IsxPdFNli5gdYC4bgw=
-1,-18,8nlFugKOeuwgxoMR6f8yH19f6EE=,yXmmGJj3/IsxPdFNli5gdYC4bgw=
-3,-19,8nlFugKOeuwgxoMR6f8yH19f6EE=,yXmmGJj3/IsxPdFNli5gdYC4bgw=
-6,-23,8nlFugKOeuwgxoMR6f8yH19f6EE=,yXmmGJj3/IsxPdFNli5gdYC4bgw=
-2,-18,8nlFugKOeuwgxoMR6f8yH19f6EE=,yXmmGJj3/IsxPdFNli5gdYC4bgw=
-1,-20,8nlFugKOeuwgxoMR6f8yH19f6EE=,yXmmGJj3/IsxPdFNli5gdYC4bgw=
-7,-23,8nlFugKOeuwgxoMR6f8yH19f6EE=,yXmmGJj3/IsxPdFNli5gdYC4bgw=
-8,-17,8nlFugKOeuwgxoMR6f8yH19f6EE=,yXmmGJj3/IsxPdFNli5gdYC4bgw=
-9,-18,8nlFugKOeuwgxoMR6f8yH19f6EE=,q1hpUXbPtU3kReHpAe58XV23nV4=
-5,-18,8nlFugKOeuwgxoMR6f8yH19f6EE=,yXmmGJj3/IsxPdFNli5gdYC4bgw=
-7,-20,8nlFugKOeuwgxoMR6f8yH19f6EE=,yXmmGJj3/IsxPdFNli5gdYC4bgw=
-4,-19,8nlFugKOeuwgxoMR6f8yH19f6EE=,yXmmGJj3/IsxPdFNli5gdYC4bgw=
-2,-20,8nlFugKOeuwgxoMR6f8yH19f6EE=,yXmmGJj3/IsxPdFNli5gdYC4bgw=
-8,-24,8nlFugKOeuwgxoMR6f8yH19f6EE=,yXmmGJj3/IsxPdFNli5gdYC4bgw=
-8,-23,8nlFugKOeuwgxoMR6f8yH19f6EE=,yXmmGJj3/IsxPdFNli5gdYC4bgw=
-6,-18,8nlFugKOeuwgxoMR6f8yH19f6EE=,yXmmGJj3/IsxPdFNli5gdYC4bgw=
-8,-20,8nlFugKOeuwgxoMR6f8yH19f6EE=,yXmmGJj3/IsxPdFNli5gdYC4bgw=
-1,-24,8nlFugKOeuwgxoMR6f8yH19f6EE=,yXmmGJj3/IsxPdFNli5gdYC4bgw=
-3,-20,8nlFugKOeuwgxoMR6f8yH19f6EE=,yXmmGJj3/IsxPdFNli5gdYC4bgw=
-2,-24,8nlFugKOeuwgxoMR6f8yH19f6EE=,yXmmGJj3/IsxPdFNli5gdYC4bgw=
-9,-19,8nlFugKOeuwgxoMR6f8yH19f6EE=,q1hpUXbPtU3kReHpAe58XV23nV4=
-5,-19,8nlFugKOeuwgxoMR6f8yH19f6EE=,yXmmGJj3/IsxPdFNli5gdYC4bgw=
-5,-22,8nlFugKOeuwgxoMR6f8yH19f6EE=,yXmmGJj3/IsxPdFNli5gdYC4bgw=
-7,-18,8nlFugKOeuwgxoMR6f8yH19f6EE=,yXmmGJj3/IsxPdFNli5gdYC4bgw=
-7,-21,8nlFugKOeuwgxoMR6f8yH19f6EE=,yXmmGJj3/IsxPdFNli5gdYC4bgw=
-3,-17,8nlFugKOeuwgxoMR6f8yH19f6EE=,yXmmGJj3/IsxPdFNli5gdYC4bgw=
-6,-21,8nlFugKOeuwgxoMR6f8yH19f6EE=,yXmmGJj3/IsxPdFNli5gdYC4bgw=
-2,-17,8nlFugKOeuwgxoMR6f8yH19f6EE=,yXmmGJj3/IsxPdFNli5gdYC4bgw=
-1,-21,8nlFugKOeuwgxoMR6f8yH19f6EE=,yXmmGJj3/IsxPdFNli5gdYC4bgw=
-6,-19,8nlFugKOeuwgxoMR6f8yH19f6EE=,yXmmGJj3/IsxPdFNli5gdYC4bgw=
-9,-20,8nlFugKOeuwgxoMR6f8yH19f6EE=,q1hpUXbPtU3kReHpAe58XV23nV4=
-3,-24,8nlFugKOeuwgxoMR6f8yH19f6EE=,yXmmGJj3/IsxPdFNli5gdYC4bgw=
-2,-21,8nlFugKOeuwgxoMR6f8yH19f6EE=,yXmmGJj3/IsxPdFNli5gdYC4bgw=
-4,-20,8nlFugKOeuwgxoMR6f8yH19f6EE=,yXmmGJj3/IsxPdFNli5gdYC4bgw=
-6,-20,8nlFugKOeuwgxoMR6f8yH19f6EE=,yXmmGJj3/IsxPdFNli5gdYC4bgw=
-1,-17,8nlFugKOeuwgxoMR6f8yH19f6EE=,yXmmGJj3/IsxPdFNli5gdYC4bgw=
-4,-24,8nlFugKOeuwgxoMR6f8yH19f6EE=,yXmmGJj3/IsxPdFNli5gdYC4bgw=
-2,-19,8nlFugKOeuwgxoMR6f8yH19f6EE=,yXmmGJj3/IsxPdFNli5gdYC4bgw=
-5,-20,8nlFugKOeuwgxoMR6f8yH19f6EE=,yXmmGJj3/IsxPdFNli5gdYC4bgw=
-9,-24,8nlFugKOeuwgxoMR6f8yH19f6EE=,q1hpUXbPtU3kReHpAe58XV23nV4=
-1,-19,8nlFugKOeuwgxoMR6f8yH19f6EE=,yXmmGJj3/IsxPdFNli5gdYC4bgw=
-1,-22,8nlFugKOeuwgxoMR6f8yH19f6EE=,yXmmGJj3/IsxPdFNli5gdYC4bgw=
-5,-21,8nlFugKOeuwgxoMR6f8yH19f6EE=,yXmmGJj3/IsxPdFNli5gdYC4bgw=
-8,-21,8nlFugKOeuwgxoMR6f8yH19f6EE=,yXmmGJj3/IsxPdFNli5gdYC4bgw=
-8,-18,8nlFugKOeuwgxoMR6f8yH19f6EE=,yXmmGJj3/IsxPdFNli5gdYC4bgw=
-9,-23,8nlFugKOeuwgxoMR6f8yH19f6EE=,q1hpUXbPtU3kReHpAe58XV23nV4=
-4,-23,8nlFugKOeuwgxoMR6f8yH19f6EE=,yXmmGJj3/IsxPdFNli5gdYC4bgw=
-7,-24,8nlFugKOeuwgxoMR6f8yH19f6EE=,yXmmGJj3/IsxPdFNli5gdYC4bgw=
-3,-23,8nlFugKOeuwgxoMR6f8yH19f6EE=,yXmmGJj3/IsxPdFNli5gdYC4bgw=
-2,-23,8nlFugKOeuwgxoMR6f8yH19f6EE=,yXmmGJj3/IsxPdFNli5gdYC4bgw=
-8,-22,8nlFugKOeuwgxoMR6f8yH19f6EE=,yXmmGJj3/IsxPdFNli5gdYC4bgw=
-1,-23,8nlFugKOeuwgxoMR6f8yH19f6EE=,yXmmGJj3/IsxPdFNli5gdYC4bgw=
-7,-22,8nlFugKOeuwgxoMR6f8yH19f6EE=,yXmmGJj3/IsxPdFNli5gdYC4bgw=
-6,-22,8nlFugKOeuwgxoMR6f8yH19f6EE=,yXmmGJj3/IsxPdFNli5gdYC4bgw=
-6,-24,8nlFugKOeuwgxoMR6f8yH19f6EE=,yXmmGJj3/IsxPdFNli5gdYC4bgw=
-4,-21,8nlFugKOeuwgxoMR6f8yH19f6EE=,yXmmGJj3/IsxPdFNli5gdYC4bgw=
-5,-24,8nlFugKOeuwgxoMR6f8yH19f6EE=,yXmmGJj3/IsxPdFNli5gdYC4bgw=
-3,-21,8nlFugKOeuwgxoMR6f8yH19f6EE=,yXmmGJj3/IsxPdFNli5gdYC4bgw=
-4,-22,8nlFugKOeuwgxoMR6f8yH19f6EE=,yXmmGJj3/IsxPdFNli5gdYC4bgw=
-7,-19,8nlFugKOeuwgxoMR6f8yH19f6EE=,yXmmGJj3/IsxPdFNli5gdYC4bgw=
-2,-22,8nlFugKOeuwgxoMR6f8yH19f6EE=,yXmmGJj3/IsxPdFNli5gdYC4bgw=
-3,-22,8nlFugKOeuwgxoMR6f8yH19f6EE=,yXmmGJj3/IsxPdFNli5gdYC4bgw=
-9,-21,8nlFugKOeuwgxoMR6f8yH19f6EE=,q1hpUXbPtU3kReHpAe58XV23nV4=
-9,-22,8nlFugKOeuwgxoMR6f8yH19f6EE=,q1hpUXbPtU3kReHpAe58XV23nV4=
-8,-19,8nlFugKOeuwgxoMR6f8yH19f6EE=,yXmmGJj3/IsxPdFNli5gdYC4bgw=
-9,-17,8nlFugKOeuwgxoMR6f8yH19f6EE=,q1hpUXbPtU3kReHpAe58XV23nV4=
