-61,0,ABS0DTxTPGuFYf0l27FCcXjD8EY=,vLykzkE3WvpulMTH4vtYGJcRdDM=
-49,15,ABS0DTxTPGuFYf0l27FCcXjD8EY=,vLykzkE3WvpulMTH4vtYGJcRdDM=
-49,1,ABS0DTxTPGuFYf0l27FCcXjD8EY=,vLykzkE3WvpulMTH4vtYGJcRdDM=
-52,3,ABS0DTxTPGuFYf0l27FCcXjD8EY=,vLykzkE3WvpulMTH4vtYGJcRdDM=
-53,2,ABS0DTxTPGuFYf0l27FCcXjD8EY=,vLykzkE3WvpulMTH4vtYGJcRdDM=
-55,2,ABS0DTxTPGuFYf0l27FCcXjD8EY=,vLykzkE3WvpulMTH4vtYGJcRdDM=
-56,2,ABS0DTxTPGuFYf0l27FCcXjD8EY=,vLykzkE3WvpulMTH4vtYGJcRdDM=
-57,2,ABS0DTxTPGuFYf0l27FCcXjD8EY=,vLykzkE3WvpulMTH4vtYGJcRdDM=
-58,2,ABS0DTxTPGuFYf0l27FCcXjD8EY=,vLykzkE3WvpulMTH4vtYGJcRdDM=
-59,2,ABS0DTxTPGuFYf0l27FCcXjD8EY=,vLykzkE3WvpulMTH4vtYGJcRdDM=
-60,2,ABS0DTxTPGuFYf0l27FCcXjD8EY=,vLykzkE3WvpulMTH4vtYGJcRdDM=
-61,2,ABS0DTxTPGuFYf0l27FCcXjD8EY=,vLykzkE3WvpulMTH4vtYGJcRdDM=
-62,2,ABS0DTxTPGuFYf0l27FCcXjD8EY=,vLykzkE3WvpulMTH4vtYGJcRdDM=
-54,2,ABS0DTxTPGuFYf0l27FCcXjD8EY=,vLykzkE3WvpulMTH4vtYGJcRdDM=
-64,2,ABS0DTxTPGuFYf0l27FCcXjD8EY=,vLykzkE3WvpulMTH4vtYGJcRdDM=
-53,3,ABS0DTxTPGuFYf0l27FCcXjD8EY=,vLykzkE3WvpulMTH4vtYGJcRdDM=
-51,15,ABS0DTxTPGuFYf0l27FCcXjD8EY=,vLykzkE3WvpulMTH4vtYGJcRdDM=
-50,15,ABS0DTxTPGuFYf0l27FCcXjD8EY=,vLykzkE3WvpulMTH4vtYGJcRdDM=
-53,15,ABS0DTxTPGuFYf0l27FCcXjD8EY=,vLykzkE3WvpulMTH4vtYGJcRdDM=
-52,15,ABS0DTxTPGuFYf0l27FCcXjD8EY=,vLykzkE3WvpulMTH4vtYGJcRdDM=
-54,15,ABS0DTxTPGuFYf0l27FCcXjD8EY=,vLykzkE3WvpulMTH4vtYGJcRdDM=
-55,15,ABS0DTxTPGuFYf0l27FCcXjD8EY=,vLykzkE3WvpulMTH4vtYGJcRdDM=
-56,15,ABS0DTxTPGuFYf0l27FCcXjD8EY=,vLykzkE3WvpulMTH4vtYGJcRdDM=
-59,15,ABS0DTxTPGuFYf0l27FCcXjD8EY=,vLykzkE3WvpulMTH4vtYGJcRdDM=
-58,15,ABS0DTxTPGuFYf0l27FCcXjD8EY=,vLykzkE3WvpulMTH4vtYGJcRdDM=
-57,15,ABS0DTxTPGuFYf0l27FCcXjD8EY=,vLykzkE3WvpulMTH4vtYGJcRdDM=
-60,15,ABS0DTxTPGuFYf0l27FCcXjD8EY=,vLykzkE3WvpulMTH4vtYGJcRdDM=
-62,0,ABS0DTxTPGuFYf0l27FCcXjD8EY=,vLykzkE3WvpulMTH4vtYGJcRdDM=
-61,15,ABS0DTxTPGuFYf0l27FCcXjD8EY=,vLykzkE3WvpulMTH4vtYGJcRdDM=
-62,15,ABS0DTxTPGuFYf0l27FCcXjD8EY=,vLykzkE3WvpulMTH4vtYGJcRdDM=
-54,3,ABS0DTxTPGuFYf0l27FCcXjD8EY=,vLykzkE3WvpulMTH4vtYGJcRdDM=
-64,15,ABS0DTxTPGuFYf0l27FCcXjD8EY=,vLykzkE3WvpulMTH4vtYGJcRdDM=
-63,15,ABS0DTxTPGuFYf0l27FCcXjD8EY=,vLykzkE3WvpulMTH4vtYGJcRdDM=
-50,1,ABS0DTxTPGuFYf0l27FCcXjD8EY=,vLykzkE3WvpulMTH4vtYGJcRdDM=
-49,14,ABS0DTxTPGuFYf0l27FCcXjD8EY=,vLykzkE3WvpulMTH4vtYGJcRdDM=
-51,14,ABS0DTxTPGuFYf0l27FCcXjD8EY=,vLykzkE3WvpulMTH4vtYGJcRdDM=
-52,14,ABS0DTxTPGuFYf0l27FCcXjD8EY=,vLykzkE3WvpulMTH4vtYGJcRdDM=
-53,14,ABS0DTxTPGuFYf0l27FCcXjD8EY=,vLykzkE3WvpulMTH4vtYGJcRdDM=
-50,14,ABS0DTxTPGuFYf0l27FCcXjD8EY=,vLykzkE3WvpulMTH4vtYGJcRdDM=
-55,14,ABS0DTxTPGuFYf0l27FCcXjD8EY=,vLykzkE3WvpulMTH4vtYGJcRdDM=
-54,14,ABS0DTxTPGuFYf0l27FCcXjD8EY=,vLykzkE3WvpulMTH4vtYGJcRdDM=
-56,14,ABS0DTxTPGuFYf0l27FCcXjD8EY=,vLykzkE3WvpulMTH4vtYGJcRdDM=
-57,14,ABS0DTxTPGuFYf0l27FCcXjD8EY=,vLykzkE3WvpulMTH4vtYGJcRdDM=
-58,14,ABS0DTxTPGuFYf0l27FCcXjD8EY=,vLykzkE3WvpulMTH4vtYGJcRdDM=
-59,14,ABS0DTxTPGuFYf0l27FCcXjD8EY=,vLykzkE3WvpulMTH4vtYGJcRdDM=
-60,14,ABS0DTxTPGuFYf0l27FCcXjD8EY=,vLykzkE3WvpulMTH4vtYGJcRdDM=
-61,14,ABS0DTxTPGuFYf0l27FCcXjD8EY=,vLykzkE3WvpulMTH4vtYGJcRdDM=
-62,14,ABS0DTxTPGuFYf0l27FCcXjD8EY=,vLykzkE3WvpulMTH4vtYGJcRdDM=
-63,1,ABS0DTxTPGuFYf0l27FCcXjD8EY=,vLykzkE3WvpulMTH4vtYGJcRdDM=
-63,2,ABS0DTxTPGuFYf0l27FCcXjD8EY=,vLykzkE3WvpulMTH4vtYGJcRdDM=
-63,14,ABS0DTxTPGuFYf0l27FCcXjD8EY=,vLykzkE3WvpulMTH4vtYGJcRdDM=
-64,1,ABS0DTxTPGuFYf0l27FCcXjD8EY=,vLykzkE3WvpulMTH4vtYGJcRdDM=
-49,13,ABS0DTxTPGuFYf0l27FCcXjD8EY=,vLykzkE3WvpulMTH4vtYGJcRdDM=
-64,14,ABS0DTxTPGuFYf0l27FCcXjD8EY=,vLykzkE3WvpulMTH4vtYGJcRdDM=
-63,0,ABS0DTxTPGuFYf0l27FCcXjD8EY=,vLykzkE3WvpulMTH4vtYGJcRdDM=
-52,13,ABS0DTxTPGuFYf0l27FCcXjD8EY=,vLykzkE3WvpulMTH4vtYGJcRdDM=
-50,13,ABS0DTxTPGuFYf0l27FCcXjD8EY=,vLykzkE3WvpulMTH4vtYGJcRdDM=
-53,13,ABS0DTxTPGuFYf0l27FCcXjD8EY=,vLykzkE3WvpulMTH4vtYGJcRdDM=
-51,13,ABS0DTxTPGuFYf0l27FCcXjD8EY=,vLykzkE3WvpulMTH4vtYGJcRdDM=
-54,13,ABS0DTxTPGuFYf0l27FCcXjD8EY=,vLykzkE3WvpulMTH4vtYGJcRdDM=
-55,13,ABS0DTxTPGuFYf0l27FCcXjD8EY=,vLykzkE3WvpulMTH4vtYGJcRdDM=
-57,13,ABS0DTxTPGuFYf0l27FCcXjD8EY=,vLykzkE3WvpulMTH4vtYGJcRdDM=
-59,13,ABS0DTxTPGuFYf0l27FCcXjD8EY=,vLykzkE3WvpulMTH4vtYGJcRdDM=
-56,13,ABS0DTxTPGuFYf0l27FCcXjD8EY=,vLykzkE3WvpulMTH4vtYGJcRdDM=
-61,13,ABS0DTxTPGuFYf0l27FCcXjD8EY=,vLykzkE3WvpulMTH4vtYGJcRdDM=
-60,13,ABS0DTxTPGuFYf0l27FCcXjD8EY=,vLykzkE3WvpulMTH4vtYGJcRdDM=
-58,13,ABS0DTxTPGuFYf0l27FCcXjD8EY=,vLykzkE3WvpulMTH4vtYGJcRdDM=
-51,2,ABS0DTxTPGuFYf0l27FCcXjD8EY=,vLykzkE3WvpulMTH4vtYGJcRdDM=
-55,3,ABS0DTxTPGuFYf0l27FCcXjD8EY=,vLykzkE3WvpulMTH4vtYGJcRdDM=
-63,13,ABS0DTxTPGuFYf0l27FCcXjD8EY=,vLykzkE3WvpulMTH4vtYGJcRdDM=
-62,13,ABS0DTxTPGuFYf0l27FCcXjD8EY=,vLykzkE3WvpulMTH4vtYGJcRdDM=
-64,13,ABS0DTxTPGuFYf0l27FCcXjD8EY=,vLykzkE3WvpulMTH4vtYGJcRdDM=
-56,3,ABS0DTxTPGuFYf0l27FCcXjD8EY=,vLykzkE3WvpulMTH4vtYGJcRdDM=
-50,12,ABS0DTxTPGuFYf0l27FCcXjD8EY=,vLykzkE3WvpulMTH4vtYGJcRdDM=
-49,12,ABS0DTxTPGuFYf0l27FCcXjD8EY=,vLykzkE3WvpulMTH4vtYGJcRdDM=
-51,12,ABS0DTxTPGuFYf0l27FCcXjD8EY=,vLykzkE3WvpulMTH4vtYGJcRdDM=
-52,12,ABS0DTxTPGuFYf0l27FCcXjD8EY=,vLykzkE3WvpulMTH4vtYGJcRdDM=
-54,12,ABS0DTxTPGuFYf0l27FCcXjD8EY=,vLykzkE3WvpulMTH4vtYGJcRdDM=
-53,12,ABS0DTxTPGuFYf0l27FCcXjD8EY=,vLykzkE3WvpulMTH4vtYGJcRdDM=
-55,12,ABS0DTxTPGuFYf0l27FCcXjD8EY=,vLykzkE3WvpulMTH4vtYGJcRdDM=
-56,12,ABS0DTxTPGuFYf0l27FCcXjD8EY=,vLykzkE3WvpulMTH4vtYGJcRdDM=
-58,12,ABS0DTxTPGuFYf0l27FCcXjD8EY=,vLykzkE3WvpulMTH4vtYGJcRdDM=
-57,12,ABS0DTxTPGuFYf0l27FCcXjD8EY=,vLykzkE3WvpulMTH4vtYGJcRdDM=
-60,12,ABS0DTxTPGuFYf0l27FCcXjD8EY=,vLykzkE3WvpulMTH4vtYGJcRdDM=
-49,0,ABS0DTxTPGuFYf0l27FCcXjD8EY=,vLykzkE3WvpulMTH4vtYGJcRdDM=
-59,12,ABS0DTxTPGuFYf0l27FCcXjD8EY=,vLykzkE3WvpulMTH4vtYGJcRdDM=
-57,3,ABS0DTxTPGuFYf0l27FCcXjD8EY=,vLykzkE3WvpulMTH4vtYGJcRdDM=
-61,12,ABS0DTxTPGuFYf0l27FCcXjD8EY=,vLykzkE3WvpulMTH4vtYGJcRdDM=
-62,12,ABS0DTxTPGuFYf0l27FCcXjD8EY=,vLykzkE3WvpulMTH4vtYGJcRdDM=
-63,12,ABS0DTxTPGuFYf0l27FCcXjD8EY=,vLykzkE3WvpulMTH4vtYGJcRdDM=
-50,2,ABS0DTxTPGuFYf0l27FCcXjD8EY=,vLykzkE3WvpulMTH4vtYGJcRdDM=
-60,0,ABS0DTxTPGuFYf0l27FCcXjD8EY=,vLykzkE3WvpulMTH4vtYGJcRdDM=
-51,1,ABS0DTxTPGuFYf0l27FCcXjD8EY=,vLykzkE3WvpulMTH4vtYGJcRdDM=
-64,12,ABS0DTxTPGuFYf0l27FCcXjD8EY=,vLykzkE3WvpulMTH4vtYGJcRdDM=
-49,11,ABS0DTxTPGuFYf0l27FCcXjD8EY=,vLykzkE3WvpulMTH4vtYGJcRdDM=
-50,11,ABS0DTxTPGuFYf0l27FCcXjD8EY=,vLykzkE3WvpulMTH4vtYGJcRdDM=
-53,1,ABS0DTxTPGuFYf0l27FCcXjD8EY=,vLykzkE3WvpulMTH4vtYGJcRdDM=
-51,11,ABS0DTxTPGuFYf0l27FCcXjD8EY=,vLykzkE3WvpulMTH4vtYGJcRdDM=
-54,11,ABS0DTxTPGuFYf0l27FCcXjD8EY=,vLykzkE3WvpulMTH4vtYGJcRdDM=
-53,11,ABS0DTxTPGuFYf0l27FCcXjD8EY=,vLykzkE3WvpulMTH4vtYGJcRdDM=
-55,11,ABS0DTxTPGuFYf0l27FCcXjD8EY=,vLykzkE3WvpulMTH4vtYGJcRdDM=
-52,11,ABS0DTxTPGuFYf0l27FCcXjD8EY=,vLykzkE3WvpulMTH4vtYGJcRdDM=
-57,11,ABS0DTxTPGuFYf0l27FCcXjD8EY=,vLykzkE3WvpulMTH4vtYGJcRdDM=
-58,11,ABS0DTxTPGuFYf0l27FCcXjD8EY=,vLykzkE3WvpulMTH4vtYGJcRdDM=
-59,11,ABS0DTxTPGuFYf0l27FCcXjD8EY=,vLykzkE3WvpulMTH4vtYGJcRdDM=
-52,1,ABS0DTxTPGuFYf0l27FCcXjD8EY=,vLykzkE3WvpulMTH4vtYGJcRdDM=
-58,3,ABS0DTxTPGuFYf0l27FCcXjD8EY=,vLykzkE3WvpulMTH4vtYGJcRdDM=
-60,11,ABS0DTxTPGuFYf0l27FCcXjD8EY=,vLykzkE3WvpulMTH4vtYGJcRdDM=
-62,11,ABS0DTxTPGuFYf0l27FCcXjD8EY=,vLykzkE3WvpulMTH4vtYGJcRdDM=
-56,11,ABS0DTxTPGuFYf0l27FCcXjD8EY=,vLykzkE3WvpulMTH4vtYGJcRdDM=
-63,11,ABS0DTxTPGuFYf0l27FCcXjD8EY=,vLykzkE3WvpulMTH4vtYGJcRdDM=
-49,10,ABS0DTxTPGuFYf0l27FCcXjD8EY=,vLykzkE3WvpulMTH4vtYGJcRdDM=
-64,11,ABS0DTxTPGuFYf0l27FCcXjD8EY=,vLykzkE3WvpulMTH4vtYGJcRdDM=
-61,11,ABS0DTxTPGuFYf0l27FCcXjD8EY=,vLykzkE3WvpulMTH4vtYGJcRdDM=
-52,10,ABS0DTxTPGuFYf0l27FCcXjD8EY=,vLykzkE3WvpulMTH4vtYGJcRdDM=
-51,10,ABS0DTxTPGuFYf0l27FCcXjD8EY=,vLykzkE3WvpulMTH4vtYGJcRdDM=
-54,10,ABS0DTxTPGuFYf0l27FCcXjD8EY=,vLykzkE3WvpulMTH4vtYGJcRdDM=
-50,10,ABS0DTxTPGuFYf0l27FCcXjD8EY=,vLykzkE3WvpulMTH4vtYGJcRdDM=
-53,10,ABS0DTxTPGuFYf0l27FCcXjD8EY=,vLykzkE3WvpulMTH4vtYGJcRdDM=
-55,10,ABS0DTxTPGuFYf0l27FCcXjD8EY=,vLykzkE3WvpulMTH4vtYGJcRdDM=
-57,10,ABS0DTxTPGuFYf0l27FCcXjD8EY=,vLykzkE3WvpulMTH4vtYGJcRdDM=
-58,10,ABS0DTxTPGuFYf0l27FCcXjD8EY=,vLykzkE3WvpulMTH4vtYGJcRdDM=
-56,10,ABS0DTxTPGuFYf0l27FCcXjD8EY=,vLykzkE3WvpulMTH4vtYGJcRdDM=
-50,0,ABS0DTxTPGuFYf0l27FCcXjD8EY=,vLykzkE3WvpulMTH4vtYGJcRdDM=
-59,3,ABS0DTxTPGuFYf0l27FCcXjD8EY=,vLykzkE3WvpulMTH4vtYGJcRdDM=
-59,10,ABS0DTxTPGuFYf0l27FCcXjD8EY=,vLykzkE3WvpulMTH4vtYGJcRdDM=
-60,10,ABS0DTxTPGuFYf0l27FCcXjD8EY=,vLykzkE3WvpulMTH4vtYGJcRdDM=
-61,10,ABS0DTxTPGuFYf0l27FCcXjD8EY=,vLykzkE3WvpulMTH4vtYGJcRdDM=
-51,3,ABS0DTxTPGuFYf0l27FCcXjD8EY=,vLykzkE3WvpulMTH4vtYGJcRdDM=
-62,10,ABS0DTxTPGuFYf0l27FCcXjD8EY=,vLykzkE3WvpulMTH4vtYGJcRdDM=
-63,10,ABS0DTxTPGuFYf0l27FCcXjD8EY=,vLykzkE3WvpulMTH4vtYGJcRdDM=
-51,0,ABS0DTxTPGuFYf0l27FCcXjD8EY=,vLykzkE3WvpulMTH4vtYGJcRdDM=
-64,10,ABS0DTxTPGuFYf0l27FCcXjD8EY=,vLykzkE3WvpulMTH4vtYGJcRdDM=
-49,9,ABS0DTxTPGuFYf0l27FCcXjD8EY=,vLykzkE3WvpulMTH4vtYGJcRdDM=
-50,9,ABS0DTxTPGuFYf0l27FCcXjD8EY=,vLykzkE3WvpulMTH4vtYGJcRdDM=
-51,9,ABS0DTxTPGuFYf0l27FCcXjD8EY=,vLykzkE3WvpulMTH4vtYGJcRdDM=
-52,9,ABS0DTxTPGuFYf0l27FCcXjD8EY=,vLykzkE3WvpulMTH4vtYGJcRdDM=
-53,9,ABS0DTxTPGuFYf0l27FCcXjD8EY=,vLykzkE3WvpulMTH4vtYGJcRdDM=
-56,9,ABS0DTxTPGuFYf0l27FCcXjD8EY=,vLykzkE3WvpulMTH4vtYGJcRdDM=
-55,9,ABS0DTxTPGuFYf0l27FCcXjD8EY=,vLykzkE3WvpulMTH4vtYGJcRdDM=
-54,9,ABS0DTxTPGuFYf0l27FCcXjD8EY=,vLykzkE3WvpulMTH4vtYGJcRdDM=
-57,9,ABS0DTxTPGuFYf0l27FCcXjD8EY=,vLykzkE3WvpulMTH4vtYGJcRdDM=
-52,0,ABS0DTxTPGuFYf0l27FCcXjD8EY=,vLykzkE3WvpulMTH4vtYGJcRdDM=
-58,9,ABS0DTxTPGuFYf0l27FCcXjD8EY=,vLykzkE3WvpulMTH4vtYGJcRdDM=
-60,3,ABS0DTxTPGuFYf0l27FCcXjD8EY=,vLykzkE3WvpulMTH4vtYGJcRdDM=
-54,1,ABS0DTxTPGuFYf0l27FCcXjD8EY=,vLykzkE3WvpulMTH4vtYGJcRdDM=
-60,9,ABS0DTxTPGuFYf0l27FCcXjD8EY=,vLykzkE3WvpulMTH4vtYGJcRdDM=
-61,9,ABS0DTxTPGuFYf0l27FCcXjD8EY=,vLykzkE3WvpulMTH4vtYGJcRdDM=
-62,9,ABS0DTxTPGuFYf0l27FCcXjD8EY=,vLykzkE3WvpulMTH4vtYGJcRdDM=
-63,9,ABS0DTxTPGuFYf0l27FCcXjD8EY=,vLykzkE3WvpulMTH4vtYGJcRdDM=
-59,9,ABS0DTxTPGuFYf0l27FCcXjD8EY=,vLykzkE3WvpulMTH4vtYGJcRdDM=
-64,9,ABS0DTxTPGuFYf0l27FCcXjD8EY=,vLykzkE3WvpulMTH4vtYGJcRdDM=
-55,1,ABS0DTxTPGuFYf0l27FCcXjD8EY=,vLykzkE3WvpulMTH4vtYGJcRdDM=
-49,8,ABS0DTxTPGuFYf0l27FCcXjD8EY=,vLykzkE3WvpulMTH4vtYGJcRdDM=
-51,8,ABS0DTxTPGuFYf0l27FCcXjD8EY=,vLykzkE3WvpulMTH4vtYGJcRdDM=
-52,8,ABS0DTxTPGuFYf0l27FCcXjD8EY=,vLykzkE3WvpulMTH4vtYGJcRdDM=
-53,8,ABS0DTxTPGuFYf0l27FCcXjD8EY=,vLykzkE3WvpulMTH4vtYGJcRdDM=
-55,8,ABS0DTxTPGuFYf0l27FCcXjD8EY=,vLykzkE3WvpulMTH4vtYGJcRdDM=
-54,8,ABS0DTxTPGuFYf0l27FCcXjD8EY=,vLykzkE3WvpulMTH4vtYGJcRdDM=
-56,8,ABS0DTxTPGuFYf0l27FCcXjD8EY=,vLykzkE3WvpulMTH4vtYGJcRdDM=
-50,8,ABS0DTxTPGuFYf0l27FCcXjD8EY=,vLykzkE3WvpulMTH4vtYGJcRdDM=
-61,3,ABS0DTxTPGuFYf0l27FCcXjD8EY=,vLykzkE3WvpulMTH4vtYGJcRdDM=
-53,0,ABS0DTxTPGuFYf0l27FCcXjD8EY=,vLykzkE3WvpulMTH4vtYGJcRdDM=
-58,8,ABS0DTxTPGuFYf0l27FCcXjD8EY=,vLykzkE3WvpulMTH4vtYGJcRdDM=
-59,8,ABS0DTxTPGuFYf0l27FCcXjD8EY=,vLykzkE3WvpulMTH4vtYGJcRdDM=
-61,8,ABS0DTxTPGuFYf0l27FCcXjD8EY=,vLykzkE3WvpulMTH4vtYGJcRdDM=
-60,8,ABS0DTxTPGuFYf0l27FCcXjD8EY=,vLykzkE3WvpulMTH4vtYGJcRdDM=
-62,8,ABS0DTxTPGuFYf0l27FCcXjD8EY=,vLykzkE3WvpulMTH4vtYGJcRdDM=
-63,8,ABS0DTxTPGuFYf0l27FCcXjD8EY=,vLykzkE3WvpulMTH4vtYGJcRdDM=
-57,1,ABS0DTxTPGuFYf0l27FCcXjD8EY=,vLykzkE3WvpulMTH4vtYGJcRdDM=
-64,8,ABS0DTxTPGuFYf0l27FCcXjD8EY=,vLykzkE3WvpulMTH4vtYGJcRdDM=
-49,7,ABS0DTxTPGuFYf0l27FCcXjD8EY=,vLykzkE3WvpulMTH4vtYGJcRdDM=
-50,7,ABS0DTxTPGuFYf0l27FCcXjD8EY=,vLykzkE3WvpulMTH4vtYGJcRdDM=
-51,7,ABS0DTxTPGuFYf0l27FCcXjD8EY=,vLykzkE3WvpulMTH4vtYGJcRdDM=
-52,7,ABS0DTxTPGuFYf0l27FCcXjD8EY=,vLykzkE3WvpulMTH4vtYGJcRdDM=
-53,7,ABS0DTxTPGuFYf0l27FCcXjD8EY=,vLykzkE3WvpulMTH4vtYGJcRdDM=
-55,7,ABS0DTxTPGuFYf0l27FCcXjD8EY=,vLykzkE3WvpulMTH4vtYGJcRdDM=
-54,7,ABS0DTxTPGuFYf0l27FCcXjD8EY=,vLykzkE3WvpulMTH4vtYGJcRdDM=
-57,8,ABS0DTxTPGuFYf0l27FCcXjD8EY=,vLykzkE3WvpulMTH4vtYGJcRdDM=
-50,3,ABS0DTxTPGuFYf0l27FCcXjD8EY=,vLykzkE3WvpulMTH4vtYGJcRdDM=
-62,3,ABS0DTxTPGuFYf0l27FCcXjD8EY=,vLykzkE3WvpulMTH4vtYGJcRdDM=
-56,7,ABS0DTxTPGuFYf0l27FCcXjD8EY=,vLykzkE3WvpulMTH4vtYGJcRdDM=
-57,7,ABS0DTxTPGuFYf0l27FCcXjD8EY=,vLykzkE3WvpulMTH4vtYGJcRdDM=
-58,7,ABS0DTxTPGuFYf0l27FCcXjD8EY=,vLykzkE3WvpulMTH4vtYGJcRdDM=
-59,7,ABS0DTxTPGuFYf0l27FCcXjD8EY=,vLykzkE3WvpulMTH4vtYGJcRdDM=
-60,7,ABS0DTxTPGuFYf0l27FCcXjD8EY=,vLykzkE3WvpulMTH4vtYGJcRdDM=
-61,7,ABS0DTxTPGuFYf0l27FCcXjD8EY=,vLykzkE3WvpulMTH4vtYGJcRdDM=
-63,7,ABS0DTxTPGuFYf0l27FCcXjD8EY=,vLykzkE3WvpulMTH4vtYGJcRdDM=
-62,7,ABS0DTxTPGuFYf0l27FCcXjD8EY=,vLykzkE3WvpulMTH4vtYGJcRdDM=
-58,1,ABS0DTxTPGuFYf0l27FCcXjD8EY=,vLykzkE3WvpulMTH4vtYGJcRdDM=
-56,1,ABS0DTxTPGuFYf0l27FCcXjD8EY=,vLykzkE3WvpulMTH4vtYGJcRdDM=
-64,7,ABS0DTxTPGuFYf0l27FCcXjD8EY=,vLykzkE3WvpulMTH4vtYGJcRdDM=
-50,6,ABS0DTxTPGuFYf0l27FCcXjD8EY=,vLykzkE3WvpulMTH4vtYGJcRdDM=
-51,6,ABS0DTxTPGuFYf0l27FCcXjD8EY=,vLykzkE3WvpulMTH4vtYGJcRdDM=
-52,6,ABS0DTxTPGuFYf0l27FCcXjD8EY=,vLykzkE3WvpulMTH4vtYGJcRdDM=
-54,6,ABS0DTxTPGuFYf0l27FCcXjD8EY=,vLykzkE3WvpulMTH4vtYGJcRdDM=
-53,6,ABS0DTxTPGuFYf0l27FCcXjD8EY=,vLykzkE3WvpulMTH4vtYGJcRdDM=
-63,3,ABS0DTxTPGuFYf0l27FCcXjD8EY=,vLykzkE3WvpulMTH4vtYGJcRdDM=
-49,6,ABS0DTxTPGuFYf0l27FCcXjD8EY=,vLykzkE3WvpulMTH4vtYGJcRdDM=
-55,6,ABS0DTxTPGuFYf0l27FCcXjD8EY=,vLykzkE3WvpulMTH4vtYGJcRdDM=
-54,0,ABS0DTxTPGuFYf0l27FCcXjD8EY=,vLykzkE3WvpulMTH4vtYGJcRdDM=
-58,6,ABS0DTxTPGuFYf0l27FCcXjD8EY=,vLykzkE3WvpulMTH4vtYGJcRdDM=
-57,6,ABS0DTxTPGuFYf0l27FCcXjD8EY=,vLykzkE3WvpulMTH4vtYGJcRdDM=
-59,6,ABS0DTxTPGuFYf0l27FCcXjD8EY=,vLykzkE3WvpulMTH4vtYGJcRdDM=
-60,6,ABS0DTxTPGuFYf0l27FCcXjD8EY=,vLykzkE3WvpulMTH4vtYGJcRdDM=
-61,6,ABS0DTxTPGuFYf0l27FCcXjD8EY=,vLykzkE3WvpulMTH4vtYGJcRdDM=
-64,6,ABS0DTxTPGuFYf0l27FCcXjD8EY=,vLykzkE3WvpulMTH4vtYGJcRdDM=
-62,6,ABS0DTxTPGuFYf0l27FCcXjD8EY=,vLykzkE3WvpulMTH4vtYGJcRdDM=
-59,1,ABS0DTxTPGuFYf0l27FCcXjD8EY=,vLykzkE3WvpulMTH4vtYGJcRdDM=
-63,6,ABS0DTxTPGuFYf0l27FCcXjD8EY=,vLykzkE3WvpulMTH4vtYGJcRdDM=
-55,0,ABS0DTxTPGuFYf0l27FCcXjD8EY=,vLykzkE3WvpulMTH4vtYGJcRdDM=
-56,6,ABS0DTxTPGuFYf0l27FCcXjD8EY=,vLykzkE3WvpulMTH4vtYGJcRdDM=
-49,3,ABS0DTxTPGuFYf0l27FCcXjD8EY=,vLykzkE3WvpulMTH4vtYGJcRdDM=
-64,4,ABS0DTxTPGuFYf0l27FCcXjD8EY=,vLykzkE3WvpulMTH4vtYGJcRdDM=
-59,0,ABS0DTxTPGuFYf0l27FCcXjD8EY=,vLykzkE3WvpulMTH4vtYGJcRdDM=
-62,1,ABS0DTxTPGuFYf0l27FCcXjD8EY=,vLykzkE3WvpulMTH4vtYGJcRdDM=
-62,4,ABS0DTxTPGuFYf0l27FCcXjD8EY=,vLykzkE3WvpulMTH4vtYGJcRdDM=
-63,4,ABS0DTxTPGuFYf0l27FCcXjD8EY=,vLykzkE3WvpulMTH4vtYGJcRdDM=
-49,5,ABS0DTxTPGuFYf0l27FCcXjD8EY=,vLykzkE3WvpulMTH4vtYGJcRdDM=
-56,0,ABS0DTxTPGuFYf0l27FCcXjD8EY=,vLykzkE3WvpulMTH4vtYGJcRdDM=
-50,5,ABS0DTxTPGuFYf0l27FCcXjD8EY=,vLykzkE3WvpulMTH4vtYGJcRdDM=
-60,1,ABS0DTxTPGuFYf0l27FCcXjD8EY=,vLykzkE3WvpulMTH4vtYGJcRdDM=
-64,3,ABS0DTxTPGuFYf0l27FCcXjD8EY=,vLykzkE3WvpulMTH4vtYGJcRdDM=
-54,5,ABS0DTxTPGuFYf0l27FCcXjD8EY=,vLykzkE3WvpulMTH4vtYGJcRdDM=
-51,5,ABS0DTxTPGuFYf0l27FCcXjD8EY=,vLykzkE3WvpulMTH4vtYGJcRdDM=
-55,5,ABS0DTxTPGuFYf0l27FCcXjD8EY=,vLykzkE3WvpulMTH4vtYGJcRdDM=
-56,5,ABS0DTxTPGuFYf0l27FCcXjD8EY=,vLykzkE3WvpulMTH4vtYGJcRdDM=
-58,5,ABS0DTxTPGuFYf0l27FCcXjD8EY=,vLykzkE3WvpulMTH4vtYGJcRdDM=
-57,5,ABS0DTxTPGuFYf0l27FCcXjD8EY=,vLykzkE3WvpulMTH4vtYGJcRdDM=
-60,5,ABS0DTxTPGuFYf0l27FCcXjD8EY=,vLykzkE3WvpulMTH4vtYGJcRdDM=
-61,5,ABS0DTxTPGuFYf0l27FCcXjD8EY=,vLykzkE3WvpulMTH4vtYGJcRdDM=
-53,5,ABS0DTxTPGuFYf0l27FCcXjD8EY=,vLykzkE3WvpulMTH4vtYGJcRdDM=
-59,5,ABS0DTxTPGuFYf0l27FCcXjD8EY=,vLykzkE3WvpulMTH4vtYGJcRdDM=
-63,5,ABS0DTxTPGuFYf0l27FCcXjD8EY=,vLykzkE3WvpulMTH4vtYGJcRdDM=
-62,5,ABS0DTxTPGuFYf0l27FCcXjD8EY=,vLykzkE3WvpulMTH4vtYGJcRdDM=
-61,1,ABS0DTxTPGuFYf0l27FCcXjD8EY=,vLykzkE3WvpulMTH4vtYGJcRdDM=
-64,5,ABS0DTxTPGuFYf0l27FCcXjD8EY=,vLykzkE3WvpulMTH4vtYGJcRdDM=
-52,5,ABS0DTxTPGuFYf0l27FCcXjD8EY=,vLykzkE3WvpulMTH4vtYGJcRdDM=
-60,4,ABS0DTxTPGuFYf0l27FCcXjD8EY=,vLykzkE3WvpulMTH4vtYGJcRdDM=
-61,4,ABS0DTxTPGuFYf0l27FCcXjD8EY=,vLykzkE3WvpulMTH4vtYGJcRdDM=
-59,4,ABS0DTxTPGuFYf0l27FCcXjD8EY=,vLykzkE3WvpulMTH4vtYGJcRdDM=
-58,4,ABS0DTxTPGuFYf0l27FCcXjD8EY=,vLykzkE3WvpulMTH4vtYGJcRdDM=
-57,4,ABS0DTxTPGuFYf0l27FCcXjD8EY=,vLykzkE3WvpulMTH4vtYGJcRdDM=
-56,4,ABS0DTxTPGuFYf0l27FCcXjD8EY=,vLykzkE3WvpulMTH4vtYGJcRdDM=
-55,4,ABS0DTxTPGuFYf0l27FCcXjD8EY=,vLykzkE3WvpulMTH4vtYGJcRdDM=
-54,4,ABS0DTxTPGuFYf0l27FCcXjD8EY=,vLykzkE3WvpulMTH4vtYGJcRdDM=
-64,0,ABS0DTxTPGuFYf0l27FCcXjD8EY=,vLykzkE3WvpulMTH4vtYGJcRdDM=
-51,4,ABS0DTxTPGuFYf0l27FCcXjD8EY=,vLykzkE3WvpulMTH4vtYGJcRdDM=
-50,4,ABS0DTxTPGuFYf0l27FCcXjD8EY=,vLykzkE3WvpulMTH4vtYGJcRdDM=
-58,0,ABS0DTxTPGuFYf0l27FCcXjD8EY=,vLykzkE3WvpulMTH4vtYGJcRdDM=
-53,4,ABS0DTxTPGuFYf0l27FCcXjD8EY=,vLykzkE3WvpulMTH4vtYGJcRdDM=
-52,4,ABS0DTxTPGuFYf0l27FCcXjD8EY=,vLykzkE3WvpulMTH4vtYGJcRdDM=
-57,0,ABS0DTxTPGuFYf0l27FCcXjD8EY=,vLykzkE3WvpulMTH4vtYGJcRdDM=
-49,4,ABS0DTxTPGuFYf0l27FCcXjD8EY=,vLykzkE3WvpulMTH4vtYGJcRdDM=
-49,2,ABS0DTxTPGuFYf0l27FCcXjD8EY=,vLykzkE3WvpulMTH4vtYGJcRdDM=
-52,2,ABS0DTxTPGuFYf0l27FCcXjD8EY=,vLykzkE3WvpulMTH4vtYGJcRdDM=
-50,18,ABS0DTxTPGuFYf0l27FCcXjD8EY=,aMRphgG0rawHmEF+zbik7OAKbqc=
-61,16,ABS0DTxTPGuFYf0l27FCcXjD8EY=,aMRphgG0rawHmEF+zbik7OAKbqc=
-51,18,ABS0DTxTPGuFYf0l27FCcXjD8EY=,aMRphgG0rawHmEF+zbik7OAKbqc=
-52,31,ABS0DTxTPGuFYf0l27FCcXjD8EY=,aMRphgG0rawHmEF+zbik7OAKbqc=
-51,31,ABS0DTxTPGuFYf0l27FCcXjD8EY=,aMRphgG0rawHmEF+zbik7OAKbqc=
-53,31,ABS0DTxTPGuFYf0l27FCcXjD8EY=,aMRphgG0rawHmEF+zbik7OAKbqc=
-50,31,ABS0DTxTPGuFYf0l27FCcXjD8EY=,aMRphgG0rawHmEF+zbik7OAKbqc=
-55,31,ABS0DTxTPGuFYf0l27FCcXjD8EY=,aMRphgG0rawHmEF+zbik7OAKbqc=
-54,31,ABS0DTxTPGuFYf0l27FCcXjD8EY=,aMRphgG0rawHmEF+zbik7OAKbqc=
-56,31,ABS0DTxTPGuFYf0l27FCcXjD8EY=,aMRphgG0rawHmEF+zbik7OAKbqc=
-59,31,ABS0DTxTPGuFYf0l27FCcXjD8EY=,aMRphgG0rawHmEF+zbik7OAKbqc=
-57,31,ABS0DTxTPGuFYf0l27FCcXjD8EY=,aMRphgG0rawHmEF+zbik7OAKbqc=
-58,31,ABS0DTxTPGuFYf0l27FCcXjD8EY=,aMRphgG0rawHmEF+zbik7OAKbqc=
-61,31,ABS0DTxTPGuFYf0l27FCcXjD8EY=,aMRphgG0rawHmEF+zbik7OAKbqc=
-60,31,ABS0DTxTPGuFYf0l27FCcXjD8EY=,aMRphgG0rawHmEF+zbik7OAKbqc=
-63,17,ABS0DTxTPGuFYf0l27FCcXjD8EY=,aMRphgG0rawHmEF+zbik7OAKbqc=
-49,17,ABS0DTxTPGuFYf0l27FCcXjD8EY=,aMRphgG0rawHmEF+zbik7OAKbqc=
-51,17,ABS0DTxTPGuFYf0l27FCcXjD8EY=,aMRphgG0rawHmEF+zbik7OAKbqc=
-63,31,ABS0DTxTPGuFYf0l27FCcXjD8EY=,aMRphgG0rawHmEF+zbik7OAKbqc=
-53,17,ABS0DTxTPGuFYf0l27FCcXjD8EY=,aMRphgG0rawHmEF+zbik7OAKbqc=
-50,17,ABS0DTxTPGuFYf0l27FCcXjD8EY=,aMRphgG0rawHmEF+zbik7OAKbqc=
-54,17,ABS0DTxTPGuFYf0l27FCcXjD8EY=,aMRphgG0rawHmEF+zbik7OAKbqc=
-55,17,ABS0DTxTPGuFYf0l27FCcXjD8EY=,aMRphgG0rawHmEF+zbik7OAKbqc=
-62,31,ABS0DTxTPGuFYf0l27FCcXjD8EY=,aMRphgG0rawHmEF+zbik7OAKbqc=
-56,17,ABS0DTxTPGuFYf0l27FCcXjD8EY=,aMRphgG0rawHmEF+zbik7OAKbqc=
-57,17,ABS0DTxTPGuFYf0l27FCcXjD8EY=,aMRphgG0rawHmEF+zbik7OAKbqc=
-58,17,ABS0DTxTPGuFYf0l27FCcXjD8EY=,aMRphgG0rawHmEF+zbik7OAKbqc=
-60,17,ABS0DTxTPGuFYf0l27FCcXjD8EY=,aMRphgG0rawHmEF+zbik7OAKbqc=
-64,31,ABS0DTxTPGuFYf0l27FCcXjD8EY=,aMRphgG0rawHmEF+zbik7OAKbqc=
-61,17,ABS0DTxTPGuFYf0l27FCcXjD8EY=,aMRphgG0rawHmEF+zbik7OAKbqc=
-59,17,ABS0DTxTPGuFYf0l27FCcXjD8EY=,aMRphgG0rawHmEF+zbik7OAKbqc=
-62,17,ABS0DTxTPGuFYf0l27FCcXjD8EY=,aMRphgG0rawHmEF+zbik7OAKbqc=
-49,30,ABS0DTxTPGuFYf0l27FCcXjD8EY=,aMRphgG0rawHmEF+zbik7OAKbqc=
-62,16,ABS0DTxTPGuFYf0l27FCcXjD8EY=,aMRphgG0rawHmEF+zbik7OAKbqc=
-50,30,ABS0DTxTPGuFYf0l27FCcXjD8EY=,aMRphgG0rawHmEF+zbik7OAKbqc=
-52,18,ABS0DTxTPGuFYf0l27FCcXjD8EY=,aMRphgG0rawHmEF+zbik7OAKbqc=
-51,30,ABS0DTxTPGuFYf0l27FCcXjD8EY=,aMRphgG0rawHmEF+zbik7OAKbqc=
-53,30,ABS0DTxTPGuFYf0l27FCcXjD8EY=,aMRphgG0rawHmEF+zbik7OAKbqc=
-54,30,ABS0DTxTPGuFYf0l27FCcXjD8EY=,aMRphgG0rawHmEF+zbik7OAKbqc=
-55,30,ABS0DTxTPGuFYf0l27FCcXjD8EY=,aMRphgG0rawHmEF+zbik7OAKbqc=
-56,30,ABS0DTxTPGuFYf0l27FCcXjD8EY=,aMRphgG0rawHmEF+zbik7OAKbqc=
-57,30,ABS0DTxTPGuFYf0l27FCcXjD8EY=,aMRphgG0rawHmEF+zbik7OAKbqc=
-58,30,ABS0DTxTPGuFYf0l27FCcXjD8EY=,aMRphgG0rawHmEF+zbik7OAKbqc=
-59,30,ABS0DTxTPGuFYf0l27FCcXjD8EY=,aMRphgG0rawHmEF+zbik7OAKbqc=
-60,30,ABS0DTxTPGuFYf0l27FCcXjD8EY=,aMRphgG0rawHmEF+zbik7OAKbqc=
-61,30,ABS0DTxTPGuFYf0l27FCcXjD8EY=,aMRphgG0rawHmEF+zbik7OAKbqc=
-62,30,ABS0DTxTPGuFYf0l27FCcXjD8EY=,aMRphgG0rawHmEF+zbik7OAKbqc=
-63,30,ABS0DTxTPGuFYf0l27FCcXjD8EY=,aMRphgG0rawHmEF+zbik7OAKbqc=
-49,29,ABS0DTxTPGuFYf0l27FCcXjD8EY=,aMRphgG0rawHmEF+zbik7OAKbqc=
-50,29,ABS0DTxTPGuFYf0l27FCcXjD8EY=,aMRphgG0rawHmEF+zbik7OAKbqc=
-64,30,ABS0DTxTPGuFYf0l27FCcXjD8EY=,aMRphgG0rawHmEF+zbik7OAKbqc=
-64,17,ABS0DTxTPGuFYf0l27FCcXjD8EY=,aMRphgG0rawHmEF+zbik7OAKbqc=
-49,16,ABS0DTxTPGuFYf0l27FCcXjD8EY=,aMRphgG0rawHmEF+zbik7OAKbqc=
-53,18,ABS0DTxTPGuFYf0l27FCcXjD8EY=,aMRphgG0rawHmEF+zbik7OAKbqc=
-51,29,ABS0DTxTPGuFYf0l27FCcXjD8EY=,aMRphgG0rawHmEF+zbik7OAKbqc=
-52,29,ABS0DTxTPGuFYf0l27FCcXjD8EY=,aMRphgG0rawHmEF+zbik7OAKbqc=
-54,29,ABS0DTxTPGuFYf0l27FCcXjD8EY=,aMRphgG0rawHmEF+zbik7OAKbqc=
-53,29,ABS0DTxTPGuFYf0l27FCcXjD8EY=,aMRphgG0rawHmEF+zbik7OAKbqc=
-56,29,ABS0DTxTPGuFYf0l27FCcXjD8EY=,aMRphgG0rawHmEF+zbik7OAKbqc=
-55,29,ABS0DTxTPGuFYf0l27FCcXjD8EY=,aMRphgG0rawHmEF+zbik7OAKbqc=
-57,29,ABS0DTxTPGuFYf0l27FCcXjD8EY=,aMRphgG0rawHmEF+zbik7OAKbqc=
-58,29,ABS0DTxTPGuFYf0l27FCcXjD8EY=,aMRphgG0rawHmEF+zbik7OAKbqc=
-60,29,ABS0DTxTPGuFYf0l27FCcXjD8EY=,aMRphgG0rawHmEF+zbik7OAKbqc=
-59,29,ABS0DTxTPGuFYf0l27FCcXjD8EY=,aMRphgG0rawHmEF+zbik7OAKbqc=
-61,29,ABS0DTxTPGuFYf0l27FCcXjD8EY=,aMRphgG0rawHmEF+zbik7OAKbqc=
-62,29,ABS0DTxTPGuFYf0l27FCcXjD8EY=,aMRphgG0rawHmEF+zbik7OAKbqc=
-63,29,ABS0DTxTPGuFYf0l27FCcXjD8EY=,aMRphgG0rawHmEF+zbik7OAKbqc=
-64,29,ABS0DTxTPGuFYf0l27FCcXjD8EY=,aMRphgG0rawHmEF+zbik7OAKbqc=
-63,16,ABS0DTxTPGuFYf0l27FCcXjD8EY=,aMRphgG0rawHmEF+zbik7OAKbqc=
-50,28,ABS0DTxTPGuFYf0l27FCcXjD8EY=,aMRphgG0rawHmEF+zbik7OAKbqc=
-51,28,ABS0DTxTPGuFYf0l27FCcXjD8EY=,aMRphgG0rawHmEF+zbik7OAKbqc=
-52,28,ABS0DTxTPGuFYf0l27FCcXjD8EY=,aMRphgG0rawHmEF+zbik7OAKbqc=
-50,16,ABS0DTxTPGuFYf0l27FCcXjD8EY=,aMRphgG0rawHmEF+zbik7OAKbqc=
-49,31,ABS0DTxTPGuFYf0l27FCcXjD8EY=,aMRphgG0rawHmEF+zbik7OAKbqc=
-53,28,ABS0DTxTPGuFYf0l27FCcXjD8EY=,aMRphgG0rawHmEF+zbik7OAKbqc=
-54,28,ABS0DTxTPGuFYf0l27FCcXjD8EY=,aMRphgG0rawHmEF+zbik7OAKbqc=
-55,28,ABS0DTxTPGuFYf0l27FCcXjD8EY=,aMRphgG0rawHmEF+zbik7OAKbqc=
-56,28,ABS0DTxTPGuFYf0l27FCcXjD8EY=,aMRphgG0rawHmEF+zbik7OAKbqc=
-57,28,ABS0DTxTPGuFYf0l27FCcXjD8EY=,aMRphgG0rawHmEF+zbik7OAKbqc=
-58,28,ABS0DTxTPGuFYf0l27FCcXjD8EY=,aMRphgG0rawHmEF+zbik7OAKbqc=
-59,28,ABS0DTxTPGuFYf0l27FCcXjD8EY=,aMRphgG0rawHmEF+zbik7OAKbqc=
-60,28,ABS0DTxTPGuFYf0l27FCcXjD8EY=,aMRphgG0rawHmEF+zbik7OAKbqc=
-61,28,ABS0DTxTPGuFYf0l27FCcXjD8EY=,aMRphgG0rawHmEF+zbik7OAKbqc=
-62,28,ABS0DTxTPGuFYf0l27FCcXjD8EY=,aMRphgG0rawHmEF+zbik7OAKbqc=
-63,28,ABS0DTxTPGuFYf0l27FCcXjD8EY=,aMRphgG0rawHmEF+zbik7OAKbqc=
-64,28,ABS0DTxTPGuFYf0l27FCcXjD8EY=,aMRphgG0rawHmEF+zbik7OAKbqc=
-49,27,ABS0DTxTPGuFYf0l27FCcXjD8EY=,aMRphgG0rawHmEF+zbik7OAKbqc=
-52,17,ABS0DTxTPGuFYf0l27FCcXjD8EY=,aMRphgG0rawHmEF+zbik7OAKbqc=
-49,28,ABS0DTxTPGuFYf0l27FCcXjD8EY=,aMRphgG0rawHmEF+zbik7OAKbqc=
-52,27,ABS0DTxTPGuFYf0l27FCcXjD8EY=,aMRphgG0rawHmEF+zbik7OAKbqc=
-53,27,ABS0DTxTPGuFYf0l27FCcXjD8EY=,aMRphgG0rawHmEF+zbik7OAKbqc=
-51,16,ABS0DTxTPGuFYf0l27FCcXjD8EY=,aMRphgG0rawHmEF+zbik7OAKbqc=
-55,18,ABS0DTxTPGuFYf0l27FCcXjD8EY=,aMRphgG0rawHmEF+zbik7OAKbqc=
-54,27,ABS0DTxTPGuFYf0l27FCcXjD8EY=,aMRphgG0rawHmEF+zbik7OAKbqc=
-54,18,ABS0DTxTPGuFYf0l27FCcXjD8EY=,aMRphgG0rawHmEF+zbik7OAKbqc=
-55,27,ABS0DTxTPGuFYf0l27FCcXjD8EY=,aMRphgG0rawHmEF+zbik7OAKbqc=
-57,27,ABS0DTxTPGuFYf0l27FCcXjD8EY=,aMRphgG0rawHmEF+zbik7OAKbqc=
-56,27,ABS0DTxTPGuFYf0l27FCcXjD8EY=,aMRphgG0rawHmEF+zbik7OAKbqc=
-58,27,ABS0DTxTPGuFYf0l27FCcXjD8EY=,aMRphgG0rawHmEF+zbik7OAKbqc=
-52,30,ABS0DTxTPGuFYf0l27FCcXjD8EY=,aMRphgG0rawHmEF+zbik7OAKbqc=
-59,27,ABS0DTxTPGuFYf0l27FCcXjD8EY=,aMRphgG0rawHmEF+zbik7OAKbqc=
-60,27,ABS0DTxTPGuFYf0l27FCcXjD8EY=,aMRphgG0rawHmEF+zbik7OAKbqc=
-62,27,ABS0DTxTPGuFYf0l27FCcXjD8EY=,aMRphgG0rawHmEF+zbik7OAKbqc=
-63,27,ABS0DTxTPGuFYf0l27FCcXjD8EY=,aMRphgG0rawHmEF+zbik7OAKbqc=
-61,27,ABS0DTxTPGuFYf0l27FCcXjD8EY=,aMRphgG0rawHmEF+zbik7OAKbqc=
-50,27,ABS0DTxTPGuFYf0l27FCcXjD8EY=,aMRphgG0rawHmEF+zbik7OAKbqc=
-64,27,ABS0DTxTPGuFYf0l27FCcXjD8EY=,aMRphgG0rawHmEF+zbik7OAKbqc=
-52,26,ABS0DTxTPGuFYf0l27FCcXjD8EY=,aMRphgG0rawHmEF+zbik7OAKbqc=
-53,26,ABS0DTxTPGuFYf0l27FCcXjD8EY=,aMRphgG0rawHmEF+zbik7OAKbqc=
-54,26,ABS0DTxTPGuFYf0l27FCcXjD8EY=,aMRphgG0rawHmEF+zbik7OAKbqc=
-56,18,ABS0DTxTPGuFYf0l27FCcXjD8EY=,aMRphgG0rawHmEF+zbik7OAKbqc=
-52,16,ABS0DTxTPGuFYf0l27FCcXjD8EY=,aMRphgG0rawHmEF+zbik7OAKbqc=
-55,26,ABS0DTxTPGuFYf0l27FCcXjD8EY=,aMRphgG0rawHmEF+zbik7OAKbqc=
-50,26,ABS0DTxTPGuFYf0l27FCcXjD8EY=,aMRphgG0rawHmEF+zbik7OAKbqc=
-57,26,ABS0DTxTPGuFYf0l27FCcXjD8EY=,aMRphgG0rawHmEF+zbik7OAKbqc=
-58,26,ABS0DTxTPGuFYf0l27FCcXjD8EY=,aMRphgG0rawHmEF+zbik7OAKbqc=
-60,26,ABS0DTxTPGuFYf0l27FCcXjD8EY=,aMRphgG0rawHmEF+zbik7OAKbqc=
-59,26,ABS0DTxTPGuFYf0l27FCcXjD8EY=,aMRphgG0rawHmEF+zbik7OAKbqc=
-61,26,ABS0DTxTPGuFYf0l27FCcXjD8EY=,aMRphgG0rawHmEF+zbik7OAKbqc=
-62,26,ABS0DTxTPGuFYf0l27FCcXjD8EY=,aMRphgG0rawHmEF+zbik7OAKbqc=
-63,26,ABS0DTxTPGuFYf0l27FCcXjD8EY=,aMRphgG0rawHmEF+zbik7OAKbqc=
-64,26,ABS0DTxTPGuFYf0l27FCcXjD8EY=,aMRphgG0rawHmEF+zbik7OAKbqc=
-51,27,ABS0DTxTPGuFYf0l27FCcXjD8EY=,aMRphgG0rawHmEF+zbik7OAKbqc=
-51,26,ABS0DTxTPGuFYf0l27FCcXjD8EY=,aMRphgG0rawHmEF+zbik7OAKbqc=
-51,25,ABS0DTxTPGuFYf0l27FCcXjD8EY=,aMRphgG0rawHmEF+zbik7OAKbqc=
-52,25,ABS0DTxTPGuFYf0l27FCcXjD8EY=,aMRphgG0rawHmEF+zbik7OAKbqc=
-53,25,ABS0DTxTPGuFYf0l27FCcXjD8EY=,aMRphgG0rawHmEF+zbik7OAKbqc=
-54,25,ABS0DTxTPGuFYf0l27FCcXjD8EY=,aMRphgG0rawHmEF+zbik7OAKbqc=
-55,25,ABS0DTxTPGuFYf0l27FCcXjD8EY=,aMRphgG0rawHmEF+zbik7OAKbqc=
-53,16,ABS0DTxTPGuFYf0l27FCcXjD8EY=,aMRphgG0rawHmEF+zbik7OAKbqc=
-57,18,ABS0DTxTPGuFYf0l27FCcXjD8EY=,aMRphgG0rawHmEF+zbik7OAKbqc=
-56,25,ABS0DTxTPGuFYf0l27FCcXjD8EY=,aMRphgG0rawHmEF+zbik7OAKbqc=
-57,25,ABS0DTxTPGuFYf0l27FCcXjD8EY=,aMRphgG0rawHmEF+zbik7OAKbqc=
-58,25,ABS0DTxTPGuFYf0l27FCcXjD8EY=,aMRphgG0rawHmEF+zbik7OAKbqc=
-59,25,ABS0DTxTPGuFYf0l27FCcXjD8EY=,aMRphgG0rawHmEF+zbik7OAKbqc=
-61,25,ABS0DTxTPGuFYf0l27FCcXjD8EY=,aMRphgG0rawHmEF+zbik7OAKbqc=
-60,25,ABS0DTxTPGuFYf0l27FCcXjD8EY=,aMRphgG0rawHmEF+zbik7OAKbqc=
-62,25,ABS0DTxTPGuFYf0l27FCcXjD8EY=,aMRphgG0rawHmEF+zbik7OAKbqc=
-63,25,ABS0DTxTPGuFYf0l27FCcXjD8EY=,aMRphgG0rawHmEF+zbik7OAKbqc=
-64,25,ABS0DTxTPGuFYf0l27FCcXjD8EY=,aMRphgG0rawHmEF+zbik7OAKbqc=
-49,24,ABS0DTxTPGuFYf0l27FCcXjD8EY=,aMRphgG0rawHmEF+zbik7OAKbqc=
-50,24,ABS0DTxTPGuFYf0l27FCcXjD8EY=,aMRphgG0rawHmEF+zbik7OAKbqc=
-51,24,ABS0DTxTPGuFYf0l27FCcXjD8EY=,aMRphgG0rawHmEF+zbik7OAKbqc=
-52,24,ABS0DTxTPGuFYf0l27FCcXjD8EY=,aMRphgG0rawHmEF+zbik7OAKbqc=
-53,24,ABS0DTxTPGuFYf0l27FCcXjD8EY=,aMRphgG0rawHmEF+zbik7OAKbqc=
-54,24,ABS0DTxTPGuFYf0l27FCcXjD8EY=,aMRphgG0rawHmEF+zbik7OAKbqc=
-55,24,ABS0DTxTPGuFYf0l27FCcXjD8EY=,aMRphgG0rawHmEF+zbik7OAKbqc=
-56,24,ABS0DTxTPGuFYf0l27FCcXjD8EY=,aMRphgG0rawHmEF+zbik7OAKbqc=
-50,25,ABS0DTxTPGuFYf0l27FCcXjD8EY=,aMRphgG0rawHmEF+zbik7OAKbqc=
-58,18,ABS0DTxTPGuFYf0l27FCcXjD8EY=,aMRphgG0rawHmEF+zbik7OAKbqc=
-57,24,ABS0DTxTPGuFYf0l27FCcXjD8EY=,aMRphgG0rawHmEF+zbik7OAKbqc=
-58,24,ABS0DTxTPGuFYf0l27FCcXjD8EY=,aMRphgG0rawHmEF+zbik7OAKbqc=
-59,24,ABS0DTxTPGuFYf0l27FCcXjD8EY=,aMRphgG0rawHmEF+zbik7OAKbqc=
-60,24,ABS0DTxTPGuFYf0l27FCcXjD8EY=,aMRphgG0rawHmEF+zbik7OAKbqc=
-61,24,ABS0DTxTPGuFYf0l27FCcXjD8EY=,aMRphgG0rawHmEF+zbik7OAKbqc=
-62,24,ABS0DTxTPGuFYf0l27FCcXjD8EY=,aMRphgG0rawHmEF+zbik7OAKbqc=
-63,24,ABS0DTxTPGuFYf0l27FCcXjD8EY=,aMRphgG0rawHmEF+zbik7OAKbqc=
-64,24,ABS0DTxTPGuFYf0l27FCcXjD8EY=,aMRphgG0rawHmEF+zbik7OAKbqc=
-49,23,ABS0DTxTPGuFYf0l27FCcXjD8EY=,aMRphgG0rawHmEF+zbik7OAKbqc=
-49,25,ABS0DTxTPGuFYf0l27FCcXjD8EY=,aMRphgG0rawHmEF+zbik7OAKbqc=
-50,23,ABS0DTxTPGuFYf0l27FCcXjD8EY=,aMRphgG0rawHmEF+zbik7OAKbqc=
-52,23,ABS0DTxTPGuFYf0l27FCcXjD8EY=,aMRphgG0rawHmEF+zbik7OAKbqc=
-51,23,ABS0DTxTPGuFYf0l27FCcXjD8EY=,aMRphgG0rawHmEF+zbik7OAKbqc=
-53,23,ABS0DTxTPGuFYf0l27FCcXjD8EY=,aMRphgG0rawHmEF+zbik7OAKbqc=
-54,23,ABS0DTxTPGuFYf0l27FCcXjD8EY=,aMRphgG0rawHmEF+zbik7OAKbqc=
-56,26,ABS0DTxTPGuFYf0l27FCcXjD8EY=,aMRphgG0rawHmEF+zbik7OAKbqc=
-55,23,ABS0DTxTPGuFYf0l27FCcXjD8EY=,aMRphgG0rawHmEF+zbik7OAKbqc=
-57,23,ABS0DTxTPGuFYf0l27FCcXjD8EY=,aMRphgG0rawHmEF+zbik7OAKbqc=
-59,18,ABS0DTxTPGuFYf0l27FCcXjD8EY=,aMRphgG0rawHmEF+zbik7OAKbqc=
-58,23,ABS0DTxTPGuFYf0l27FCcXjD8EY=,aMRphgG0rawHmEF+zbik7OAKbqc=
-59,23,ABS0DTxTPGuFYf0l27FCcXjD8EY=,aMRphgG0rawHmEF+zbik7OAKbqc=
-61,23,ABS0DTxTPGuFYf0l27FCcXjD8EY=,aMRphgG0rawHmEF+zbik7OAKbqc=
-60,23,ABS0DTxTPGuFYf0l27FCcXjD8EY=,aMRphgG0rawHmEF+zbik7OAKbqc=
-49,26,ABS0DTxTPGuFYf0l27FCcXjD8EY=,aMRphgG0rawHmEF+zbik7OAKbqc=
-62,23,ABS0DTxTPGuFYf0l27FCcXjD8EY=,aMRphgG0rawHmEF+zbik7OAKbqc=
-64,23,ABS0DTxTPGuFYf0l27FCcXjD8EY=,aMRphgG0rawHmEF+zbik7OAKbqc=
-49,22,ABS0DTxTPGuFYf0l27FCcXjD8EY=,aMRphgG0rawHmEF+zbik7OAKbqc=
-63,23,ABS0DTxTPGuFYf0l27FCcXjD8EY=,aMRphgG0rawHmEF+zbik7OAKbqc=
-50,22,ABS0DTxTPGuFYf0l27FCcXjD8EY=,aMRphgG0rawHmEF+zbik7OAKbqc=
-51,22,ABS0DTxTPGuFYf0l27FCcXjD8EY=,aMRphgG0rawHmEF+zbik7OAKbqc=
-52,22,ABS0DTxTPGuFYf0l27FCcXjD8EY=,aMRphgG0rawHmEF+zbik7OAKbqc=
-53,22,ABS0DTxTPGuFYf0l27FCcXjD8EY=,aMRphgG0rawHmEF+zbik7OAKbqc=
-55,22,ABS0DTxTPGuFYf0l27FCcXjD8EY=,aMRphgG0rawHmEF+zbik7OAKbqc=
-56,23,ABS0DTxTPGuFYf0l27FCcXjD8EY=,aMRphgG0rawHmEF+zbik7OAKbqc=
-57,22,ABS0DTxTPGuFYf0l27FCcXjD8EY=,aMRphgG0rawHmEF+zbik7OAKbqc=
-56,16,ABS0DTxTPGuFYf0l27FCcXjD8EY=,aMRphgG0rawHmEF+zbik7OAKbqc=
-58,22,ABS0DTxTPGuFYf0l27FCcXjD8EY=,aMRphgG0rawHmEF+zbik7OAKbqc=
-60,18,ABS0DTxTPGuFYf0l27FCcXjD8EY=,aMRphgG0rawHmEF+zbik7OAKbqc=
-59,22,ABS0DTxTPGuFYf0l27FCcXjD8EY=,aMRphgG0rawHmEF+zbik7OAKbqc=
-60,22,ABS0DTxTPGuFYf0l27FCcXjD8EY=,aMRphgG0rawHmEF+zbik7OAKbqc=
-61,22,ABS0DTxTPGuFYf0l27FCcXjD8EY=,aMRphgG0rawHmEF+zbik7OAKbqc=
-62,22,ABS0DTxTPGuFYf0l27FCcXjD8EY=,aMRphgG0rawHmEF+zbik7OAKbqc=
-64,22,ABS0DTxTPGuFYf0l27FCcXjD8EY=,aMRphgG0rawHmEF+zbik7OAKbqc=
-63,22,ABS0DTxTPGuFYf0l27FCcXjD8EY=,aMRphgG0rawHmEF+zbik7OAKbqc=
-54,16,ABS0DTxTPGuFYf0l27FCcXjD8EY=,aMRphgG0rawHmEF+zbik7OAKbqc=
-50,21,ABS0DTxTPGuFYf0l27FCcXjD8EY=,aMRphgG0rawHmEF+zbik7OAKbqc=
-51,21,ABS0DTxTPGuFYf0l27FCcXjD8EY=,aMRphgG0rawHmEF+zbik7OAKbqc=
-52,21,ABS0DTxTPGuFYf0l27FCcXjD8EY=,aMRphgG0rawHmEF+zbik7OAKbqc=
-53,21,ABS0DTxTPGuFYf0l27FCcXjD8EY=,aMRphgG0rawHmEF+zbik7OAKbqc=
-54,21,ABS0DTxTPGuFYf0l27FCcXjD8EY=,aMRphgG0rawHmEF+zbik7OAKbqc=
-55,21,ABS0DTxTPGuFYf0l27FCcXjD8EY=,aMRphgG0rawHmEF+zbik7OAKbqc=
-56,21,ABS0DTxTPGuFYf0l27FCcXjD8EY=,aMRphgG0rawHmEF+zbik7OAKbqc=
-56,22,ABS0DTxTPGuFYf0l27FCcXjD8EY=,aMRphgG0rawHmEF+zbik7OAKbqc=
-58,21,ABS0DTxTPGuFYf0l27FCcXjD8EY=,aMRphgG0rawHmEF+zbik7OAKbqc=
-57,16,ABS0DTxTPGuFYf0l27FCcXjD8EY=,aMRphgG0rawHmEF+zbik7OAKbqc=
-59,21,ABS0DTxTPGuFYf0l27FCcXjD8EY=,aMRphgG0rawHmEF+zbik7OAKbqc=
-61,18,ABS0DTxTPGuFYf0l27FCcXjD8EY=,aMRphgG0rawHmEF+zbik7OAKbqc=
-60,21,ABS0DTxTPGuFYf0l27FCcXjD8EY=,aMRphgG0rawHmEF+zbik7OAKbqc=
-54,22,ABS0DTxTPGuFYf0l27FCcXjD8EY=,aMRphgG0rawHmEF+zbik7OAKbqc=
-62,21,ABS0DTxTPGuFYf0l27FCcXjD8EY=,aMRphgG0rawHmEF+zbik7OAKbqc=
-61,21,ABS0DTxTPGuFYf0l27FCcXjD8EY=,aMRphgG0rawHmEF+zbik7OAKbqc=
-63,21,ABS0DTxTPGuFYf0l27FCcXjD8EY=,aMRphgG0rawHmEF+zbik7OAKbqc=
-64,21,ABS0DTxTPGuFYf0l27FCcXjD8EY=,aMRphgG0rawHmEF+zbik7OAKbqc=
-55,16,ABS0DTxTPGuFYf0l27FCcXjD8EY=,aMRphgG0rawHmEF+zbik7OAKbqc=
-57,21,ABS0DTxTPGuFYf0l27FCcXjD8EY=,aMRphgG0rawHmEF+zbik7OAKbqc=
-51,20,ABS0DTxTPGuFYf0l27FCcXjD8EY=,aMRphgG0rawHmEF+zbik7OAKbqc=
-52,20,ABS0DTxTPGuFYf0l27FCcXjD8EY=,aMRphgG0rawHmEF+zbik7OAKbqc=
-53,20,ABS0DTxTPGuFYf0l27FCcXjD8EY=,aMRphgG0rawHmEF+zbik7OAKbqc=
-54,20,ABS0DTxTPGuFYf0l27FCcXjD8EY=,aMRphgG0rawHmEF+zbik7OAKbqc=
-55,20,ABS0DTxTPGuFYf0l27FCcXjD8EY=,aMRphgG0rawHmEF+zbik7OAKbqc=
-49,21,ABS0DTxTPGuFYf0l27FCcXjD8EY=,aMRphgG0rawHmEF+zbik7OAKbqc=
-57,20,ABS0DTxTPGuFYf0l27FCcXjD8EY=,aMRphgG0rawHmEF+zbik7OAKbqc=
-58,20,ABS0DTxTPGuFYf0l27FCcXjD8EY=,aMRphgG0rawHmEF+zbik7OAKbqc=
-59,20,ABS0DTxTPGuFYf0l27FCcXjD8EY=,aMRphgG0rawHmEF+zbik7OAKbqc=
-60,20,ABS0DTxTPGuFYf0l27FCcXjD8EY=,aMRphgG0rawHmEF+zbik7OAKbqc=
-59,16,ABS0DTxTPGuFYf0l27FCcXjD8EY=,aMRphgG0rawHmEF+zbik7OAKbqc=
-62,18,ABS0DTxTPGuFYf0l27FCcXjD8EY=,aMRphgG0rawHmEF+zbik7OAKbqc=
-61,20,ABS0DTxTPGuFYf0l27FCcXjD8EY=,aMRphgG0rawHmEF+zbik7OAKbqc=
-62,20,ABS0DTxTPGuFYf0l27FCcXjD8EY=,aMRphgG0rawHmEF+zbik7OAKbqc=
-63,20,ABS0DTxTPGuFYf0l27FCcXjD8EY=,aMRphgG0rawHmEF+zbik7OAKbqc=
-56,20,ABS0DTxTPGuFYf0l27FCcXjD8EY=,aMRphgG0rawHmEF+zbik7OAKbqc=
-64,20,ABS0DTxTPGuFYf0l27FCcXjD8EY=,aMRphgG0rawHmEF+zbik7OAKbqc=
-63,18,ABS0DTxTPGuFYf0l27FCcXjD8EY=,aMRphgG0rawHmEF+zbik7OAKbqc=
-50,19,ABS0DTxTPGuFYf0l27FCcXjD8EY=,aMRphgG0rawHmEF+zbik7OAKbqc=
-64,16,ABS0DTxTPGuFYf0l27FCcXjD8EY=,aMRphgG0rawHmEF+zbik7OAKbqc=
-51,19,ABS0DTxTPGuFYf0l27FCcXjD8EY=,aMRphgG0rawHmEF+zbik7OAKbqc=
-52,19,ABS0DTxTPGuFYf0l27FCcXjD8EY=,aMRphgG0rawHmEF+zbik7OAKbqc=
-53,19,ABS0DTxTPGuFYf0l27FCcXjD8EY=,aMRphgG0rawHmEF+zbik7OAKbqc=
-58,16,ABS0DTxTPGuFYf0l27FCcXjD8EY=,aMRphgG0rawHmEF+zbik7OAKbqc=
-55,19,ABS0DTxTPGuFYf0l27FCcXjD8EY=,aMRphgG0rawHmEF+zbik7OAKbqc=
-56,19,ABS0DTxTPGuFYf0l27FCcXjD8EY=,aMRphgG0rawHmEF+zbik7OAKbqc=
-57,19,ABS0DTxTPGuFYf0l27FCcXjD8EY=,aMRphgG0rawHmEF+zbik7OAKbqc=
-58,19,ABS0DTxTPGuFYf0l27FCcXjD8EY=,aMRphgG0rawHmEF+zbik7OAKbqc=
-49,20,ABS0DTxTPGuFYf0l27FCcXjD8EY=,aMRphgG0rawHmEF+zbik7OAKbqc=
-60,19,ABS0DTxTPGuFYf0l27FCcXjD8EY=,aMRphgG0rawHmEF+zbik7OAKbqc=
-61,19,ABS0DTxTPGuFYf0l27FCcXjD8EY=,aMRphgG0rawHmEF+zbik7OAKbqc=
-60,16,ABS0DTxTPGuFYf0l27FCcXjD8EY=,aMRphgG0rawHmEF+zbik7OAKbqc=
-64,18,ABS0DTxTPGuFYf0l27FCcXjD8EY=,aMRphgG0rawHmEF+zbik7OAKbqc=
-62,19,ABS0DTxTPGuFYf0l27FCcXjD8EY=,aMRphgG0rawHmEF+zbik7OAKbqc=
-63,19,ABS0DTxTPGuFYf0l27FCcXjD8EY=,aMRphgG0rawHmEF+zbik7OAKbqc=
-64,19,ABS0DTxTPGuFYf0l27FCcXjD8EY=,aMRphgG0rawHmEF+zbik7OAKbqc=
-49,18,ABS0DTxTPGuFYf0l27FCcXjD8EY=,aMRphgG0rawHmEF+zbik7OAKbqc=
-49,19,ABS0DTxTPGuFYf0l27FCcXjD8EY=,aMRphgG0rawHmEF+zbik7OAKbqc=
-54,19,ABS0DTxTPGuFYf0l27FCcXjD8EY=,aMRphgG0rawHmEF+zbik7OAKbqc=
-59,19,ABS0DTxTPGuFYf0l27FCcXjD8EY=,aMRphgG0rawHmEF+zbik7OAKbqc=
-50,20,ABS0DTxTPGuFYf0l27FCcXjD8EY=,aMRphgG0rawHmEF+zbik7OAKbqc=
-33,31,xN14kV63Gg2skkKR417XnBwiYgc=,3UB3n22ZU/bOs8/qH0EhIODyDos=
-45,16,xN14kV63Gg2skkKR417XnBwiYgc=,3UB3n22ZU/bOs8/qH0EhIODyDos=
-34,31,xN14kV63Gg2skkKR417XnBwiYgc=,3UB3n22ZU/bOs8/qH0EhIODyDos=
-34,18,xN14kV63Gg2skkKR417XnBwiYgc=,3UB3n22ZU/bOs8/qH0EhIODyDos=
-35,31,xN14kV63Gg2skkKR417XnBwiYgc=,3UB3n22ZU/bOs8/qH0EhIODyDos=
-36,31,xN14kV63Gg2skkKR417XnBwiYgc=,3UB3n22ZU/bOs8/qH0EhIODyDos=
-37,31,xN14kV63Gg2skkKR417XnBwiYgc=,3UB3n22ZU/bOs8/qH0EhIODyDos=
-40,31,xN14kV63Gg2skkKR417XnBwiYgc=,3UB3n22ZU/bOs8/qH0EhIODyDos=
-41,31,xN14kV63Gg2skkKR417XnBwiYgc=,3UB3n22ZU/bOs8/qH0EhIODyDos=
-42,31,xN14kV63Gg2skkKR417XnBwiYgc=,3UB3n22ZU/bOs8/qH0EhIODyDos=
-43,31,xN14kV63Gg2skkKR417XnBwiYgc=,3UB3n22ZU/bOs8/qH0EhIODyDos=
-44,31,xN14kV63Gg2skkKR417XnBwiYgc=,3UB3n22ZU/bOs8/qH0EhIODyDos=
-45,31,xN14kV63Gg2skkKR417XnBwiYgc=,3UB3n22ZU/bOs8/qH0EhIODyDos=
-46,31,xN14kV63Gg2skkKR417XnBwiYgc=,3UB3n22ZU/bOs8/qH0EhIODyDos=
-35,18,xN14kV63Gg2skkKR417XnBwiYgc=,3UB3n22ZU/bOs8/qH0EhIODyDos=
-39,31,xN14kV63Gg2skkKR417XnBwiYgc=,3UB3n22ZU/bOs8/qH0EhIODyDos=
-47,31,xN14kV63Gg2skkKR417XnBwiYgc=,3UB3n22ZU/bOs8/qH0EhIODyDos=
-33,18,xN14kV63Gg2skkKR417XnBwiYgc=,3UB3n22ZU/bOs8/qH0EhIODyDos=
-48,19,xN14kV63Gg2skkKR417XnBwiYgc=,3UB3n22ZU/bOs8/qH0EhIODyDos=
-47,19,xN14kV63Gg2skkKR417XnBwiYgc=,3UB3n22ZU/bOs8/qH0EhIODyDos=
-46,19,xN14kV63Gg2skkKR417XnBwiYgc=,3UB3n22ZU/bOs8/qH0EhIODyDos=
-48,18,xN14kV63Gg2skkKR417XnBwiYgc=,3UB3n22ZU/bOs8/qH0EhIODyDos=
-45,19,xN14kV63Gg2skkKR417XnBwiYgc=,3UB3n22ZU/bOs8/qH0EhIODyDos=
-44,16,xN14kV63Gg2skkKR417XnBwiYgc=,3UB3n22ZU/bOs8/qH0EhIODyDos=
-47,17,xN14kV63Gg2skkKR417XnBwiYgc=,3UB3n22ZU/bOs8/qH0EhIODyDos=
-38,31,xN14kV63Gg2skkKR417XnBwiYgc=,3UB3n22ZU/bOs8/qH0EhIODyDos=
-33,17,xN14kV63Gg2skkKR417XnBwiYgc=,3UB3n22ZU/bOs8/qH0EhIODyDos=
-44,19,xN14kV63Gg2skkKR417XnBwiYgc=,3UB3n22ZU/bOs8/qH0EhIODyDos=
-36,17,xN14kV63Gg2skkKR417XnBwiYgc=,3UB3n22ZU/bOs8/qH0EhIODyDos=
-34,17,xN14kV63Gg2skkKR417XnBwiYgc=,3UB3n22ZU/bOs8/qH0EhIODyDos=
-39,17,xN14kV63Gg2skkKR417XnBwiYgc=,3UB3n22ZU/bOs8/qH0EhIODyDos=
-40,17,xN14kV63Gg2skkKR417XnBwiYgc=,3UB3n22ZU/bOs8/qH0EhIODyDos=
-42,17,xN14kV63Gg2skkKR417XnBwiYgc=,3UB3n22ZU/bOs8/qH0EhIODyDos=
-45,17,xN14kV63Gg2skkKR417XnBwiYgc=,3UB3n22ZU/bOs8/qH0EhIODyDos=
-48,31,xN14kV63Gg2skkKR417XnBwiYgc=,3UB3n22ZU/bOs8/qH0EhIODyDos=
-33,30,xN14kV63Gg2skkKR417XnBwiYgc=,3UB3n22ZU/bOs8/qH0EhIODyDos=
-46,17,xN14kV63Gg2skkKR417XnBwiYgc=,3UB3n22ZU/bOs8/qH0EhIODyDos=
-46,16,xN14kV63Gg2skkKR417XnBwiYgc=,3UB3n22ZU/bOs8/qH0EhIODyDos=
-34,30,xN14kV63Gg2skkKR417XnBwiYgc=,3UB3n22ZU/bOs8/qH0EhIODyDos=
-41,17,xN14kV63Gg2skkKR417XnBwiYgc=,3UB3n22ZU/bOs8/qH0EhIODyDos=
-35,30,xN14kV63Gg2skkKR417XnBwiYgc=,3UB3n22ZU/bOs8/qH0EhIODyDos=
-36,30,xN14kV63Gg2skkKR417XnBwiYgc=,3UB3n22ZU/bOs8/qH0EhIODyDos=
-43,17,xN14kV63Gg2skkKR417XnBwiYgc=,3UB3n22ZU/bOs8/qH0EhIODyDos=
-44,17,xN14kV63Gg2skkKR417XnBwiYgc=,3UB3n22ZU/bOs8/qH0EhIODyDos=
-37,30,xN14kV63Gg2skkKR417XnBwiYgc=,3UB3n22ZU/bOs8/qH0EhIODyDos=
-41,30,xN14kV63Gg2skkKR417XnBwiYgc=,3UB3n22ZU/bOs8/qH0EhIODyDos=
-42,30,xN14kV63Gg2skkKR417XnBwiYgc=,3UB3n22ZU/bOs8/qH0EhIODyDos=
-43,30,xN14kV63Gg2skkKR417XnBwiYgc=,3UB3n22ZU/bOs8/qH0EhIODyDos=
-35,17,xN14kV63Gg2skkKR417XnBwiYgc=,3UB3n22ZU/bOs8/qH0EhIODyDos=
-44,30,xN14kV63Gg2skkKR417XnBwiYgc=,3UB3n22ZU/bOs8/qH0EhIODyDos=
-45,30,xN14kV63Gg2skkKR417XnBwiYgc=,3UB3n22ZU/bOs8/qH0EhIODyDos=
-46,30,xN14kV63Gg2skkKR417XnBwiYgc=,3UB3n22ZU/bOs8/qH0EhIODyDos=
-47,30,xN14kV63Gg2skkKR417XnBwiYgc=,3UB3n22ZU/bOs8/qH0EhIODyDos=
-48,30,xN14kV63Gg2skkKR417XnBwiYgc=,3UB3n22ZU/bOs8/qH0EhIODyDos=
-33,29,xN14kV63Gg2skkKR417XnBwiYgc=,3UB3n22ZU/bOs8/qH0EhIODyDos=
-34,29,xN14kV63Gg2skkKR417XnBwiYgc=,3UB3n22ZU/bOs8/qH0EhIODyDos=
-40,30,xN14kV63Gg2skkKR417XnBwiYgc=,3UB3n22ZU/bOs8/qH0EhIODyDos=
-39,30,xN14kV63Gg2skkKR417XnBwiYgc=,3UB3n22ZU/bOs8/qH0EhIODyDos=
-48,17,xN14kV63Gg2skkKR417XnBwiYgc=,3UB3n22ZU/bOs8/qH0EhIODyDos=
-36,18,xN14kV63Gg2skkKR417XnBwiYgc=,3UB3n22ZU/bOs8/qH0EhIODyDos=
-35,29,xN14kV63Gg2skkKR417XnBwiYgc=,3UB3n22ZU/bOs8/qH0EhIODyDos=
-43,19,xN14kV63Gg2skkKR417XnBwiYgc=,3UB3n22ZU/bOs8/qH0EhIODyDos=
-36,29,xN14kV63Gg2skkKR417XnBwiYgc=,3UB3n22ZU/bOs8/qH0EhIODyDos=
-37,18,xN14kV63Gg2skkKR417XnBwiYgc=,3UB3n22ZU/bOs8/qH0EhIODyDos=
-33,16,xN14kV63Gg2skkKR417XnBwiYgc=,3UB3n22ZU/bOs8/qH0EhIODyDos=
-40,29,xN14kV63Gg2skkKR417XnBwiYgc=,3UB3n22ZU/bOs8/qH0EhIODyDos=
-41,29,xN14kV63Gg2skkKR417XnBwiYgc=,3UB3n22ZU/bOs8/qH0EhIODyDos=
-42,29,xN14kV63Gg2skkKR417XnBwiYgc=,3UB3n22ZU/bOs8/qH0EhIODyDos=
-43,29,xN14kV63Gg2skkKR417XnBwiYgc=,3UB3n22ZU/bOs8/qH0EhIODyDos=
-44,29,xN14kV63Gg2skkKR417XnBwiYgc=,3UB3n22ZU/bOs8/qH0EhIODyDos=
-46,29,xN14kV63Gg2skkKR417XnBwiYgc=,3UB3n22ZU/bOs8/qH0EhIODyDos=
-47,29,xN14kV63Gg2skkKR417XnBwiYgc=,3UB3n22ZU/bOs8/qH0EhIODyDos=
-48,29,xN14kV63Gg2skkKR417XnBwiYgc=,3UB3n22ZU/bOs8/qH0EhIODyDos=
-47,16,xN14kV63Gg2skkKR417XnBwiYgc=,3UB3n22ZU/bOs8/qH0EhIODyDos=
-45,29,xN14kV63Gg2skkKR417XnBwiYgc=,3UB3n22ZU/bOs8/qH0EhIODyDos=
-34,28,xN14kV63Gg2skkKR417XnBwiYgc=,3UB3n22ZU/bOs8/qH0EhIODyDos=
-33,28,xN14kV63Gg2skkKR417XnBwiYgc=,3UB3n22ZU/bOs8/qH0EhIODyDos=
-35,28,xN14kV63Gg2skkKR417XnBwiYgc=,3UB3n22ZU/bOs8/qH0EhIODyDos=
-36,28,xN14kV63Gg2skkKR417XnBwiYgc=,3UB3n22ZU/bOs8/qH0EhIODyDos=
-42,19,xN14kV63Gg2skkKR417XnBwiYgc=,3UB3n22ZU/bOs8/qH0EhIODyDos=
-38,29,xN14kV63Gg2skkKR417XnBwiYgc=,3UB3n22ZU/bOs8/qH0EhIODyDos=
-39,29,xN14kV63Gg2skkKR417XnBwiYgc=,3UB3n22ZU/bOs8/qH0EhIODyDos=
-37,29,xN14kV63Gg2skkKR417XnBwiYgc=,3UB3n22ZU/bOs8/qH0EhIODyDos=
-38,18,xN14kV63Gg2skkKR417XnBwiYgc=,3UB3n22ZU/bOs8/qH0EhIODyDos=
-38,28,xN14kV63Gg2skkKR417XnBwiYgc=,3UB3n22ZU/bOs8/qH0EhIODyDos=
-41,28,xN14kV63Gg2skkKR417XnBwiYgc=,3UB3n22ZU/bOs8/qH0EhIODyDos=
-42,28,xN14kV63Gg2skkKR417XnBwiYgc=,3UB3n22ZU/bOs8/qH0EhIODyDos=
-40,28,xN14kV63Gg2skkKR417XnBwiYgc=,3UB3n22ZU/bOs8/qH0EhIODyDos=
-43,28,xN14kV63Gg2skkKR417XnBwiYgc=,3UB3n22ZU/bOs8/qH0EhIODyDos=
-44,28,xN14kV63Gg2skkKR417XnBwiYgc=,3UB3n22ZU/bOs8/qH0EhIODyDos=
-45,28,xN14kV63Gg2skkKR417XnBwiYgc=,3UB3n22ZU/bOs8/qH0EhIODyDos=
-46,28,xN14kV63Gg2skkKR417XnBwiYgc=,3UB3n22ZU/bOs8/qH0EhIODyDos=
-47,28,xN14kV63Gg2skkKR417XnBwiYgc=,3UB3n22ZU/bOs8/qH0EhIODyDos=
-48,28,xN14kV63Gg2skkKR417XnBwiYgc=,3UB3n22ZU/bOs8/qH0EhIODyDos=
-33,27,xN14kV63Gg2skkKR417XnBwiYgc=,3UB3n22ZU/bOs8/qH0EhIODyDos=
-41,19,xN14kV63Gg2skkKR417XnBwiYgc=,3UB3n22ZU/bOs8/qH0EhIODyDos=
-34,16,xN14kV63Gg2skkKR417XnBwiYgc=,3UB3n22ZU/bOs8/qH0EhIODyDos=
-34,27,xN14kV63Gg2skkKR417XnBwiYgc=,3UB3n22ZU/bOs8/qH0EhIODyDos=
-37,28,xN14kV63Gg2skkKR417XnBwiYgc=,3UB3n22ZU/bOs8/qH0EhIODyDos=
-37,17,xN14kV63Gg2skkKR417XnBwiYgc=,3UB3n22ZU/bOs8/qH0EhIODyDos=
-36,27,xN14kV63Gg2skkKR417XnBwiYgc=,3UB3n22ZU/bOs8/qH0EhIODyDos=
-39,28,xN14kV63Gg2skkKR417XnBwiYgc=,3UB3n22ZU/bOs8/qH0EhIODyDos=
-38,27,xN14kV63Gg2skkKR417XnBwiYgc=,3UB3n22ZU/bOs8/qH0EhIODyDos=
-39,27,xN14kV63Gg2skkKR417XnBwiYgc=,3UB3n22ZU/bOs8/qH0EhIODyDos=
-40,27,xN14kV63Gg2skkKR417XnBwiYgc=,3UB3n22ZU/bOs8/qH0EhIODyDos=
-41,27,xN14kV63Gg2skkKR417XnBwiYgc=,3UB3n22ZU/bOs8/qH0EhIODyDos=
-42,27,xN14kV63Gg2skkKR417XnBwiYgc=,3UB3n22ZU/bOs8/qH0EhIODyDos=
-43,27,xN14kV63Gg2skkKR417XnBwiYgc=,3UB3n22ZU/bOs8/qH0EhIODyDos=
-44,27,xN14kV63Gg2skkKR417XnBwiYgc=,3UB3n22ZU/bOs8/qH0EhIODyDos=
-45,27,xN14kV63Gg2skkKR417XnBwiYgc=,3UB3n22ZU/bOs8/qH0EhIODyDos=
-46,27,xN14kV63Gg2skkKR417XnBwiYgc=,3UB3n22ZU/bOs8/qH0EhIODyDos=
-37,27,xN14kV63Gg2skkKR417XnBwiYgc=,3UB3n22ZU/bOs8/qH0EhIODyDos=
-33,26,xN14kV63Gg2skkKR417XnBwiYgc=,3UB3n22ZU/bOs8/qH0EhIODyDos=
-47,27,xN14kV63Gg2skkKR417XnBwiYgc=,3UB3n22ZU/bOs8/qH0EhIODyDos=
-34,26,xN14kV63Gg2skkKR417XnBwiYgc=,3UB3n22ZU/bOs8/qH0EhIODyDos=
-35,26,xN14kV63Gg2skkKR417XnBwiYgc=,3UB3n22ZU/bOs8/qH0EhIODyDos=
-36,26,xN14kV63Gg2skkKR417XnBwiYgc=,3UB3n22ZU/bOs8/qH0EhIODyDos=
-37,26,xN14kV63Gg2skkKR417XnBwiYgc=,3UB3n22ZU/bOs8/qH0EhIODyDos=
-38,17,xN14kV63Gg2skkKR417XnBwiYgc=,3UB3n22ZU/bOs8/qH0EhIODyDos=
-38,26,xN14kV63Gg2skkKR417XnBwiYgc=,3UB3n22ZU/bOs8/qH0EhIODyDos=
-40,19,xN14kV63Gg2skkKR417XnBwiYgc=,3UB3n22ZU/bOs8/qH0EhIODyDos=
-39,18,xN14kV63Gg2skkKR417XnBwiYgc=,3UB3n22ZU/bOs8/qH0EhIODyDos=
-39,26,xN14kV63Gg2skkKR417XnBwiYgc=,3UB3n22ZU/bOs8/qH0EhIODyDos=
-40,26,xN14kV63Gg2skkKR417XnBwiYgc=,3UB3n22ZU/bOs8/qH0EhIODyDos=
-41,26,xN14kV63Gg2skkKR417XnBwiYgc=,3UB3n22ZU/bOs8/qH0EhIODyDos=
-42,26,xN14kV63Gg2skkKR417XnBwiYgc=,3UB3n22ZU/bOs8/qH0EhIODyDos=
-44,26,xN14kV63Gg2skkKR417XnBwiYgc=,3UB3n22ZU/bOs8/qH0EhIODyDos=
-43,26,xN14kV63Gg2skkKR417XnBwiYgc=,3UB3n22ZU/bOs8/qH0EhIODyDos=
-45,26,xN14kV63Gg2skkKR417XnBwiYgc=,3UB3n22ZU/bOs8/qH0EhIODyDos=
-39,19,xN14kV63Gg2skkKR417XnBwiYgc=,3UB3n22ZU/bOs8/qH0EhIODyDos=
-46,26,xN14kV63Gg2skkKR417XnBwiYgc=,3UB3n22ZU/bOs8/qH0EhIODyDos=
-35,16,xN14kV63Gg2skkKR417XnBwiYgc=,3UB3n22ZU/bOs8/qH0EhIODyDos=
-47,26,xN14kV63Gg2skkKR417XnBwiYgc=,3UB3n22ZU/bOs8/qH0EhIODyDos=
-33,25,xN14kV63Gg2skkKR417XnBwiYgc=,3UB3n22ZU/bOs8/qH0EhIODyDos=
-34,25,xN14kV63Gg2skkKR417XnBwiYgc=,3UB3n22ZU/bOs8/qH0EhIODyDos=
-35,25,xN14kV63Gg2skkKR417XnBwiYgc=,3UB3n22ZU/bOs8/qH0EhIODyDos=
-36,25,xN14kV63Gg2skkKR417XnBwiYgc=,3UB3n22ZU/bOs8/qH0EhIODyDos=
-37,25,xN14kV63Gg2skkKR417XnBwiYgc=,3UB3n22ZU/bOs8/qH0EhIODyDos=
-38,25,xN14kV63Gg2skkKR417XnBwiYgc=,3UB3n22ZU/bOs8/qH0EhIODyDos=
-39,25,xN14kV63Gg2skkKR417XnBwiYgc=,3UB3n22ZU/bOs8/qH0EhIODyDos=
-48,26,xN14kV63Gg2skkKR417XnBwiYgc=,3UB3n22ZU/bOs8/qH0EhIODyDos=
-38,19,xN14kV63Gg2skkKR417XnBwiYgc=,3UB3n22ZU/bOs8/qH0EhIODyDos=
-40,25,xN14kV63Gg2skkKR417XnBwiYgc=,3UB3n22ZU/bOs8/qH0EhIODyDos=
-43,25,xN14kV63Gg2skkKR417XnBwiYgc=,3UB3n22ZU/bOs8/qH0EhIODyDos=
-42,25,xN14kV63Gg2skkKR417XnBwiYgc=,3UB3n22ZU/bOs8/qH0EhIODyDos=
-41,25,xN14kV63Gg2skkKR417XnBwiYgc=,3UB3n22ZU/bOs8/qH0EhIODyDos=
-44,25,xN14kV63Gg2skkKR417XnBwiYgc=,3UB3n22ZU/bOs8/qH0EhIODyDos=
-45,25,xN14kV63Gg2skkKR417XnBwiYgc=,3UB3n22ZU/bOs8/qH0EhIODyDos=
-47,25,xN14kV63Gg2skkKR417XnBwiYgc=,3UB3n22ZU/bOs8/qH0EhIODyDos=
-46,25,xN14kV63Gg2skkKR417XnBwiYgc=,3UB3n22ZU/bOs8/qH0EhIODyDos=
-36,16,xN14kV63Gg2skkKR417XnBwiYgc=,3UB3n22ZU/bOs8/qH0EhIODyDos=
-33,24,xN14kV63Gg2skkKR417XnBwiYgc=,3UB3n22ZU/bOs8/qH0EhIODyDos=
-34,24,xN14kV63Gg2skkKR417XnBwiYgc=,3UB3n22ZU/bOs8/qH0EhIODyDos=
-35,24,xN14kV63Gg2skkKR417XnBwiYgc=,3UB3n22ZU/bOs8/qH0EhIODyDos=
-36,24,xN14kV63Gg2skkKR417XnBwiYgc=,3UB3n22ZU/bOs8/qH0EhIODyDos=
-37,24,xN14kV63Gg2skkKR417XnBwiYgc=,3UB3n22ZU/bOs8/qH0EhIODyDos=
-38,24,xN14kV63Gg2skkKR417XnBwiYgc=,3UB3n22ZU/bOs8/qH0EhIODyDos=
-39,24,xN14kV63Gg2skkKR417XnBwiYgc=,3UB3n22ZU/bOs8/qH0EhIODyDos=
-40,24,xN14kV63Gg2skkKR417XnBwiYgc=,3UB3n22ZU/bOs8/qH0EhIODyDos=
-41,18,xN14kV63Gg2skkKR417XnBwiYgc=,3UB3n22ZU/bOs8/qH0EhIODyDos=
-48,25,xN14kV63Gg2skkKR417XnBwiYgc=,3UB3n22ZU/bOs8/qH0EhIODyDos=
-41,24,xN14kV63Gg2skkKR417XnBwiYgc=,3UB3n22ZU/bOs8/qH0EhIODyDos=
-42,24,xN14kV63Gg2skkKR417XnBwiYgc=,3UB3n22ZU/bOs8/qH0EhIODyDos=
-38,16,xN14kV63Gg2skkKR417XnBwiYgc=,3UB3n22ZU/bOs8/qH0EhIODyDos=
-44,24,xN14kV63Gg2skkKR417XnBwiYgc=,3UB3n22ZU/bOs8/qH0EhIODyDos=
-45,24,xN14kV63Gg2skkKR417XnBwiYgc=,3UB3n22ZU/bOs8/qH0EhIODyDos=
-46,24,xN14kV63Gg2skkKR417XnBwiYgc=,3UB3n22ZU/bOs8/qH0EhIODyDos=
-48,24,xN14kV63Gg2skkKR417XnBwiYgc=,3UB3n22ZU/bOs8/qH0EhIODyDos=
-47,24,xN14kV63Gg2skkKR417XnBwiYgc=,3UB3n22ZU/bOs8/qH0EhIODyDos=
-37,16,xN14kV63Gg2skkKR417XnBwiYgc=,3UB3n22ZU/bOs8/qH0EhIODyDos=
-42,18,xN14kV63Gg2skkKR417XnBwiYgc=,3UB3n22ZU/bOs8/qH0EhIODyDos=
-35,23,xN14kV63Gg2skkKR417XnBwiYgc=,3UB3n22ZU/bOs8/qH0EhIODyDos=
-36,23,xN14kV63Gg2skkKR417XnBwiYgc=,3UB3n22ZU/bOs8/qH0EhIODyDos=
-43,24,xN14kV63Gg2skkKR417XnBwiYgc=,3UB3n22ZU/bOs8/qH0EhIODyDos=
-37,23,xN14kV63Gg2skkKR417XnBwiYgc=,3UB3n22ZU/bOs8/qH0EhIODyDos=
-39,23,xN14kV63Gg2skkKR417XnBwiYgc=,3UB3n22ZU/bOs8/qH0EhIODyDos=
-33,23,xN14kV63Gg2skkKR417XnBwiYgc=,3UB3n22ZU/bOs8/qH0EhIODyDos=
-38,30,xN14kV63Gg2skkKR417XnBwiYgc=,3UB3n22ZU/bOs8/qH0EhIODyDos=
-38,23,xN14kV63Gg2skkKR417XnBwiYgc=,3UB3n22ZU/bOs8/qH0EhIODyDos=
-34,23,xN14kV63Gg2skkKR417XnBwiYgc=,3UB3n22ZU/bOs8/qH0EhIODyDos=
-42,23,xN14kV63Gg2skkKR417XnBwiYgc=,3UB3n22ZU/bOs8/qH0EhIODyDos=
-43,23,xN14kV63Gg2skkKR417XnBwiYgc=,3UB3n22ZU/bOs8/qH0EhIODyDos=
-45,23,xN14kV63Gg2skkKR417XnBwiYgc=,3UB3n22ZU/bOs8/qH0EhIODyDos=
-46,23,xN14kV63Gg2skkKR417XnBwiYgc=,3UB3n22ZU/bOs8/qH0EhIODyDos=
-44,23,xN14kV63Gg2skkKR417XnBwiYgc=,3UB3n22ZU/bOs8/qH0EhIODyDos=
-47,23,xN14kV63Gg2skkKR417XnBwiYgc=,3UB3n22ZU/bOs8/qH0EhIODyDos=
-39,16,xN14kV63Gg2skkKR417XnBwiYgc=,3UB3n22ZU/bOs8/qH0EhIODyDos=
-33,22,xN14kV63Gg2skkKR417XnBwiYgc=,3UB3n22ZU/bOs8/qH0EhIODyDos=
-34,22,xN14kV63Gg2skkKR417XnBwiYgc=,3UB3n22ZU/bOs8/qH0EhIODyDos=
-35,22,xN14kV63Gg2skkKR417XnBwiYgc=,3UB3n22ZU/bOs8/qH0EhIODyDos=
-36,22,xN14kV63Gg2skkKR417XnBwiYgc=,3UB3n22ZU/bOs8/qH0EhIODyDos=
-37,22,xN14kV63Gg2skkKR417XnBwiYgc=,3UB3n22ZU/bOs8/qH0EhIODyDos=
-41,23,xN14kV63Gg2skkKR417XnBwiYgc=,3UB3n22ZU/bOs8/qH0EhIODyDos=
-40,23,xN14kV63Gg2skkKR417XnBwiYgc=,3UB3n22ZU/bOs8/qH0EhIODyDos=
-48,23,xN14kV63Gg2skkKR417XnBwiYgc=,3UB3n22ZU/bOs8/qH0EhIODyDos=
-43,18,xN14kV63Gg2skkKR417XnBwiYgc=,3UB3n22ZU/bOs8/qH0EhIODyDos=
-42,22,xN14kV63Gg2skkKR417XnBwiYgc=,3UB3n22ZU/bOs8/qH0EhIODyDos=
-38,22,xN14kV63Gg2skkKR417XnBwiYgc=,3UB3n22ZU/bOs8/qH0EhIODyDos=
-40,16,xN14kV63Gg2skkKR417XnBwiYgc=,3UB3n22ZU/bOs8/qH0EhIODyDos=
-43,22,xN14kV63Gg2skkKR417XnBwiYgc=,3UB3n22ZU/bOs8/qH0EhIODyDos=
-44,22,xN14kV63Gg2skkKR417XnBwiYgc=,3UB3n22ZU/bOs8/qH0EhIODyDos=
-45,22,xN14kV63Gg2skkKR417XnBwiYgc=,3UB3n22ZU/bOs8/qH0EhIODyDos=
-46,22,xN14kV63Gg2skkKR417XnBwiYgc=,3UB3n22ZU/bOs8/qH0EhIODyDos=
-47,22,xN14kV63Gg2skkKR417XnBwiYgc=,3UB3n22ZU/bOs8/qH0EhIODyDos=
-48,22,xN14kV63Gg2skkKR417XnBwiYgc=,3UB3n22ZU/bOs8/qH0EhIODyDos=
-39,22,xN14kV63Gg2skkKR417XnBwiYgc=,3UB3n22ZU/bOs8/qH0EhIODyDos=
-33,21,xN14kV63Gg2skkKR417XnBwiYgc=,3UB3n22ZU/bOs8/qH0EhIODyDos=
-44,18,xN14kV63Gg2skkKR417XnBwiYgc=,3UB3n22ZU/bOs8/qH0EhIODyDos=
-34,21,xN14kV63Gg2skkKR417XnBwiYgc=,3UB3n22ZU/bOs8/qH0EhIODyDos=
-35,21,xN14kV63Gg2skkKR417XnBwiYgc=,3UB3n22ZU/bOs8/qH0EhIODyDos=
-37,21,xN14kV63Gg2skkKR417XnBwiYgc=,3UB3n22ZU/bOs8/qH0EhIODyDos=
-36,21,xN14kV63Gg2skkKR417XnBwiYgc=,3UB3n22ZU/bOs8/qH0EhIODyDos=
-41,22,xN14kV63Gg2skkKR417XnBwiYgc=,3UB3n22ZU/bOs8/qH0EhIODyDos=
-40,22,xN14kV63Gg2skkKR417XnBwiYgc=,3UB3n22ZU/bOs8/qH0EhIODyDos=
-38,21,xN14kV63Gg2skkKR417XnBwiYgc=,3UB3n22ZU/bOs8/qH0EhIODyDos=
-41,16,xN14kV63Gg2skkKR417XnBwiYgc=,3UB3n22ZU/bOs8/qH0EhIODyDos=
-40,18,xN14kV63Gg2skkKR417XnBwiYgc=,3UB3n22ZU/bOs8/qH0EhIODyDos=
-45,18,xN14kV63Gg2skkKR417XnBwiYgc=,3UB3n22ZU/bOs8/qH0EhIODyDos=
-44,21,xN14kV63Gg2skkKR417XnBwiYgc=,3UB3n22ZU/bOs8/qH0EhIODyDos=
-45,21,xN14kV63Gg2skkKR417XnBwiYgc=,3UB3n22ZU/bOs8/qH0EhIODyDos=
-47,21,xN14kV63Gg2skkKR417XnBwiYgc=,3UB3n22ZU/bOs8/qH0EhIODyDos=
-46,21,xN14kV63Gg2skkKR417XnBwiYgc=,3UB3n22ZU/bOs8/qH0EhIODyDos=
-48,21,xN14kV63Gg2skkKR417XnBwiYgc=,3UB3n22ZU/bOs8/qH0EhIODyDos=
-40,21,xN14kV63Gg2skkKR417XnBwiYgc=,3UB3n22ZU/bOs8/qH0EhIODyDos=
-41,21,xN14kV63Gg2skkKR417XnBwiYgc=,3UB3n22ZU/bOs8/qH0EhIODyDos=
-42,21,xN14kV63Gg2skkKR417XnBwiYgc=,3UB3n22ZU/bOs8/qH0EhIODyDos=
-43,21,xN14kV63Gg2skkKR417XnBwiYgc=,3UB3n22ZU/bOs8/qH0EhIODyDos=
-34,20,xN14kV63Gg2skkKR417XnBwiYgc=,3UB3n22ZU/bOs8/qH0EhIODyDos=
-35,20,xN14kV63Gg2skkKR417XnBwiYgc=,3UB3n22ZU/bOs8/qH0EhIODyDos=
-42,16,xN14kV63Gg2skkKR417XnBwiYgc=,3UB3n22ZU/bOs8/qH0EhIODyDos=
-39,20,xN14kV63Gg2skkKR417XnBwiYgc=,3UB3n22ZU/bOs8/qH0EhIODyDos=
-36,20,xN14kV63Gg2skkKR417XnBwiYgc=,3UB3n22ZU/bOs8/qH0EhIODyDos=
-35,27,xN14kV63Gg2skkKR417XnBwiYgc=,3UB3n22ZU/bOs8/qH0EhIODyDos=
-40,20,xN14kV63Gg2skkKR417XnBwiYgc=,3UB3n22ZU/bOs8/qH0EhIODyDos=
-37,20,xN14kV63Gg2skkKR417XnBwiYgc=,3UB3n22ZU/bOs8/qH0EhIODyDos=
-46,18,xN14kV63Gg2skkKR417XnBwiYgc=,3UB3n22ZU/bOs8/qH0EhIODyDos=
-45,20,xN14kV63Gg2skkKR417XnBwiYgc=,3UB3n22ZU/bOs8/qH0EhIODyDos=
-46,20,xN14kV63Gg2skkKR417XnBwiYgc=,3UB3n22ZU/bOs8/qH0EhIODyDos=
-47,20,xN14kV63Gg2skkKR417XnBwiYgc=,3UB3n22ZU/bOs8/qH0EhIODyDos=
-48,20,xN14kV63Gg2skkKR417XnBwiYgc=,3UB3n22ZU/bOs8/qH0EhIODyDos=
-43,16,xN14kV63Gg2skkKR417XnBwiYgc=,3UB3n22ZU/bOs8/qH0EhIODyDos=
-47,18,xN14kV63Gg2skkKR417XnBwiYgc=,3UB3n22ZU/bOs8/qH0EhIODyDos=
-34,19,xN14kV63Gg2skkKR417XnBwiYgc=,3UB3n22ZU/bOs8/qH0EhIODyDos=
-48,16,xN14kV63Gg2skkKR417XnBwiYgc=,3UB3n22ZU/bOs8/qH0EhIODyDos=
-41,20,xN14kV63Gg2skkKR417XnBwiYgc=,3UB3n22ZU/bOs8/qH0EhIODyDos=
-33,19,xN14kV63Gg2skkKR417XnBwiYgc=,3UB3n22ZU/bOs8/qH0EhIODyDos=
-43,20,xN14kV63Gg2skkKR417XnBwiYgc=,3UB3n22ZU/bOs8/qH0EhIODyDos=
-42,20,xN14kV63Gg2skkKR417XnBwiYgc=,3UB3n22ZU/bOs8/qH0EhIODyDos=
-35,19,xN14kV63Gg2skkKR417XnBwiYgc=,3UB3n22ZU/bOs8/qH0EhIODyDos=
-44,20,xN14kV63Gg2skkKR417XnBwiYgc=,3UB3n22ZU/bOs8/qH0EhIODyDos=
-39,21,xN14kV63Gg2skkKR417XnBwiYgc=,3UB3n22ZU/bOs8/qH0EhIODyDos=
-37,19,xN14kV63Gg2skkKR417XnBwiYgc=,3UB3n22ZU/bOs8/qH0EhIODyDos=
-33,20,xN14kV63Gg2skkKR417XnBwiYgc=,3UB3n22ZU/bOs8/qH0EhIODyDos=
-48,27,xN14kV63Gg2skkKR417XnBwiYgc=,3UB3n22ZU/bOs8/qH0EhIODyDos=
-36,19,xN14kV63Gg2skkKR417XnBwiYgc=,3UB3n22ZU/bOs8/qH0EhIODyDos=
-38,20,xN14kV63Gg2skkKR417XnBwiYgc=,3UB3n22ZU/bOs8/qH0EhIODyDos=
-34,2,Vwfi+5l4CWDSpKgoHbznzuu9hTE=,Gqju3yw02CvMdW916NoFudTFBRQ=
-33,15,Vwfi+5l4CWDSpKgoHbznzuu9hTE=,Gqju3yw02CvMdW916NoFudTFBRQ=
-34,15,Vwfi+5l4CWDSpKgoHbznzuu9hTE=,Gqju3yw02CvMdW916NoFudTFBRQ=
-45,0,Vwfi+5l4CWDSpKgoHbznzuu9hTE=,Gqju3yw02CvMdW916NoFudTFBRQ=
-38,15,Vwfi+5l4CWDSpKgoHbznzuu9hTE=,Gqju3yw02CvMdW916NoFudTFBRQ=
-35,2,Vwfi+5l4CWDSpKgoHbznzuu9hTE=,Gqju3yw02CvMdW916NoFudTFBRQ=
-39,15,Vwfi+5l4CWDSpKgoHbznzuu9hTE=,Gqju3yw02CvMdW916NoFudTFBRQ=
-35,15,Vwfi+5l4CWDSpKgoHbznzuu9hTE=,Gqju3yw02CvMdW916NoFudTFBRQ=
-42,15,Vwfi+5l4CWDSpKgoHbznzuu9hTE=,Gqju3yw02CvMdW916NoFudTFBRQ=
-43,15,Vwfi+5l4CWDSpKgoHbznzuu9hTE=,Gqju3yw02CvMdW916NoFudTFBRQ=
-44,15,Vwfi+5l4CWDSpKgoHbznzuu9hTE=,Gqju3yw02CvMdW916NoFudTFBRQ=
-45,15,Vwfi+5l4CWDSpKgoHbznzuu9hTE=,Gqju3yw02CvMdW916NoFudTFBRQ=
-46,15,Vwfi+5l4CWDSpKgoHbznzuu9hTE=,Gqju3yw02CvMdW916NoFudTFBRQ=
-37,15,Vwfi+5l4CWDSpKgoHbznzuu9hTE=,Gqju3yw02CvMdW916NoFudTFBRQ=
-40,15,Vwfi+5l4CWDSpKgoHbznzuu9hTE=,Gqju3yw02CvMdW916NoFudTFBRQ=
-41,15,Vwfi+5l4CWDSpKgoHbznzuu9hTE=,Gqju3yw02CvMdW916NoFudTFBRQ=
-47,15,Vwfi+5l4CWDSpKgoHbznzuu9hTE=,Gqju3yw02CvMdW916NoFudTFBRQ=
-47,1,Vwfi+5l4CWDSpKgoHbznzuu9hTE=,Gqju3yw02CvMdW916NoFudTFBRQ=
-36,15,Vwfi+5l4CWDSpKgoHbznzuu9hTE=,Gqju3yw02CvMdW916NoFudTFBRQ=
-33,1,Vwfi+5l4CWDSpKgoHbznzuu9hTE=,Gqju3yw02CvMdW916NoFudTFBRQ=
-34,1,Vwfi+5l4CWDSpKgoHbznzuu9hTE=,Gqju3yw02CvMdW916NoFudTFBRQ=
-37,1,Vwfi+5l4CWDSpKgoHbznzuu9hTE=,Gqju3yw02CvMdW916NoFudTFBRQ=
-39,1,Vwfi+5l4CWDSpKgoHbznzuu9hTE=,Gqju3yw02CvMdW916NoFudTFBRQ=
-38,1,Vwfi+5l4CWDSpKgoHbznzuu9hTE=,Gqju3yw02CvMdW916NoFudTFBRQ=
-36,1,Vwfi+5l4CWDSpKgoHbznzuu9hTE=,Gqju3yw02CvMdW916NoFudTFBRQ=
-35,1,Vwfi+5l4CWDSpKgoHbznzuu9hTE=,Gqju3yw02CvMdW916NoFudTFBRQ=
-43,1,Vwfi+5l4CWDSpKgoHbznzuu9hTE=,Gqju3yw02CvMdW916NoFudTFBRQ=
-40,1,Vwfi+5l4CWDSpKgoHbznzuu9hTE=,Gqju3yw02CvMdW916NoFudTFBRQ=
-42,1,Vwfi+5l4CWDSpKgoHbznzuu9hTE=,Gqju3yw02CvMdW916NoFudTFBRQ=
-48,15,Vwfi+5l4CWDSpKgoHbznzuu9hTE=,Gqju3yw02CvMdW916NoFudTFBRQ=
-46,1,Vwfi+5l4CWDSpKgoHbznzuu9hTE=,Gqju3yw02CvMdW916NoFudTFBRQ=
-34,14,Vwfi+5l4CWDSpKgoHbznzuu9hTE=,Gqju3yw02CvMdW916NoFudTFBRQ=
-46,0,Vwfi+5l4CWDSpKgoHbznzuu9hTE=,Gqju3yw02CvMdW916NoFudTFBRQ=
-44,1,Vwfi+5l4CWDSpKgoHbznzuu9hTE=,Gqju3yw02CvMdW916NoFudTFBRQ=
-45,1,Vwfi+5l4CWDSpKgoHbznzuu9hTE=,Gqju3yw02CvMdW916NoFudTFBRQ=
-36,14,Vwfi+5l4CWDSpKgoHbznzuu9hTE=,Gqju3yw02CvMdW916NoFudTFBRQ=
-33,14,Vwfi+5l4CWDSpKgoHbznzuu9hTE=,Gqju3yw02CvMdW916NoFudTFBRQ=
-37,14,Vwfi+5l4CWDSpKgoHbznzuu9hTE=,Gqju3yw02CvMdW916NoFudTFBRQ=
-35,14,Vwfi+5l4CWDSpKgoHbznzuu9hTE=,Gqju3yw02CvMdW916NoFudTFBRQ=
-41,14,Vwfi+5l4CWDSpKgoHbznzuu9hTE=,Gqju3yw02CvMdW916NoFudTFBRQ=
-36,2,Vwfi+5l4CWDSpKgoHbznzuu9hTE=,Gqju3yw02CvMdW916NoFudTFBRQ=
-42,14,Vwfi+5l4CWDSpKgoHbznzuu9hTE=,Gqju3yw02CvMdW916NoFudTFBRQ=
-43,14,Vwfi+5l4CWDSpKgoHbznzuu9hTE=,Gqju3yw02CvMdW916NoFudTFBRQ=
-44,14,Vwfi+5l4CWDSpKgoHbznzuu9hTE=,Gqju3yw02CvMdW916NoFudTFBRQ=
-46,14,Vwfi+5l4CWDSpKgoHbznzuu9hTE=,Gqju3yw02CvMdW916NoFudTFBRQ=
-47,14,Vwfi+5l4CWDSpKgoHbznzuu9hTE=,Gqju3yw02CvMdW916NoFudTFBRQ=
-48,14,Vwfi+5l4CWDSpKgoHbznzuu9hTE=,Gqju3yw02CvMdW916NoFudTFBRQ=
-38,14,Vwfi+5l4CWDSpKgoHbznzuu9hTE=,Gqju3yw02CvMdW916NoFudTFBRQ=
-45,14,Vwfi+5l4CWDSpKgoHbznzuu9hTE=,Gqju3yw02CvMdW916NoFudTFBRQ=
-39,14,Vwfi+5l4CWDSpKgoHbznzuu9hTE=,Gqju3yw02CvMdW916NoFudTFBRQ=
-40,14,Vwfi+5l4CWDSpKgoHbznzuu9hTE=,Gqju3yw02CvMdW916NoFudTFBRQ=
-48,1,Vwfi+5l4CWDSpKgoHbznzuu9hTE=,Gqju3yw02CvMdW916NoFudTFBRQ=
-33,13,Vwfi+5l4CWDSpKgoHbznzuu9hTE=,Gqju3yw02CvMdW916NoFudTFBRQ=
-41,1,Vwfi+5l4CWDSpKgoHbznzuu9hTE=,Gqju3yw02CvMdW916NoFudTFBRQ=
-33,0,Vwfi+5l4CWDSpKgoHbznzuu9hTE=,Gqju3yw02CvMdW916NoFudTFBRQ=
-35,13,Vwfi+5l4CWDSpKgoHbznzuu9hTE=,Gqju3yw02CvMdW916NoFudTFBRQ=
-34,13,Vwfi+5l4CWDSpKgoHbznzuu9hTE=,Gqju3yw02CvMdW916NoFudTFBRQ=
-39,13,Vwfi+5l4CWDSpKgoHbznzuu9hTE=,Gqju3yw02CvMdW916NoFudTFBRQ=
-41,13,Vwfi+5l4CWDSpKgoHbznzuu9hTE=,Gqju3yw02CvMdW916NoFudTFBRQ=
-40,13,Vwfi+5l4CWDSpKgoHbznzuu9hTE=,Gqju3yw02CvMdW916NoFudTFBRQ=
-43,13,Vwfi+5l4CWDSpKgoHbznzuu9hTE=,Gqju3yw02CvMdW916NoFudTFBRQ=
-44,13,Vwfi+5l4CWDSpKgoHbznzuu9hTE=,Gqju3yw02CvMdW916NoFudTFBRQ=
-42,13,Vwfi+5l4CWDSpKgoHbznzuu9hTE=,Gqju3yw02CvMdW916NoFudTFBRQ=
-45,13,Vwfi+5l4CWDSpKgoHbznzuu9hTE=,Gqju3yw02CvMdW916NoFudTFBRQ=
-46,13,Vwfi+5l4CWDSpKgoHbznzuu9hTE=,Gqju3yw02CvMdW916NoFudTFBRQ=
-38,13,Vwfi+5l4CWDSpKgoHbznzuu9hTE=,Gqju3yw02CvMdW916NoFudTFBRQ=
-47,0,Vwfi+5l4CWDSpKgoHbznzuu9hTE=,Gqju3yw02CvMdW916NoFudTFBRQ=
-33,12,Vwfi+5l4CWDSpKgoHbznzuu9hTE=,Gqju3yw02CvMdW916NoFudTFBRQ=
-47,13,Vwfi+5l4CWDSpKgoHbznzuu9hTE=,Gqju3yw02CvMdW916NoFudTFBRQ=
-48,13,Vwfi+5l4CWDSpKgoHbznzuu9hTE=,Gqju3yw02CvMdW916NoFudTFBRQ=
-36,13,Vwfi+5l4CWDSpKgoHbznzuu9hTE=,Gqju3yw02CvMdW916NoFudTFBRQ=
-37,13,Vwfi+5l4CWDSpKgoHbznzuu9hTE=,Gqju3yw02CvMdW916NoFudTFBRQ=
-35,12,Vwfi+5l4CWDSpKgoHbznzuu9hTE=,Gqju3yw02CvMdW916NoFudTFBRQ=
-37,2,Vwfi+5l4CWDSpKgoHbznzuu9hTE=,Gqju3yw02CvMdW916NoFudTFBRQ=
-34,12,Vwfi+5l4CWDSpKgoHbznzuu9hTE=,Gqju3yw02CvMdW916NoFudTFBRQ=
-38,12,Vwfi+5l4CWDSpKgoHbznzuu9hTE=,Gqju3yw02CvMdW916NoFudTFBRQ=
-39,12,Vwfi+5l4CWDSpKgoHbznzuu9hTE=,Gqju3yw02CvMdW916NoFudTFBRQ=
-40,12,Vwfi+5l4CWDSpKgoHbznzuu9hTE=,Gqju3yw02CvMdW916NoFudTFBRQ=
-41,12,Vwfi+5l4CWDSpKgoHbznzuu9hTE=,Gqju3yw02CvMdW916NoFudTFBRQ=
-43,12,Vwfi+5l4CWDSpKgoHbznzuu9hTE=,Gqju3yw02CvMdW916NoFudTFBRQ=
-42,12,Vwfi+5l4CWDSpKgoHbznzuu9hTE=,Gqju3yw02CvMdW916NoFudTFBRQ=
-44,12,Vwfi+5l4CWDSpKgoHbznzuu9hTE=,Gqju3yw02CvMdW916NoFudTFBRQ=
-45,12,Vwfi+5l4CWDSpKgoHbznzuu9hTE=,Gqju3yw02CvMdW916NoFudTFBRQ=
-46,12,Vwfi+5l4CWDSpKgoHbznzuu9hTE=,Gqju3yw02CvMdW916NoFudTFBRQ=
-48,12,Vwfi+5l4CWDSpKgoHbznzuu9hTE=,Gqju3yw02CvMdW916NoFudTFBRQ=
-37,12,Vwfi+5l4CWDSpKgoHbznzuu9hTE=,Gqju3yw02CvMdW916NoFudTFBRQ=
-47,12,Vwfi+5l4CWDSpKgoHbznzuu9hTE=,Gqju3yw02CvMdW916NoFudTFBRQ=
-34,11,Vwfi+5l4CWDSpKgoHbznzuu9hTE=,Gqju3yw02CvMdW916NoFudTFBRQ=
-35,11,Vwfi+5l4CWDSpKgoHbznzuu9hTE=,Gqju3yw02CvMdW916NoFudTFBRQ=
-36,11,Vwfi+5l4CWDSpKgoHbznzuu9hTE=,Gqju3yw02CvMdW916NoFudTFBRQ=
-33,11,Vwfi+5l4CWDSpKgoHbznzuu9hTE=,Gqju3yw02CvMdW916NoFudTFBRQ=
-38,11,Vwfi+5l4CWDSpKgoHbznzuu9hTE=,Gqju3yw02CvMdW916NoFudTFBRQ=
-36,12,Vwfi+5l4CWDSpKgoHbznzuu9hTE=,Gqju3yw02CvMdW916NoFudTFBRQ=
-37,11,Vwfi+5l4CWDSpKgoHbznzuu9hTE=,Gqju3yw02CvMdW916NoFudTFBRQ=
-39,11,Vwfi+5l4CWDSpKgoHbznzuu9hTE=,Gqju3yw02CvMdW916NoFudTFBRQ=
-40,11,Vwfi+5l4CWDSpKgoHbznzuu9hTE=,Gqju3yw02CvMdW916NoFudTFBRQ=
-42,11,Vwfi+5l4CWDSpKgoHbznzuu9hTE=,Gqju3yw02CvMdW916NoFudTFBRQ=
-41,11,Vwfi+5l4CWDSpKgoHbznzuu9hTE=,Gqju3yw02CvMdW916NoFudTFBRQ=
-43,11,Vwfi+5l4CWDSpKgoHbznzuu9hTE=,Gqju3yw02CvMdW916NoFudTFBRQ=
-44,11,Vwfi+5l4CWDSpKgoHbznzuu9hTE=,Gqju3yw02CvMdW916NoFudTFBRQ=
-46,11,Vwfi+5l4CWDSpKgoHbznzuu9hTE=,Gqju3yw02CvMdW916NoFudTFBRQ=
-45,11,Vwfi+5l4CWDSpKgoHbznzuu9hTE=,Gqju3yw02CvMdW916NoFudTFBRQ=
-47,11,Vwfi+5l4CWDSpKgoHbznzuu9hTE=,Gqju3yw02CvMdW916NoFudTFBRQ=
-33,10,Vwfi+5l4CWDSpKgoHbznzuu9hTE=,Gqju3yw02CvMdW916NoFudTFBRQ=
-34,0,Vwfi+5l4CWDSpKgoHbznzuu9hTE=,Gqju3yw02CvMdW916NoFudTFBRQ=
-36,10,Vwfi+5l4CWDSpKgoHbznzuu9hTE=,Gqju3yw02CvMdW916NoFudTFBRQ=
-48,11,Vwfi+5l4CWDSpKgoHbznzuu9hTE=,Gqju3yw02CvMdW916NoFudTFBRQ=
-34,10,Vwfi+5l4CWDSpKgoHbznzuu9hTE=,Gqju3yw02CvMdW916NoFudTFBRQ=
-38,2,Vwfi+5l4CWDSpKgoHbznzuu9hTE=,Gqju3yw02CvMdW916NoFudTFBRQ=
-37,10,Vwfi+5l4CWDSpKgoHbznzuu9hTE=,Gqju3yw02CvMdW916NoFudTFBRQ=
-39,2,Vwfi+5l4CWDSpKgoHbznzuu9hTE=,Gqju3yw02CvMdW916NoFudTFBRQ=
-39,10,Vwfi+5l4CWDSpKgoHbznzuu9hTE=,Gqju3yw02CvMdW916NoFudTFBRQ=
-38,10,Vwfi+5l4CWDSpKgoHbznzuu9hTE=,Gqju3yw02CvMdW916NoFudTFBRQ=
-40,10,Vwfi+5l4CWDSpKgoHbznzuu9hTE=,Gqju3yw02CvMdW916NoFudTFBRQ=
-42,10,Vwfi+5l4CWDSpKgoHbznzuu9hTE=,Gqju3yw02CvMdW916NoFudTFBRQ=
-35,10,Vwfi+5l4CWDSpKgoHbznzuu9hTE=,Gqju3yw02CvMdW916NoFudTFBRQ=
-44,10,Vwfi+5l4CWDSpKgoHbznzuu9hTE=,Gqju3yw02CvMdW916NoFudTFBRQ=
-41,10,Vwfi+5l4CWDSpKgoHbznzuu9hTE=,Gqju3yw02CvMdW916NoFudTFBRQ=
-43,10,Vwfi+5l4CWDSpKgoHbznzuu9hTE=,Gqju3yw02CvMdW916NoFudTFBRQ=
-47,10,Vwfi+5l4CWDSpKgoHbznzuu9hTE=,Gqju3yw02CvMdW916NoFudTFBRQ=
-45,10,Vwfi+5l4CWDSpKgoHbznzuu9hTE=,Gqju3yw02CvMdW916NoFudTFBRQ=
-46,10,Vwfi+5l4CWDSpKgoHbznzuu9hTE=,Gqju3yw02CvMdW916NoFudTFBRQ=
-33,9,Vwfi+5l4CWDSpKgoHbznzuu9hTE=,Gqju3yw02CvMdW916NoFudTFBRQ=
-34,9,Vwfi+5l4CWDSpKgoHbznzuu9hTE=,Gqju3yw02CvMdW916NoFudTFBRQ=
-35,9,Vwfi+5l4CWDSpKgoHbznzuu9hTE=,Gqju3yw02CvMdW916NoFudTFBRQ=
-48,10,Vwfi+5l4CWDSpKgoHbznzuu9hTE=,Gqju3yw02CvMdW916NoFudTFBRQ=
-35,0,Vwfi+5l4CWDSpKgoHbznzuu9hTE=,Gqju3yw02CvMdW916NoFudTFBRQ=
-37,9,Vwfi+5l4CWDSpKgoHbznzuu9hTE=,Gqju3yw02CvMdW916NoFudTFBRQ=
-38,9,Vwfi+5l4CWDSpKgoHbznzuu9hTE=,Gqju3yw02CvMdW916NoFudTFBRQ=
-36,9,Vwfi+5l4CWDSpKgoHbznzuu9hTE=,Gqju3yw02CvMdW916NoFudTFBRQ=
-40,9,Vwfi+5l4CWDSpKgoHbznzuu9hTE=,Gqju3yw02CvMdW916NoFudTFBRQ=
-41,9,Vwfi+5l4CWDSpKgoHbznzuu9hTE=,Gqju3yw02CvMdW916NoFudTFBRQ=
-42,9,Vwfi+5l4CWDSpKgoHbznzuu9hTE=,Gqju3yw02CvMdW916NoFudTFBRQ=
-39,9,Vwfi+5l4CWDSpKgoHbznzuu9hTE=,Gqju3yw02CvMdW916NoFudTFBRQ=
-44,9,Vwfi+5l4CWDSpKgoHbznzuu9hTE=,Gqju3yw02CvMdW916NoFudTFBRQ=
-43,9,Vwfi+5l4CWDSpKgoHbznzuu9hTE=,Gqju3yw02CvMdW916NoFudTFBRQ=
-45,9,Vwfi+5l4CWDSpKgoHbznzuu9hTE=,Gqju3yw02CvMdW916NoFudTFBRQ=
-47,9,Vwfi+5l4CWDSpKgoHbznzuu9hTE=,Gqju3yw02CvMdW916NoFudTFBRQ=
-46,9,Vwfi+5l4CWDSpKgoHbznzuu9hTE=,Gqju3yw02CvMdW916NoFudTFBRQ=
-36,0,Vwfi+5l4CWDSpKgoHbznzuu9hTE=,Gqju3yw02CvMdW916NoFudTFBRQ=
-33,8,Vwfi+5l4CWDSpKgoHbznzuu9hTE=,Gqju3yw02CvMdW916NoFudTFBRQ=
-40,2,Vwfi+5l4CWDSpKgoHbznzuu9hTE=,Gqju3yw02CvMdW916NoFudTFBRQ=
-36,8,Vwfi+5l4CWDSpKgoHbznzuu9hTE=,Gqju3yw02CvMdW916NoFudTFBRQ=
-35,8,Vwfi+5l4CWDSpKgoHbznzuu9hTE=,Gqju3yw02CvMdW916NoFudTFBRQ=
-37,8,Vwfi+5l4CWDSpKgoHbznzuu9hTE=,Gqju3yw02CvMdW916NoFudTFBRQ=
-39,8,Vwfi+5l4CWDSpKgoHbznzuu9hTE=,Gqju3yw02CvMdW916NoFudTFBRQ=
-38,8,Vwfi+5l4CWDSpKgoHbznzuu9hTE=,Gqju3yw02CvMdW916NoFudTFBRQ=
-34,8,Vwfi+5l4CWDSpKgoHbznzuu9hTE=,Gqju3yw02CvMdW916NoFudTFBRQ=
-40,8,Vwfi+5l4CWDSpKgoHbznzuu9hTE=,Gqju3yw02CvMdW916NoFudTFBRQ=
-48,9,Vwfi+5l4CWDSpKgoHbznzuu9hTE=,Gqju3yw02CvMdW916NoFudTFBRQ=
-41,8,Vwfi+5l4CWDSpKgoHbznzuu9hTE=,Gqju3yw02CvMdW916NoFudTFBRQ=
-44,8,Vwfi+5l4CWDSpKgoHbznzuu9hTE=,Gqju3yw02CvMdW916NoFudTFBRQ=
-43,8,Vwfi+5l4CWDSpKgoHbznzuu9hTE=,Gqju3yw02CvMdW916NoFudTFBRQ=
-42,8,Vwfi+5l4CWDSpKgoHbznzuu9hTE=,Gqju3yw02CvMdW916NoFudTFBRQ=
-45,8,Vwfi+5l4CWDSpKgoHbznzuu9hTE=,Gqju3yw02CvMdW916NoFudTFBRQ=
-47,8,Vwfi+5l4CWDSpKgoHbznzuu9hTE=,Gqju3yw02CvMdW916NoFudTFBRQ=
-46,8,Vwfi+5l4CWDSpKgoHbznzuu9hTE=,Gqju3yw02CvMdW916NoFudTFBRQ=
-48,8,Vwfi+5l4CWDSpKgoHbznzuu9hTE=,Gqju3yw02CvMdW916NoFudTFBRQ=
-37,0,Vwfi+5l4CWDSpKgoHbznzuu9hTE=,Gqju3yw02CvMdW916NoFudTFBRQ=
-34,7,Vwfi+5l4CWDSpKgoHbznzuu9hTE=,Gqju3yw02CvMdW916NoFudTFBRQ=
-42,2,Vwfi+5l4CWDSpKgoHbznzuu9hTE=,Gqju3yw02CvMdW916NoFudTFBRQ=
-35,7,Vwfi+5l4CWDSpKgoHbznzuu9hTE=,Gqju3yw02CvMdW916NoFudTFBRQ=
-33,7,Vwfi+5l4CWDSpKgoHbznzuu9hTE=,Gqju3yw02CvMdW916NoFudTFBRQ=
-38,7,Vwfi+5l4CWDSpKgoHbznzuu9hTE=,Gqju3yw02CvMdW916NoFudTFBRQ=
-40,7,Vwfi+5l4CWDSpKgoHbznzuu9hTE=,Gqju3yw02CvMdW916NoFudTFBRQ=
-39,7,Vwfi+5l4CWDSpKgoHbznzuu9hTE=,Gqju3yw02CvMdW916NoFudTFBRQ=
-41,7,Vwfi+5l4CWDSpKgoHbznzuu9hTE=,Gqju3yw02CvMdW916NoFudTFBRQ=
-41,2,Vwfi+5l4CWDSpKgoHbznzuu9hTE=,Gqju3yw02CvMdW916NoFudTFBRQ=
-37,7,Vwfi+5l4CWDSpKgoHbznzuu9hTE=,Gqju3yw02CvMdW916NoFudTFBRQ=
-42,7,Vwfi+5l4CWDSpKgoHbznzuu9hTE=,Gqju3yw02CvMdW916NoFudTFBRQ=
-43,7,Vwfi+5l4CWDSpKgoHbznzuu9hTE=,Gqju3yw02CvMdW916NoFudTFBRQ=
-44,7,Vwfi+5l4CWDSpKgoHbznzuu9hTE=,Gqju3yw02CvMdW916NoFudTFBRQ=
-46,7,Vwfi+5l4CWDSpKgoHbznzuu9hTE=,Gqju3yw02CvMdW916NoFudTFBRQ=
-45,7,Vwfi+5l4CWDSpKgoHbznzuu9hTE=,Gqju3yw02CvMdW916NoFudTFBRQ=
-36,7,Vwfi+5l4CWDSpKgoHbznzuu9hTE=,Gqju3yw02CvMdW916NoFudTFBRQ=
-48,7,Vwfi+5l4CWDSpKgoHbznzuu9hTE=,Gqju3yw02CvMdW916NoFudTFBRQ=
-38,0,Vwfi+5l4CWDSpKgoHbznzuu9hTE=,Gqju3yw02CvMdW916NoFudTFBRQ=
-43,2,Vwfi+5l4CWDSpKgoHbznzuu9hTE=,Gqju3yw02CvMdW916NoFudTFBRQ=
-33,6,Vwfi+5l4CWDSpKgoHbznzuu9hTE=,Gqju3yw02CvMdW916NoFudTFBRQ=
-47,7,Vwfi+5l4CWDSpKgoHbznzuu9hTE=,Gqju3yw02CvMdW916NoFudTFBRQ=
-34,6,Vwfi+5l4CWDSpKgoHbznzuu9hTE=,Gqju3yw02CvMdW916NoFudTFBRQ=
-39,0,Vwfi+5l4CWDSpKgoHbznzuu9hTE=,Gqju3yw02CvMdW916NoFudTFBRQ=
-35,6,Vwfi+5l4CWDSpKgoHbznzuu9hTE=,Gqju3yw02CvMdW916NoFudTFBRQ=
-40,6,Vwfi+5l4CWDSpKgoHbznzuu9hTE=,Gqju3yw02CvMdW916NoFudTFBRQ=
-36,6,Vwfi+5l4CWDSpKgoHbznzuu9hTE=,Gqju3yw02CvMdW916NoFudTFBRQ=
-42,6,Vwfi+5l4CWDSpKgoHbznzuu9hTE=,Gqju3yw02CvMdW916NoFudTFBRQ=
-39,6,Vwfi+5l4CWDSpKgoHbznzuu9hTE=,Gqju3yw02CvMdW916NoFudTFBRQ=
-37,6,Vwfi+5l4CWDSpKgoHbznzuu9hTE=,Gqju3yw02CvMdW916NoFudTFBRQ=
-38,6,Vwfi+5l4CWDSpKgoHbznzuu9hTE=,Gqju3yw02CvMdW916NoFudTFBRQ=
-41,6,Vwfi+5l4CWDSpKgoHbznzuu9hTE=,Gqju3yw02CvMdW916NoFudTFBRQ=
-45,6,Vwfi+5l4CWDSpKgoHbznzuu9hTE=,Gqju3yw02CvMdW916NoFudTFBRQ=
-40,0,Vwfi+5l4CWDSpKgoHbznzuu9hTE=,Gqju3yw02CvMdW916NoFudTFBRQ=
-44,6,Vwfi+5l4CWDSpKgoHbznzuu9hTE=,Gqju3yw02CvMdW916NoFudTFBRQ=
-46,6,Vwfi+5l4CWDSpKgoHbznzuu9hTE=,Gqju3yw02CvMdW916NoFudTFBRQ=
-47,6,Vwfi+5l4CWDSpKgoHbznzuu9hTE=,Gqju3yw02CvMdW916NoFudTFBRQ=
-48,6,Vwfi+5l4CWDSpKgoHbznzuu9hTE=,Gqju3yw02CvMdW916NoFudTFBRQ=
-43,6,Vwfi+5l4CWDSpKgoHbznzuu9hTE=,Gqju3yw02CvMdW916NoFudTFBRQ=
-33,5,Vwfi+5l4CWDSpKgoHbznzuu9hTE=,Gqju3yw02CvMdW916NoFudTFBRQ=
-35,5,Vwfi+5l4CWDSpKgoHbznzuu9hTE=,Gqju3yw02CvMdW916NoFudTFBRQ=
-36,5,Vwfi+5l4CWDSpKgoHbznzuu9hTE=,Gqju3yw02CvMdW916NoFudTFBRQ=
-44,2,Vwfi+5l4CWDSpKgoHbznzuu9hTE=,Gqju3yw02CvMdW916NoFudTFBRQ=
-34,5,Vwfi+5l4CWDSpKgoHbznzuu9hTE=,Gqju3yw02CvMdW916NoFudTFBRQ=
-38,5,Vwfi+5l4CWDSpKgoHbznzuu9hTE=,Gqju3yw02CvMdW916NoFudTFBRQ=
-37,5,Vwfi+5l4CWDSpKgoHbznzuu9hTE=,Gqju3yw02CvMdW916NoFudTFBRQ=
-41,5,Vwfi+5l4CWDSpKgoHbznzuu9hTE=,Gqju3yw02CvMdW916NoFudTFBRQ=
-39,5,Vwfi+5l4CWDSpKgoHbznzuu9hTE=,Gqju3yw02CvMdW916NoFudTFBRQ=
-40,5,Vwfi+5l4CWDSpKgoHbznzuu9hTE=,Gqju3yw02CvMdW916NoFudTFBRQ=
-42,5,Vwfi+5l4CWDSpKgoHbznzuu9hTE=,Gqju3yw02CvMdW916NoFudTFBRQ=
-43,5,Vwfi+5l4CWDSpKgoHbznzuu9hTE=,Gqju3yw02CvMdW916NoFudTFBRQ=
-47,5,Vwfi+5l4CWDSpKgoHbznzuu9hTE=,Gqju3yw02CvMdW916NoFudTFBRQ=
-46,5,Vwfi+5l4CWDSpKgoHbznzuu9hTE=,Gqju3yw02CvMdW916NoFudTFBRQ=
-45,5,Vwfi+5l4CWDSpKgoHbznzuu9hTE=,Gqju3yw02CvMdW916NoFudTFBRQ=
-41,0,Vwfi+5l4CWDSpKgoHbznzuu9hTE=,Gqju3yw02CvMdW916NoFudTFBRQ=
-48,5,Vwfi+5l4CWDSpKgoHbznzuu9hTE=,Gqju3yw02CvMdW916NoFudTFBRQ=
-44,5,Vwfi+5l4CWDSpKgoHbznzuu9hTE=,Gqju3yw02CvMdW916NoFudTFBRQ=
-45,2,Vwfi+5l4CWDSpKgoHbznzuu9hTE=,Gqju3yw02CvMdW916NoFudTFBRQ=
-42,0,Vwfi+5l4CWDSpKgoHbznzuu9hTE=,Gqju3yw02CvMdW916NoFudTFBRQ=
-33,4,Vwfi+5l4CWDSpKgoHbznzuu9hTE=,Gqju3yw02CvMdW916NoFudTFBRQ=
-36,4,Vwfi+5l4CWDSpKgoHbznzuu9hTE=,Gqju3yw02CvMdW916NoFudTFBRQ=
-34,4,Vwfi+5l4CWDSpKgoHbznzuu9hTE=,Gqju3yw02CvMdW916NoFudTFBRQ=
-37,4,Vwfi+5l4CWDSpKgoHbznzuu9hTE=,Gqju3yw02CvMdW916NoFudTFBRQ=
-41,4,Vwfi+5l4CWDSpKgoHbznzuu9hTE=,Gqju3yw02CvMdW916NoFudTFBRQ=
-38,4,Vwfi+5l4CWDSpKgoHbznzuu9hTE=,Gqju3yw02CvMdW916NoFudTFBRQ=
-42,4,Vwfi+5l4CWDSpKgoHbznzuu9hTE=,Gqju3yw02CvMdW916NoFudTFBRQ=
-40,4,Vwfi+5l4CWDSpKgoHbznzuu9hTE=,Gqju3yw02CvMdW916NoFudTFBRQ=
-39,4,Vwfi+5l4CWDSpKgoHbznzuu9hTE=,Gqju3yw02CvMdW916NoFudTFBRQ=
-43,0,Vwfi+5l4CWDSpKgoHbznzuu9hTE=,Gqju3yw02CvMdW916NoFudTFBRQ=
-43,4,Vwfi+5l4CWDSpKgoHbznzuu9hTE=,Gqju3yw02CvMdW916NoFudTFBRQ=
-46,4,Vwfi+5l4CWDSpKgoHbznzuu9hTE=,Gqju3yw02CvMdW916NoFudTFBRQ=
-44,4,Vwfi+5l4CWDSpKgoHbznzuu9hTE=,Gqju3yw02CvMdW916NoFudTFBRQ=
-46,2,Vwfi+5l4CWDSpKgoHbznzuu9hTE=,Gqju3yw02CvMdW916NoFudTFBRQ=
-47,2,Vwfi+5l4CWDSpKgoHbznzuu9hTE=,Gqju3yw02CvMdW916NoFudTFBRQ=
-35,4,Vwfi+5l4CWDSpKgoHbznzuu9hTE=,Gqju3yw02CvMdW916NoFudTFBRQ=
-45,4,Vwfi+5l4CWDSpKgoHbznzuu9hTE=,Gqju3yw02CvMdW916NoFudTFBRQ=
-48,0,Vwfi+5l4CWDSpKgoHbznzuu9hTE=,Gqju3yw02CvMdW916NoFudTFBRQ=
-47,4,Vwfi+5l4CWDSpKgoHbznzuu9hTE=,Gqju3yw02CvMdW916NoFudTFBRQ=
-48,4,Vwfi+5l4CWDSpKgoHbznzuu9hTE=,Gqju3yw02CvMdW916NoFudTFBRQ=
-33,3,Vwfi+5l4CWDSpKgoHbznzuu9hTE=,Gqju3yw02CvMdW916NoFudTFBRQ=
-34,3,Vwfi+5l4CWDSpKgoHbznzuu9hTE=,Gqju3yw02CvMdW916NoFudTFBRQ=
-35,3,Vwfi+5l4CWDSpKgoHbznzuu9hTE=,Gqju3yw02CvMdW916NoFudTFBRQ=
-36,3,Vwfi+5l4CWDSpKgoHbznzuu9hTE=,Gqju3yw02CvMdW916NoFudTFBRQ=
-37,3,Vwfi+5l4CWDSpKgoHbznzuu9hTE=,Gqju3yw02CvMdW916NoFudTFBRQ=
-42,3,Vwfi+5l4CWDSpKgoHbznzuu9hTE=,Gqju3yw02CvMdW916NoFudTFBRQ=
-38,3,Vwfi+5l4CWDSpKgoHbznzuu9hTE=,Gqju3yw02CvMdW916NoFudTFBRQ=
-40,3,Vwfi+5l4CWDSpKgoHbznzuu9hTE=,Gqju3yw02CvMdW916NoFudTFBRQ=
-39,3,Vwfi+5l4CWDSpKgoHbznzuu9hTE=,Gqju3yw02CvMdW916NoFudTFBRQ=
-41,3,Vwfi+5l4CWDSpKgoHbznzuu9hTE=,Gqju3yw02CvMdW916NoFudTFBRQ=
-43,3,Vwfi+5l4CWDSpKgoHbznzuu9hTE=,Gqju3yw02CvMdW916NoFudTFBRQ=
-48,2,Vwfi+5l4CWDSpKgoHbznzuu9hTE=,Gqju3yw02CvMdW916NoFudTFBRQ=
-46,3,Vwfi+5l4CWDSpKgoHbznzuu9hTE=,Gqju3yw02CvMdW916NoFudTFBRQ=
-44,0,Vwfi+5l4CWDSpKgoHbznzuu9hTE=,Gqju3yw02CvMdW916NoFudTFBRQ=
-44,3,Vwfi+5l4CWDSpKgoHbznzuu9hTE=,Gqju3yw02CvMdW916NoFudTFBRQ=
-47,3,Vwfi+5l4CWDSpKgoHbznzuu9hTE=,Gqju3yw02CvMdW916NoFudTFBRQ=
-33,2,Vwfi+5l4CWDSpKgoHbznzuu9hTE=,Gqju3yw02CvMdW916NoFudTFBRQ=
-45,3,Vwfi+5l4CWDSpKgoHbznzuu9hTE=,Gqju3yw02CvMdW916NoFudTFBRQ=
-48,3,Vwfi+5l4CWDSpKgoHbznzuu9hTE=,Gqju3yw02CvMdW916NoFudTFBRQ=
