-97,-97,Sa3KICmZNJIzjMXkQ7q1pZyN3XI=,69vGDDUZy1/PGiO0Ai/WZ+7NOxk=
-98,-97,Sa3KICmZNJIzjMXkQ7q1pZyN3XI=,69vGDDUZy1/PGiO0Ai/WZ+7NOxk=
-99,-110,Sa3KICmZNJIzjMXkQ7q1pZyN3XI=,69vGDDUZy1/PGiO0Ai/WZ+7NOxk=
-100,-97,Sa3KICmZNJIzjMXkQ7q1pZyN3XI=,69vGDDUZy1/PGiO0Ai/WZ+7NOxk=
-98,-110,Sa3KICmZNJIzjMXkQ7q1pZyN3XI=,69vGDDUZy1/PGiO0Ai/WZ+7NOxk=
-109,-112,Sa3KICmZNJIzjMXkQ7q1pZyN3XI=,69vGDDUZy1/PGiO0Ai/WZ+7NOxk=
-99,-97,Sa3KICmZNJIzjMXkQ7q1pZyN3XI=,69vGDDUZy1/PGiO0Ai/WZ+7NOxk=
-101,-97,Sa3KICmZNJIzjMXkQ7q1pZyN3XI=,69vGDDUZy1/PGiO0Ai/WZ+7NOxk=
-105,-97,Sa3KICmZNJIzjMXkQ7q1pZyN3XI=,69vGDDUZy1/PGiO0Ai/WZ+7NOxk=
-106,-97,Sa3KICmZNJIzjMXkQ7q1pZyN3XI=,69vGDDUZy1/PGiO0Ai/WZ+7NOxk=
-107,-97,Sa3KICmZNJIzjMXkQ7q1pZyN3XI=,69vGDDUZy1/PGiO0Ai/WZ+7NOxk=
-108,-97,Sa3KICmZNJIzjMXkQ7q1pZyN3XI=,69vGDDUZy1/PGiO0Ai/WZ+7NOxk=
-109,-97,Sa3KICmZNJIzjMXkQ7q1pZyN3XI=,69vGDDUZy1/PGiO0Ai/WZ+7NOxk=
-110,-97,Sa3KICmZNJIzjMXkQ7q1pZyN3XI=,69vGDDUZy1/PGiO0Ai/WZ+7NOxk=
-104,-97,Sa3KICmZNJIzjMXkQ7q1pZyN3XI=,69vGDDUZy1/PGiO0Ai/WZ+7NOxk=
-111,-97,Sa3KICmZNJIzjMXkQ7q1pZyN3XI=,69vGDDUZy1/PGiO0Ai/WZ+7NOxk=
-102,-97,Sa3KICmZNJIzjMXkQ7q1pZyN3XI=,69vGDDUZy1/PGiO0Ai/WZ+7NOxk=
-111,-111,Sa3KICmZNJIzjMXkQ7q1pZyN3XI=,69vGDDUZy1/PGiO0Ai/WZ+7NOxk=
-97,-110,Sa3KICmZNJIzjMXkQ7q1pZyN3XI=,69vGDDUZy1/PGiO0Ai/WZ+7NOxk=
-103,-97,Sa3KICmZNJIzjMXkQ7q1pZyN3XI=,69vGDDUZy1/PGiO0Ai/WZ+7NOxk=
-112,-109,Sa3KICmZNJIzjMXkQ7q1pZyN3XI=,69vGDDUZy1/PGiO0Ai/WZ+7NOxk=
-97,-111,Sa3KICmZNJIzjMXkQ7q1pZyN3XI=,69vGDDUZy1/PGiO0Ai/WZ+7NOxk=
-111,-109,Sa3KICmZNJIzjMXkQ7q1pZyN3XI=,69vGDDUZy1/PGiO0Ai/WZ+7NOxk=
-110,-109,Sa3KICmZNJIzjMXkQ7q1pZyN3XI=,69vGDDUZy1/PGiO0Ai/WZ+7NOxk=
-98,-111,Sa3KICmZNJIzjMXkQ7q1pZyN3XI=,69vGDDUZy1/PGiO0Ai/WZ+7NOxk=
-109,-109,Sa3KICmZNJIzjMXkQ7q1pZyN3XI=,69vGDDUZy1/PGiO0Ai/WZ+7NOxk=
-108,-109,Sa3KICmZNJIzjMXkQ7q1pZyN3XI=,69vGDDUZy1/PGiO0Ai/WZ+7NOxk=
-112,-110,Sa3KICmZNJIzjMXkQ7q1pZyN3XI=,69vGDDUZy1/PGiO0Ai/WZ+7NOxk=
-99,-111,Sa3KICmZNJIzjMXkQ7q1pZyN3XI=,69vGDDUZy1/PGiO0Ai/WZ+7NOxk=
-101,-111,Sa3KICmZNJIzjMXkQ7q1pZyN3XI=,69vGDDUZy1/PGiO0Ai/WZ+7NOxk=
-102,-111,Sa3KICmZNJIzjMXkQ7q1pZyN3XI=,69vGDDUZy1/PGiO0Ai/WZ+7NOxk=
-103,-111,Sa3KICmZNJIzjMXkQ7q1pZyN3XI=,69vGDDUZy1/PGiO0Ai/WZ+7NOxk=
-108,-112,Sa3KICmZNJIzjMXkQ7q1pZyN3XI=,69vGDDUZy1/PGiO0Ai/WZ+7NOxk=
-100,-111,Sa3KICmZNJIzjMXkQ7q1pZyN3XI=,69vGDDUZy1/PGiO0Ai/WZ+7NOxk=
-104,-111,Sa3KICmZNJIzjMXkQ7q1pZyN3XI=,69vGDDUZy1/PGiO0Ai/WZ+7NOxk=
-105,-111,Sa3KICmZNJIzjMXkQ7q1pZyN3XI=,69vGDDUZy1/PGiO0Ai/WZ+7NOxk=
-112,-97,Sa3KICmZNJIzjMXkQ7q1pZyN3XI=,69vGDDUZy1/PGiO0Ai/WZ+7NOxk=
-108,-111,Sa3KICmZNJIzjMXkQ7q1pZyN3XI=,69vGDDUZy1/PGiO0Ai/WZ+7NOxk=
-107,-111,Sa3KICmZNJIzjMXkQ7q1pZyN3XI=,69vGDDUZy1/PGiO0Ai/WZ+7NOxk=
-109,-111,Sa3KICmZNJIzjMXkQ7q1pZyN3XI=,69vGDDUZy1/PGiO0Ai/WZ+7NOxk=
-107,-109,Sa3KICmZNJIzjMXkQ7q1pZyN3XI=,69vGDDUZy1/PGiO0Ai/WZ+7NOxk=
-106,-111,Sa3KICmZNJIzjMXkQ7q1pZyN3XI=,69vGDDUZy1/PGiO0Ai/WZ+7NOxk=
-106,-109,Sa3KICmZNJIzjMXkQ7q1pZyN3XI=,69vGDDUZy1/PGiO0Ai/WZ+7NOxk=
-110,-111,Sa3KICmZNJIzjMXkQ7q1pZyN3XI=,69vGDDUZy1/PGiO0Ai/WZ+7NOxk=
-105,-109,Sa3KICmZNJIzjMXkQ7q1pZyN3XI=,69vGDDUZy1/PGiO0Ai/WZ+7NOxk=
-97,-98,Sa3KICmZNJIzjMXkQ7q1pZyN3XI=,69vGDDUZy1/PGiO0Ai/WZ+7NOxk=
-100,-110,Sa3KICmZNJIzjMXkQ7q1pZyN3XI=,69vGDDUZy1/PGiO0Ai/WZ+7NOxk=
-98,-98,Sa3KICmZNJIzjMXkQ7q1pZyN3XI=,69vGDDUZy1/PGiO0Ai/WZ+7NOxk=
-104,-109,Sa3KICmZNJIzjMXkQ7q1pZyN3XI=,69vGDDUZy1/PGiO0Ai/WZ+7NOxk=
-110,-112,Sa3KICmZNJIzjMXkQ7q1pZyN3XI=,69vGDDUZy1/PGiO0Ai/WZ+7NOxk=
-100,-98,Sa3KICmZNJIzjMXkQ7q1pZyN3XI=,69vGDDUZy1/PGiO0Ai/WZ+7NOxk=
-101,-98,Sa3KICmZNJIzjMXkQ7q1pZyN3XI=,69vGDDUZy1/PGiO0Ai/WZ+7NOxk=
-99,-98,Sa3KICmZNJIzjMXkQ7q1pZyN3XI=,69vGDDUZy1/PGiO0Ai/WZ+7NOxk=
-103,-109,Sa3KICmZNJIzjMXkQ7q1pZyN3XI=,69vGDDUZy1/PGiO0Ai/WZ+7NOxk=
-105,-98,Sa3KICmZNJIzjMXkQ7q1pZyN3XI=,69vGDDUZy1/PGiO0Ai/WZ+7NOxk=
-106,-98,Sa3KICmZNJIzjMXkQ7q1pZyN3XI=,69vGDDUZy1/PGiO0Ai/WZ+7NOxk=
-107,-98,Sa3KICmZNJIzjMXkQ7q1pZyN3XI=,69vGDDUZy1/PGiO0Ai/WZ+7NOxk=
-109,-98,Sa3KICmZNJIzjMXkQ7q1pZyN3XI=,69vGDDUZy1/PGiO0Ai/WZ+7NOxk=
-108,-98,Sa3KICmZNJIzjMXkQ7q1pZyN3XI=,69vGDDUZy1/PGiO0Ai/WZ+7NOxk=
-110,-98,Sa3KICmZNJIzjMXkQ7q1pZyN3XI=,69vGDDUZy1/PGiO0Ai/WZ+7NOxk=
-111,-98,Sa3KICmZNJIzjMXkQ7q1pZyN3XI=,69vGDDUZy1/PGiO0Ai/WZ+7NOxk=
-112,-98,Sa3KICmZNJIzjMXkQ7q1pZyN3XI=,69vGDDUZy1/PGiO0Ai/WZ+7NOxk=
-102,-98,Sa3KICmZNJIzjMXkQ7q1pZyN3XI=,69vGDDUZy1/PGiO0Ai/WZ+7NOxk=
-104,-98,Sa3KICmZNJIzjMXkQ7q1pZyN3XI=,69vGDDUZy1/PGiO0Ai/WZ+7NOxk=
-101,-109,Sa3KICmZNJIzjMXkQ7q1pZyN3XI=,69vGDDUZy1/PGiO0Ai/WZ+7NOxk=
-102,-109,Sa3KICmZNJIzjMXkQ7q1pZyN3XI=,69vGDDUZy1/PGiO0Ai/WZ+7NOxk=
-100,-109,Sa3KICmZNJIzjMXkQ7q1pZyN3XI=,69vGDDUZy1/PGiO0Ai/WZ+7NOxk=
-112,-111,Sa3KICmZNJIzjMXkQ7q1pZyN3XI=,69vGDDUZy1/PGiO0Ai/WZ+7NOxk=
-97,-99,Sa3KICmZNJIzjMXkQ7q1pZyN3XI=,69vGDDUZy1/PGiO0Ai/WZ+7NOxk=
-99,-109,Sa3KICmZNJIzjMXkQ7q1pZyN3XI=,69vGDDUZy1/PGiO0Ai/WZ+7NOxk=
-103,-98,Sa3KICmZNJIzjMXkQ7q1pZyN3XI=,69vGDDUZy1/PGiO0Ai/WZ+7NOxk=
-112,-112,Sa3KICmZNJIzjMXkQ7q1pZyN3XI=,69vGDDUZy1/PGiO0Ai/WZ+7NOxk=
-97,-112,Sa3KICmZNJIzjMXkQ7q1pZyN3XI=,69vGDDUZy1/PGiO0Ai/WZ+7NOxk=
-98,-99,Sa3KICmZNJIzjMXkQ7q1pZyN3XI=,69vGDDUZy1/PGiO0Ai/WZ+7NOxk=
-99,-99,Sa3KICmZNJIzjMXkQ7q1pZyN3XI=,69vGDDUZy1/PGiO0Ai/WZ+7NOxk=
-98,-109,Sa3KICmZNJIzjMXkQ7q1pZyN3XI=,69vGDDUZy1/PGiO0Ai/WZ+7NOxk=
-101,-110,Sa3KICmZNJIzjMXkQ7q1pZyN3XI=,69vGDDUZy1/PGiO0Ai/WZ+7NOxk=
-101,-99,Sa3KICmZNJIzjMXkQ7q1pZyN3XI=,69vGDDUZy1/PGiO0Ai/WZ+7NOxk=
-102,-99,Sa3KICmZNJIzjMXkQ7q1pZyN3XI=,69vGDDUZy1/PGiO0Ai/WZ+7NOxk=
-106,-99,Sa3KICmZNJIzjMXkQ7q1pZyN3XI=,69vGDDUZy1/PGiO0Ai/WZ+7NOxk=
-103,-99,Sa3KICmZNJIzjMXkQ7q1pZyN3XI=,69vGDDUZy1/PGiO0Ai/WZ+7NOxk=
-107,-99,Sa3KICmZNJIzjMXkQ7q1pZyN3XI=,69vGDDUZy1/PGiO0Ai/WZ+7NOxk=
-108,-99,Sa3KICmZNJIzjMXkQ7q1pZyN3XI=,69vGDDUZy1/PGiO0Ai/WZ+7NOxk=
-109,-99,Sa3KICmZNJIzjMXkQ7q1pZyN3XI=,69vGDDUZy1/PGiO0Ai/WZ+7NOxk=
-97,-109,Sa3KICmZNJIzjMXkQ7q1pZyN3XI=,69vGDDUZy1/PGiO0Ai/WZ+7NOxk=
-100,-99,Sa3KICmZNJIzjMXkQ7q1pZyN3XI=,69vGDDUZy1/PGiO0Ai/WZ+7NOxk=
-110,-99,Sa3KICmZNJIzjMXkQ7q1pZyN3XI=,69vGDDUZy1/PGiO0Ai/WZ+7NOxk=
-105,-99,Sa3KICmZNJIzjMXkQ7q1pZyN3XI=,69vGDDUZy1/PGiO0Ai/WZ+7NOxk=
-111,-110,Sa3KICmZNJIzjMXkQ7q1pZyN3XI=,69vGDDUZy1/PGiO0Ai/WZ+7NOxk=
-112,-99,Sa3KICmZNJIzjMXkQ7q1pZyN3XI=,69vGDDUZy1/PGiO0Ai/WZ+7NOxk=
-111,-99,Sa3KICmZNJIzjMXkQ7q1pZyN3XI=,69vGDDUZy1/PGiO0Ai/WZ+7NOxk=
-99,-100,Sa3KICmZNJIzjMXkQ7q1pZyN3XI=,69vGDDUZy1/PGiO0Ai/WZ+7NOxk=
-98,-100,Sa3KICmZNJIzjMXkQ7q1pZyN3XI=,69vGDDUZy1/PGiO0Ai/WZ+7NOxk=
-97,-100,Sa3KICmZNJIzjMXkQ7q1pZyN3XI=,69vGDDUZy1/PGiO0Ai/WZ+7NOxk=
-112,-108,Sa3KICmZNJIzjMXkQ7q1pZyN3XI=,69vGDDUZy1/PGiO0Ai/WZ+7NOxk=
-111,-108,Sa3KICmZNJIzjMXkQ7q1pZyN3XI=,69vGDDUZy1/PGiO0Ai/WZ+7NOxk=
-104,-99,Sa3KICmZNJIzjMXkQ7q1pZyN3XI=,69vGDDUZy1/PGiO0Ai/WZ+7NOxk=
-98,-112,Sa3KICmZNJIzjMXkQ7q1pZyN3XI=,69vGDDUZy1/PGiO0Ai/WZ+7NOxk=
-111,-112,Sa3KICmZNJIzjMXkQ7q1pZyN3XI=,69vGDDUZy1/PGiO0Ai/WZ+7NOxk=
-102,-110,Sa3KICmZNJIzjMXkQ7q1pZyN3XI=,69vGDDUZy1/PGiO0Ai/WZ+7NOxk=
-100,-100,Sa3KICmZNJIzjMXkQ7q1pZyN3XI=,69vGDDUZy1/PGiO0Ai/WZ+7NOxk=
-110,-108,Sa3KICmZNJIzjMXkQ7q1pZyN3XI=,69vGDDUZy1/PGiO0Ai/WZ+7NOxk=
-109,-108,Sa3KICmZNJIzjMXkQ7q1pZyN3XI=,69vGDDUZy1/PGiO0Ai/WZ+7NOxk=
-108,-108,Sa3KICmZNJIzjMXkQ7q1pZyN3XI=,69vGDDUZy1/PGiO0Ai/WZ+7NOxk=
-110,-110,Sa3KICmZNJIzjMXkQ7q1pZyN3XI=,69vGDDUZy1/PGiO0Ai/WZ+7NOxk=
-103,-100,Sa3KICmZNJIzjMXkQ7q1pZyN3XI=,69vGDDUZy1/PGiO0Ai/WZ+7NOxk=
-102,-100,Sa3KICmZNJIzjMXkQ7q1pZyN3XI=,69vGDDUZy1/PGiO0Ai/WZ+7NOxk=
-106,-100,Sa3KICmZNJIzjMXkQ7q1pZyN3XI=,69vGDDUZy1/PGiO0Ai/WZ+7NOxk=
-101,-100,Sa3KICmZNJIzjMXkQ7q1pZyN3XI=,69vGDDUZy1/PGiO0Ai/WZ+7NOxk=
-104,-100,Sa3KICmZNJIzjMXkQ7q1pZyN3XI=,69vGDDUZy1/PGiO0Ai/WZ+7NOxk=
-109,-100,Sa3KICmZNJIzjMXkQ7q1pZyN3XI=,69vGDDUZy1/PGiO0Ai/WZ+7NOxk=
-110,-100,Sa3KICmZNJIzjMXkQ7q1pZyN3XI=,69vGDDUZy1/PGiO0Ai/WZ+7NOxk=
-111,-100,Sa3KICmZNJIzjMXkQ7q1pZyN3XI=,69vGDDUZy1/PGiO0Ai/WZ+7NOxk=
-112,-100,Sa3KICmZNJIzjMXkQ7q1pZyN3XI=,69vGDDUZy1/PGiO0Ai/WZ+7NOxk=
-107,-112,Sa3KICmZNJIzjMXkQ7q1pZyN3XI=,69vGDDUZy1/PGiO0Ai/WZ+7NOxk=
-107,-100,Sa3KICmZNJIzjMXkQ7q1pZyN3XI=,69vGDDUZy1/PGiO0Ai/WZ+7NOxk=
-107,-108,Sa3KICmZNJIzjMXkQ7q1pZyN3XI=,69vGDDUZy1/PGiO0Ai/WZ+7NOxk=
-97,-101,Sa3KICmZNJIzjMXkQ7q1pZyN3XI=,69vGDDUZy1/PGiO0Ai/WZ+7NOxk=
-99,-101,Sa3KICmZNJIzjMXkQ7q1pZyN3XI=,69vGDDUZy1/PGiO0Ai/WZ+7NOxk=
-108,-100,Sa3KICmZNJIzjMXkQ7q1pZyN3XI=,69vGDDUZy1/PGiO0Ai/WZ+7NOxk=
-105,-100,Sa3KICmZNJIzjMXkQ7q1pZyN3XI=,69vGDDUZy1/PGiO0Ai/WZ+7NOxk=
-98,-101,Sa3KICmZNJIzjMXkQ7q1pZyN3XI=,69vGDDUZy1/PGiO0Ai/WZ+7NOxk=
-100,-101,Sa3KICmZNJIzjMXkQ7q1pZyN3XI=,69vGDDUZy1/PGiO0Ai/WZ+7NOxk=
-99,-112,Sa3KICmZNJIzjMXkQ7q1pZyN3XI=,69vGDDUZy1/PGiO0Ai/WZ+7NOxk=
-106,-108,Sa3KICmZNJIzjMXkQ7q1pZyN3XI=,69vGDDUZy1/PGiO0Ai/WZ+7NOxk=
-102,-101,Sa3KICmZNJIzjMXkQ7q1pZyN3XI=,69vGDDUZy1/PGiO0Ai/WZ+7NOxk=
-103,-101,Sa3KICmZNJIzjMXkQ7q1pZyN3XI=,69vGDDUZy1/PGiO0Ai/WZ+7NOxk=
-101,-101,Sa3KICmZNJIzjMXkQ7q1pZyN3XI=,69vGDDUZy1/PGiO0Ai/WZ+7NOxk=
-104,-101,Sa3KICmZNJIzjMXkQ7q1pZyN3XI=,69vGDDUZy1/PGiO0Ai/WZ+7NOxk=
-107,-101,Sa3KICmZNJIzjMXkQ7q1pZyN3XI=,69vGDDUZy1/PGiO0Ai/WZ+7NOxk=
-108,-101,Sa3KICmZNJIzjMXkQ7q1pZyN3XI=,69vGDDUZy1/PGiO0Ai/WZ+7NOxk=
-109,-101,Sa3KICmZNJIzjMXkQ7q1pZyN3XI=,69vGDDUZy1/PGiO0Ai/WZ+7NOxk=
-110,-101,Sa3KICmZNJIzjMXkQ7q1pZyN3XI=,69vGDDUZy1/PGiO0Ai/WZ+7NOxk=
-111,-101,Sa3KICmZNJIzjMXkQ7q1pZyN3XI=,69vGDDUZy1/PGiO0Ai/WZ+7NOxk=
-112,-101,Sa3KICmZNJIzjMXkQ7q1pZyN3XI=,69vGDDUZy1/PGiO0Ai/WZ+7NOxk=
-105,-101,Sa3KICmZNJIzjMXkQ7q1pZyN3XI=,69vGDDUZy1/PGiO0Ai/WZ+7NOxk=
-103,-110,Sa3KICmZNJIzjMXkQ7q1pZyN3XI=,69vGDDUZy1/PGiO0Ai/WZ+7NOxk=
-98,-102,Sa3KICmZNJIzjMXkQ7q1pZyN3XI=,69vGDDUZy1/PGiO0Ai/WZ+7NOxk=
-106,-101,Sa3KICmZNJIzjMXkQ7q1pZyN3XI=,69vGDDUZy1/PGiO0Ai/WZ+7NOxk=
-105,-108,Sa3KICmZNJIzjMXkQ7q1pZyN3XI=,69vGDDUZy1/PGiO0Ai/WZ+7NOxk=
-99,-102,Sa3KICmZNJIzjMXkQ7q1pZyN3XI=,69vGDDUZy1/PGiO0Ai/WZ+7NOxk=
-97,-102,Sa3KICmZNJIzjMXkQ7q1pZyN3XI=,69vGDDUZy1/PGiO0Ai/WZ+7NOxk=
-104,-108,Sa3KICmZNJIzjMXkQ7q1pZyN3XI=,69vGDDUZy1/PGiO0Ai/WZ+7NOxk=
-101,-102,Sa3KICmZNJIzjMXkQ7q1pZyN3XI=,69vGDDUZy1/PGiO0Ai/WZ+7NOxk=
-103,-108,Sa3KICmZNJIzjMXkQ7q1pZyN3XI=,69vGDDUZy1/PGiO0Ai/WZ+7NOxk=
-102,-102,Sa3KICmZNJIzjMXkQ7q1pZyN3XI=,69vGDDUZy1/PGiO0Ai/WZ+7NOxk=
-100,-112,Sa3KICmZNJIzjMXkQ7q1pZyN3XI=,69vGDDUZy1/PGiO0Ai/WZ+7NOxk=
-100,-102,Sa3KICmZNJIzjMXkQ7q1pZyN3XI=,69vGDDUZy1/PGiO0Ai/WZ+7NOxk=
-102,-108,Sa3KICmZNJIzjMXkQ7q1pZyN3XI=,69vGDDUZy1/PGiO0Ai/WZ+7NOxk=
-104,-110,Sa3KICmZNJIzjMXkQ7q1pZyN3XI=,69vGDDUZy1/PGiO0Ai/WZ+7NOxk=
-103,-102,Sa3KICmZNJIzjMXkQ7q1pZyN3XI=,69vGDDUZy1/PGiO0Ai/WZ+7NOxk=
-104,-102,Sa3KICmZNJIzjMXkQ7q1pZyN3XI=,69vGDDUZy1/PGiO0Ai/WZ+7NOxk=
-101,-108,Sa3KICmZNJIzjMXkQ7q1pZyN3XI=,69vGDDUZy1/PGiO0Ai/WZ+7NOxk=
-100,-108,Sa3KICmZNJIzjMXkQ7q1pZyN3XI=,69vGDDUZy1/PGiO0Ai/WZ+7NOxk=
-105,-102,Sa3KICmZNJIzjMXkQ7q1pZyN3XI=,69vGDDUZy1/PGiO0Ai/WZ+7NOxk=
-109,-102,Sa3KICmZNJIzjMXkQ7q1pZyN3XI=,69vGDDUZy1/PGiO0Ai/WZ+7NOxk=
-110,-102,Sa3KICmZNJIzjMXkQ7q1pZyN3XI=,69vGDDUZy1/PGiO0Ai/WZ+7NOxk=
-111,-102,Sa3KICmZNJIzjMXkQ7q1pZyN3XI=,69vGDDUZy1/PGiO0Ai/WZ+7NOxk=
-112,-102,Sa3KICmZNJIzjMXkQ7q1pZyN3XI=,69vGDDUZy1/PGiO0Ai/WZ+7NOxk=
-99,-108,Sa3KICmZNJIzjMXkQ7q1pZyN3XI=,69vGDDUZy1/PGiO0Ai/WZ+7NOxk=
-106,-102,Sa3KICmZNJIzjMXkQ7q1pZyN3XI=,69vGDDUZy1/PGiO0Ai/WZ+7NOxk=
-98,-108,Sa3KICmZNJIzjMXkQ7q1pZyN3XI=,69vGDDUZy1/PGiO0Ai/WZ+7NOxk=
-97,-103,Sa3KICmZNJIzjMXkQ7q1pZyN3XI=,69vGDDUZy1/PGiO0Ai/WZ+7NOxk=
-108,-102,Sa3KICmZNJIzjMXkQ7q1pZyN3XI=,69vGDDUZy1/PGiO0Ai/WZ+7NOxk=
-107,-102,Sa3KICmZNJIzjMXkQ7q1pZyN3XI=,69vGDDUZy1/PGiO0Ai/WZ+7NOxk=
-99,-103,Sa3KICmZNJIzjMXkQ7q1pZyN3XI=,69vGDDUZy1/PGiO0Ai/WZ+7NOxk=
-97,-108,Sa3KICmZNJIzjMXkQ7q1pZyN3XI=,69vGDDUZy1/PGiO0Ai/WZ+7NOxk=
-101,-103,Sa3KICmZNJIzjMXkQ7q1pZyN3XI=,69vGDDUZy1/PGiO0Ai/WZ+7NOxk=
-102,-103,Sa3KICmZNJIzjMXkQ7q1pZyN3XI=,69vGDDUZy1/PGiO0Ai/WZ+7NOxk=
-101,-112,Sa3KICmZNJIzjMXkQ7q1pZyN3XI=,69vGDDUZy1/PGiO0Ai/WZ+7NOxk=
-100,-103,Sa3KICmZNJIzjMXkQ7q1pZyN3XI=,69vGDDUZy1/PGiO0Ai/WZ+7NOxk=
-103,-103,Sa3KICmZNJIzjMXkQ7q1pZyN3XI=,69vGDDUZy1/PGiO0Ai/WZ+7NOxk=
-98,-103,Sa3KICmZNJIzjMXkQ7q1pZyN3XI=,69vGDDUZy1/PGiO0Ai/WZ+7NOxk=
-106,-112,Sa3KICmZNJIzjMXkQ7q1pZyN3XI=,69vGDDUZy1/PGiO0Ai/WZ+7NOxk=
-104,-103,Sa3KICmZNJIzjMXkQ7q1pZyN3XI=,69vGDDUZy1/PGiO0Ai/WZ+7NOxk=
-105,-103,Sa3KICmZNJIzjMXkQ7q1pZyN3XI=,69vGDDUZy1/PGiO0Ai/WZ+7NOxk=
-105,-110,Sa3KICmZNJIzjMXkQ7q1pZyN3XI=,69vGDDUZy1/PGiO0Ai/WZ+7NOxk=
-110,-103,Sa3KICmZNJIzjMXkQ7q1pZyN3XI=,69vGDDUZy1/PGiO0Ai/WZ+7NOxk=
-106,-103,Sa3KICmZNJIzjMXkQ7q1pZyN3XI=,69vGDDUZy1/PGiO0Ai/WZ+7NOxk=
-111,-103,Sa3KICmZNJIzjMXkQ7q1pZyN3XI=,69vGDDUZy1/PGiO0Ai/WZ+7NOxk=
-112,-107,Sa3KICmZNJIzjMXkQ7q1pZyN3XI=,69vGDDUZy1/PGiO0Ai/WZ+7NOxk=
-107,-103,Sa3KICmZNJIzjMXkQ7q1pZyN3XI=,69vGDDUZy1/PGiO0Ai/WZ+7NOxk=
-112,-103,Sa3KICmZNJIzjMXkQ7q1pZyN3XI=,69vGDDUZy1/PGiO0Ai/WZ+7NOxk=
-111,-107,Sa3KICmZNJIzjMXkQ7q1pZyN3XI=,69vGDDUZy1/PGiO0Ai/WZ+7NOxk=
-110,-107,Sa3KICmZNJIzjMXkQ7q1pZyN3XI=,69vGDDUZy1/PGiO0Ai/WZ+7NOxk=
-109,-103,Sa3KICmZNJIzjMXkQ7q1pZyN3XI=,69vGDDUZy1/PGiO0Ai/WZ+7NOxk=
-109,-107,Sa3KICmZNJIzjMXkQ7q1pZyN3XI=,69vGDDUZy1/PGiO0Ai/WZ+7NOxk=
-98,-104,Sa3KICmZNJIzjMXkQ7q1pZyN3XI=,69vGDDUZy1/PGiO0Ai/WZ+7NOxk=
-99,-104,Sa3KICmZNJIzjMXkQ7q1pZyN3XI=,69vGDDUZy1/PGiO0Ai/WZ+7NOxk=
-108,-107,Sa3KICmZNJIzjMXkQ7q1pZyN3XI=,69vGDDUZy1/PGiO0Ai/WZ+7NOxk=
-109,-110,Sa3KICmZNJIzjMXkQ7q1pZyN3XI=,69vGDDUZy1/PGiO0Ai/WZ+7NOxk=
-108,-103,Sa3KICmZNJIzjMXkQ7q1pZyN3XI=,69vGDDUZy1/PGiO0Ai/WZ+7NOxk=
-100,-104,Sa3KICmZNJIzjMXkQ7q1pZyN3XI=,69vGDDUZy1/PGiO0Ai/WZ+7NOxk=
-97,-104,Sa3KICmZNJIzjMXkQ7q1pZyN3XI=,69vGDDUZy1/PGiO0Ai/WZ+7NOxk=
-102,-112,Sa3KICmZNJIzjMXkQ7q1pZyN3XI=,69vGDDUZy1/PGiO0Ai/WZ+7NOxk=
-101,-104,Sa3KICmZNJIzjMXkQ7q1pZyN3XI=,69vGDDUZy1/PGiO0Ai/WZ+7NOxk=
-104,-104,Sa3KICmZNJIzjMXkQ7q1pZyN3XI=,69vGDDUZy1/PGiO0Ai/WZ+7NOxk=
-102,-104,Sa3KICmZNJIzjMXkQ7q1pZyN3XI=,69vGDDUZy1/PGiO0Ai/WZ+7NOxk=
-105,-112,Sa3KICmZNJIzjMXkQ7q1pZyN3XI=,69vGDDUZy1/PGiO0Ai/WZ+7NOxk=
-103,-104,Sa3KICmZNJIzjMXkQ7q1pZyN3XI=,69vGDDUZy1/PGiO0Ai/WZ+7NOxk=
-105,-104,Sa3KICmZNJIzjMXkQ7q1pZyN3XI=,69vGDDUZy1/PGiO0Ai/WZ+7NOxk=
-106,-110,Sa3KICmZNJIzjMXkQ7q1pZyN3XI=,69vGDDUZy1/PGiO0Ai/WZ+7NOxk=
-107,-107,Sa3KICmZNJIzjMXkQ7q1pZyN3XI=,69vGDDUZy1/PGiO0Ai/WZ+7NOxk=
-106,-104,Sa3KICmZNJIzjMXkQ7q1pZyN3XI=,69vGDDUZy1/PGiO0Ai/WZ+7NOxk=
-110,-104,Sa3KICmZNJIzjMXkQ7q1pZyN3XI=,69vGDDUZy1/PGiO0Ai/WZ+7NOxk=
-111,-104,Sa3KICmZNJIzjMXkQ7q1pZyN3XI=,69vGDDUZy1/PGiO0Ai/WZ+7NOxk=
-112,-104,Sa3KICmZNJIzjMXkQ7q1pZyN3XI=,69vGDDUZy1/PGiO0Ai/WZ+7NOxk=
-106,-107,Sa3KICmZNJIzjMXkQ7q1pZyN3XI=,69vGDDUZy1/PGiO0Ai/WZ+7NOxk=
-107,-104,Sa3KICmZNJIzjMXkQ7q1pZyN3XI=,69vGDDUZy1/PGiO0Ai/WZ+7NOxk=
-98,-105,Sa3KICmZNJIzjMXkQ7q1pZyN3XI=,69vGDDUZy1/PGiO0Ai/WZ+7NOxk=
-108,-104,Sa3KICmZNJIzjMXkQ7q1pZyN3XI=,69vGDDUZy1/PGiO0Ai/WZ+7NOxk=
-109,-104,Sa3KICmZNJIzjMXkQ7q1pZyN3XI=,69vGDDUZy1/PGiO0Ai/WZ+7NOxk=
-101,-105,Sa3KICmZNJIzjMXkQ7q1pZyN3XI=,69vGDDUZy1/PGiO0Ai/WZ+7NOxk=
-105,-107,Sa3KICmZNJIzjMXkQ7q1pZyN3XI=,69vGDDUZy1/PGiO0Ai/WZ+7NOxk=
-100,-105,Sa3KICmZNJIzjMXkQ7q1pZyN3XI=,69vGDDUZy1/PGiO0Ai/WZ+7NOxk=
-97,-105,Sa3KICmZNJIzjMXkQ7q1pZyN3XI=,69vGDDUZy1/PGiO0Ai/WZ+7NOxk=
-102,-105,Sa3KICmZNJIzjMXkQ7q1pZyN3XI=,69vGDDUZy1/PGiO0Ai/WZ+7NOxk=
-103,-112,Sa3KICmZNJIzjMXkQ7q1pZyN3XI=,69vGDDUZy1/PGiO0Ai/WZ+7NOxk=
-99,-105,Sa3KICmZNJIzjMXkQ7q1pZyN3XI=,69vGDDUZy1/PGiO0Ai/WZ+7NOxk=
-103,-105,Sa3KICmZNJIzjMXkQ7q1pZyN3XI=,69vGDDUZy1/PGiO0Ai/WZ+7NOxk=
-104,-105,Sa3KICmZNJIzjMXkQ7q1pZyN3XI=,69vGDDUZy1/PGiO0Ai/WZ+7NOxk=
-104,-107,Sa3KICmZNJIzjMXkQ7q1pZyN3XI=,69vGDDUZy1/PGiO0Ai/WZ+7NOxk=
-107,-110,Sa3KICmZNJIzjMXkQ7q1pZyN3XI=,69vGDDUZy1/PGiO0Ai/WZ+7NOxk=
-105,-105,Sa3KICmZNJIzjMXkQ7q1pZyN3XI=,69vGDDUZy1/PGiO0Ai/WZ+7NOxk=
-106,-105,Sa3KICmZNJIzjMXkQ7q1pZyN3XI=,69vGDDUZy1/PGiO0Ai/WZ+7NOxk=
-110,-105,Sa3KICmZNJIzjMXkQ7q1pZyN3XI=,69vGDDUZy1/PGiO0Ai/WZ+7NOxk=
-111,-105,Sa3KICmZNJIzjMXkQ7q1pZyN3XI=,69vGDDUZy1/PGiO0Ai/WZ+7NOxk=
-112,-105,Sa3KICmZNJIzjMXkQ7q1pZyN3XI=,69vGDDUZy1/PGiO0Ai/WZ+7NOxk=
-103,-107,Sa3KICmZNJIzjMXkQ7q1pZyN3XI=,69vGDDUZy1/PGiO0Ai/WZ+7NOxk=
-107,-105,Sa3KICmZNJIzjMXkQ7q1pZyN3XI=,69vGDDUZy1/PGiO0Ai/WZ+7NOxk=
-102,-107,Sa3KICmZNJIzjMXkQ7q1pZyN3XI=,69vGDDUZy1/PGiO0Ai/WZ+7NOxk=
-97,-106,Sa3KICmZNJIzjMXkQ7q1pZyN3XI=,69vGDDUZy1/PGiO0Ai/WZ+7NOxk=
-101,-107,Sa3KICmZNJIzjMXkQ7q1pZyN3XI=,69vGDDUZy1/PGiO0Ai/WZ+7NOxk=
-98,-106,Sa3KICmZNJIzjMXkQ7q1pZyN3XI=,69vGDDUZy1/PGiO0Ai/WZ+7NOxk=
-108,-105,Sa3KICmZNJIzjMXkQ7q1pZyN3XI=,69vGDDUZy1/PGiO0Ai/WZ+7NOxk=
-100,-107,Sa3KICmZNJIzjMXkQ7q1pZyN3XI=,69vGDDUZy1/PGiO0Ai/WZ+7NOxk=
-101,-106,Sa3KICmZNJIzjMXkQ7q1pZyN3XI=,69vGDDUZy1/PGiO0Ai/WZ+7NOxk=
-99,-107,Sa3KICmZNJIzjMXkQ7q1pZyN3XI=,69vGDDUZy1/PGiO0Ai/WZ+7NOxk=
-109,-105,Sa3KICmZNJIzjMXkQ7q1pZyN3XI=,69vGDDUZy1/PGiO0Ai/WZ+7NOxk=
-100,-106,Sa3KICmZNJIzjMXkQ7q1pZyN3XI=,69vGDDUZy1/PGiO0Ai/WZ+7NOxk=
-99,-106,Sa3KICmZNJIzjMXkQ7q1pZyN3XI=,69vGDDUZy1/PGiO0Ai/WZ+7NOxk=
-98,-107,Sa3KICmZNJIzjMXkQ7q1pZyN3XI=,69vGDDUZy1/PGiO0Ai/WZ+7NOxk=
-102,-106,Sa3KICmZNJIzjMXkQ7q1pZyN3XI=,69vGDDUZy1/PGiO0Ai/WZ+7NOxk=
-97,-107,Sa3KICmZNJIzjMXkQ7q1pZyN3XI=,69vGDDUZy1/PGiO0Ai/WZ+7NOxk=
-104,-112,Sa3KICmZNJIzjMXkQ7q1pZyN3XI=,69vGDDUZy1/PGiO0Ai/WZ+7NOxk=
-112,-106,Sa3KICmZNJIzjMXkQ7q1pZyN3XI=,69vGDDUZy1/PGiO0Ai/WZ+7NOxk=
-103,-106,Sa3KICmZNJIzjMXkQ7q1pZyN3XI=,69vGDDUZy1/PGiO0Ai/WZ+7NOxk=
-108,-110,Sa3KICmZNJIzjMXkQ7q1pZyN3XI=,69vGDDUZy1/PGiO0Ai/WZ+7NOxk=
-104,-106,Sa3KICmZNJIzjMXkQ7q1pZyN3XI=,69vGDDUZy1/PGiO0Ai/WZ+7NOxk=
-105,-106,Sa3KICmZNJIzjMXkQ7q1pZyN3XI=,69vGDDUZy1/PGiO0Ai/WZ+7NOxk=
-111,-106,Sa3KICmZNJIzjMXkQ7q1pZyN3XI=,69vGDDUZy1/PGiO0Ai/WZ+7NOxk=
-106,-106,Sa3KICmZNJIzjMXkQ7q1pZyN3XI=,69vGDDUZy1/PGiO0Ai/WZ+7NOxk=
-110,-106,Sa3KICmZNJIzjMXkQ7q1pZyN3XI=,69vGDDUZy1/PGiO0Ai/WZ+7NOxk=
-108,-106,Sa3KICmZNJIzjMXkQ7q1pZyN3XI=,69vGDDUZy1/PGiO0Ai/WZ+7NOxk=
-107,-106,Sa3KICmZNJIzjMXkQ7q1pZyN3XI=,69vGDDUZy1/PGiO0Ai/WZ+7NOxk=
-109,-106,Sa3KICmZNJIzjMXkQ7q1pZyN3XI=,69vGDDUZy1/PGiO0Ai/WZ+7NOxk=
-97,-113,eVdN+ZtxzIdTNwetKYuaz6kwSg4=,tOGIcdrlvWyMxT4iA5R7wb41qGo=
-98,-126,eVdN+ZtxzIdTNwetKYuaz6kwSg4=,tOGIcdrlvWyMxT4iA5R7wb41qGo=
-99,-126,eVdN+ZtxzIdTNwetKYuaz6kwSg4=,tOGIcdrlvWyMxT4iA5R7wb41qGo=
-97,-126,eVdN+ZtxzIdTNwetKYuaz6kwSg4=,tOGIcdrlvWyMxT4iA5R7wb41qGo=
-98,-113,eVdN+ZtxzIdTNwetKYuaz6kwSg4=,tOGIcdrlvWyMxT4iA5R7wb41qGo=
-100,-113,eVdN+ZtxzIdTNwetKYuaz6kwSg4=,tOGIcdrlvWyMxT4iA5R7wb41qGo=
-99,-113,eVdN+ZtxzIdTNwetKYuaz6kwSg4=,tOGIcdrlvWyMxT4iA5R7wb41qGo=
-103,-113,eVdN+ZtxzIdTNwetKYuaz6kwSg4=,tOGIcdrlvWyMxT4iA5R7wb41qGo=
-104,-113,eVdN+ZtxzIdTNwetKYuaz6kwSg4=,tOGIcdrlvWyMxT4iA5R7wb41qGo=
-105,-113,eVdN+ZtxzIdTNwetKYuaz6kwSg4=,tOGIcdrlvWyMxT4iA5R7wb41qGo=
-101,-113,eVdN+ZtxzIdTNwetKYuaz6kwSg4=,tOGIcdrlvWyMxT4iA5R7wb41qGo=
-107,-113,eVdN+ZtxzIdTNwetKYuaz6kwSg4=,tOGIcdrlvWyMxT4iA5R7wb41qGo=
-108,-113,eVdN+ZtxzIdTNwetKYuaz6kwSg4=,tOGIcdrlvWyMxT4iA5R7wb41qGo=
-106,-113,eVdN+ZtxzIdTNwetKYuaz6kwSg4=,tOGIcdrlvWyMxT4iA5R7wb41qGo=
-109,-128,eVdN+ZtxzIdTNwetKYuaz6kwSg4=,tOGIcdrlvWyMxT4iA5R7wb41qGo=
-102,-113,eVdN+ZtxzIdTNwetKYuaz6kwSg4=,tOGIcdrlvWyMxT4iA5R7wb41qGo=
-97,-127,eVdN+ZtxzIdTNwetKYuaz6kwSg4=,tOGIcdrlvWyMxT4iA5R7wb41qGo=
-111,-113,eVdN+ZtxzIdTNwetKYuaz6kwSg4=,tOGIcdrlvWyMxT4iA5R7wb41qGo=
-98,-127,eVdN+ZtxzIdTNwetKYuaz6kwSg4=,tOGIcdrlvWyMxT4iA5R7wb41qGo=
-99,-127,eVdN+ZtxzIdTNwetKYuaz6kwSg4=,tOGIcdrlvWyMxT4iA5R7wb41qGo=
-100,-127,eVdN+ZtxzIdTNwetKYuaz6kwSg4=,tOGIcdrlvWyMxT4iA5R7wb41qGo=
-101,-127,eVdN+ZtxzIdTNwetKYuaz6kwSg4=,tOGIcdrlvWyMxT4iA5R7wb41qGo=
-111,-127,eVdN+ZtxzIdTNwetKYuaz6kwSg4=,tOGIcdrlvWyMxT4iA5R7wb41qGo=
-102,-127,eVdN+ZtxzIdTNwetKYuaz6kwSg4=,tOGIcdrlvWyMxT4iA5R7wb41qGo=
-104,-127,eVdN+ZtxzIdTNwetKYuaz6kwSg4=,tOGIcdrlvWyMxT4iA5R7wb41qGo=
-103,-127,eVdN+ZtxzIdTNwetKYuaz6kwSg4=,tOGIcdrlvWyMxT4iA5R7wb41qGo=
-109,-113,eVdN+ZtxzIdTNwetKYuaz6kwSg4=,tOGIcdrlvWyMxT4iA5R7wb41qGo=
-105,-127,eVdN+ZtxzIdTNwetKYuaz6kwSg4=,tOGIcdrlvWyMxT4iA5R7wb41qGo=
-112,-125,eVdN+ZtxzIdTNwetKYuaz6kwSg4=,tOGIcdrlvWyMxT4iA5R7wb41qGo=
-110,-113,eVdN+ZtxzIdTNwetKYuaz6kwSg4=,tOGIcdrlvWyMxT4iA5R7wb41qGo=
-106,-127,eVdN+ZtxzIdTNwetKYuaz6kwSg4=,tOGIcdrlvWyMxT4iA5R7wb41qGo=
-107,-127,eVdN+ZtxzIdTNwetKYuaz6kwSg4=,tOGIcdrlvWyMxT4iA5R7wb41qGo=
-112,-113,eVdN+ZtxzIdTNwetKYuaz6kwSg4=,tOGIcdrlvWyMxT4iA5R7wb41qGo=
-97,-114,eVdN+ZtxzIdTNwetKYuaz6kwSg4=,tOGIcdrlvWyMxT4iA5R7wb41qGo=
-109,-127,eVdN+ZtxzIdTNwetKYuaz6kwSg4=,tOGIcdrlvWyMxT4iA5R7wb41qGo=
-110,-127,eVdN+ZtxzIdTNwetKYuaz6kwSg4=,tOGIcdrlvWyMxT4iA5R7wb41qGo=
-100,-126,eVdN+ZtxzIdTNwetKYuaz6kwSg4=,tOGIcdrlvWyMxT4iA5R7wb41qGo=
-99,-114,eVdN+ZtxzIdTNwetKYuaz6kwSg4=,tOGIcdrlvWyMxT4iA5R7wb41qGo=
-108,-127,eVdN+ZtxzIdTNwetKYuaz6kwSg4=,tOGIcdrlvWyMxT4iA5R7wb41qGo=
-110,-128,eVdN+ZtxzIdTNwetKYuaz6kwSg4=,tOGIcdrlvWyMxT4iA5R7wb41qGo=
-100,-114,eVdN+ZtxzIdTNwetKYuaz6kwSg4=,tOGIcdrlvWyMxT4iA5R7wb41qGo=
-111,-125,eVdN+ZtxzIdTNwetKYuaz6kwSg4=,tOGIcdrlvWyMxT4iA5R7wb41qGo=
-98,-114,eVdN+ZtxzIdTNwetKYuaz6kwSg4=,tOGIcdrlvWyMxT4iA5R7wb41qGo=
-102,-114,eVdN+ZtxzIdTNwetKYuaz6kwSg4=,tOGIcdrlvWyMxT4iA5R7wb41qGo=
-105,-114,eVdN+ZtxzIdTNwetKYuaz6kwSg4=,tOGIcdrlvWyMxT4iA5R7wb41qGo=
-106,-114,eVdN+ZtxzIdTNwetKYuaz6kwSg4=,tOGIcdrlvWyMxT4iA5R7wb41qGo=
-107,-114,eVdN+ZtxzIdTNwetKYuaz6kwSg4=,tOGIcdrlvWyMxT4iA5R7wb41qGo=
-104,-114,eVdN+ZtxzIdTNwetKYuaz6kwSg4=,tOGIcdrlvWyMxT4iA5R7wb41qGo=
-101,-114,eVdN+ZtxzIdTNwetKYuaz6kwSg4=,tOGIcdrlvWyMxT4iA5R7wb41qGo=
-103,-114,eVdN+ZtxzIdTNwetKYuaz6kwSg4=,tOGIcdrlvWyMxT4iA5R7wb41qGo=
-111,-114,eVdN+ZtxzIdTNwetKYuaz6kwSg4=,tOGIcdrlvWyMxT4iA5R7wb41qGo=
-108,-114,eVdN+ZtxzIdTNwetKYuaz6kwSg4=,tOGIcdrlvWyMxT4iA5R7wb41qGo=
-109,-114,eVdN+ZtxzIdTNwetKYuaz6kwSg4=,tOGIcdrlvWyMxT4iA5R7wb41qGo=
-97,-115,eVdN+ZtxzIdTNwetKYuaz6kwSg4=,tOGIcdrlvWyMxT4iA5R7wb41qGo=
-112,-127,eVdN+ZtxzIdTNwetKYuaz6kwSg4=,tOGIcdrlvWyMxT4iA5R7wb41qGo=
-97,-128,eVdN+ZtxzIdTNwetKYuaz6kwSg4=,tOGIcdrlvWyMxT4iA5R7wb41qGo=
-101,-126,eVdN+ZtxzIdTNwetKYuaz6kwSg4=,tOGIcdrlvWyMxT4iA5R7wb41qGo=
-98,-115,eVdN+ZtxzIdTNwetKYuaz6kwSg4=,tOGIcdrlvWyMxT4iA5R7wb41qGo=
-110,-114,eVdN+ZtxzIdTNwetKYuaz6kwSg4=,tOGIcdrlvWyMxT4iA5R7wb41qGo=
-99,-115,eVdN+ZtxzIdTNwetKYuaz6kwSg4=,tOGIcdrlvWyMxT4iA5R7wb41qGo=
-100,-115,eVdN+ZtxzIdTNwetKYuaz6kwSg4=,tOGIcdrlvWyMxT4iA5R7wb41qGo=
-112,-114,eVdN+ZtxzIdTNwetKYuaz6kwSg4=,tOGIcdrlvWyMxT4iA5R7wb41qGo=
-110,-125,eVdN+ZtxzIdTNwetKYuaz6kwSg4=,tOGIcdrlvWyMxT4iA5R7wb41qGo=
-101,-115,eVdN+ZtxzIdTNwetKYuaz6kwSg4=,tOGIcdrlvWyMxT4iA5R7wb41qGo=
-105,-115,eVdN+ZtxzIdTNwetKYuaz6kwSg4=,tOGIcdrlvWyMxT4iA5R7wb41qGo=
-107,-115,eVdN+ZtxzIdTNwetKYuaz6kwSg4=,tOGIcdrlvWyMxT4iA5R7wb41qGo=
-106,-115,eVdN+ZtxzIdTNwetKYuaz6kwSg4=,tOGIcdrlvWyMxT4iA5R7wb41qGo=
-108,-115,eVdN+ZtxzIdTNwetKYuaz6kwSg4=,tOGIcdrlvWyMxT4iA5R7wb41qGo=
-102,-115,eVdN+ZtxzIdTNwetKYuaz6kwSg4=,tOGIcdrlvWyMxT4iA5R7wb41qGo=
-104,-115,eVdN+ZtxzIdTNwetKYuaz6kwSg4=,tOGIcdrlvWyMxT4iA5R7wb41qGo=
-103,-115,eVdN+ZtxzIdTNwetKYuaz6kwSg4=,tOGIcdrlvWyMxT4iA5R7wb41qGo=
-111,-115,eVdN+ZtxzIdTNwetKYuaz6kwSg4=,tOGIcdrlvWyMxT4iA5R7wb41qGo=
-112,-115,eVdN+ZtxzIdTNwetKYuaz6kwSg4=,tOGIcdrlvWyMxT4iA5R7wb41qGo=
-98,-116,eVdN+ZtxzIdTNwetKYuaz6kwSg4=,tOGIcdrlvWyMxT4iA5R7wb41qGo=
-109,-115,eVdN+ZtxzIdTNwetKYuaz6kwSg4=,tOGIcdrlvWyMxT4iA5R7wb41qGo=
-98,-128,eVdN+ZtxzIdTNwetKYuaz6kwSg4=,tOGIcdrlvWyMxT4iA5R7wb41qGo=
-99,-116,eVdN+ZtxzIdTNwetKYuaz6kwSg4=,tOGIcdrlvWyMxT4iA5R7wb41qGo=
-97,-116,eVdN+ZtxzIdTNwetKYuaz6kwSg4=,tOGIcdrlvWyMxT4iA5R7wb41qGo=
-110,-115,eVdN+ZtxzIdTNwetKYuaz6kwSg4=,tOGIcdrlvWyMxT4iA5R7wb41qGo=
-102,-126,eVdN+ZtxzIdTNwetKYuaz6kwSg4=,tOGIcdrlvWyMxT4iA5R7wb41qGo=
-101,-116,eVdN+ZtxzIdTNwetKYuaz6kwSg4=,tOGIcdrlvWyMxT4iA5R7wb41qGo=
-100,-116,eVdN+ZtxzIdTNwetKYuaz6kwSg4=,tOGIcdrlvWyMxT4iA5R7wb41qGo=
-109,-125,eVdN+ZtxzIdTNwetKYuaz6kwSg4=,tOGIcdrlvWyMxT4iA5R7wb41qGo=
-111,-128,eVdN+ZtxzIdTNwetKYuaz6kwSg4=,tOGIcdrlvWyMxT4iA5R7wb41qGo=
-106,-116,eVdN+ZtxzIdTNwetKYuaz6kwSg4=,tOGIcdrlvWyMxT4iA5R7wb41qGo=
-107,-116,eVdN+ZtxzIdTNwetKYuaz6kwSg4=,tOGIcdrlvWyMxT4iA5R7wb41qGo=
-105,-116,eVdN+ZtxzIdTNwetKYuaz6kwSg4=,tOGIcdrlvWyMxT4iA5R7wb41qGo=
-108,-116,eVdN+ZtxzIdTNwetKYuaz6kwSg4=,tOGIcdrlvWyMxT4iA5R7wb41qGo=
-109,-116,eVdN+ZtxzIdTNwetKYuaz6kwSg4=,tOGIcdrlvWyMxT4iA5R7wb41qGo=
-110,-116,eVdN+ZtxzIdTNwetKYuaz6kwSg4=,tOGIcdrlvWyMxT4iA5R7wb41qGo=
-112,-116,eVdN+ZtxzIdTNwetKYuaz6kwSg4=,tOGIcdrlvWyMxT4iA5R7wb41qGo=
-102,-116,eVdN+ZtxzIdTNwetKYuaz6kwSg4=,tOGIcdrlvWyMxT4iA5R7wb41qGo=
-104,-116,eVdN+ZtxzIdTNwetKYuaz6kwSg4=,tOGIcdrlvWyMxT4iA5R7wb41qGo=
-103,-116,eVdN+ZtxzIdTNwetKYuaz6kwSg4=,tOGIcdrlvWyMxT4iA5R7wb41qGo=
-111,-116,eVdN+ZtxzIdTNwetKYuaz6kwSg4=,tOGIcdrlvWyMxT4iA5R7wb41qGo=
-97,-117,eVdN+ZtxzIdTNwetKYuaz6kwSg4=,tOGIcdrlvWyMxT4iA5R7wb41qGo=
-99,-128,eVdN+ZtxzIdTNwetKYuaz6kwSg4=,tOGIcdrlvWyMxT4iA5R7wb41qGo=
-103,-126,eVdN+ZtxzIdTNwetKYuaz6kwSg4=,tOGIcdrlvWyMxT4iA5R7wb41qGo=
-98,-117,eVdN+ZtxzIdTNwetKYuaz6kwSg4=,tOGIcdrlvWyMxT4iA5R7wb41qGo=
-99,-117,eVdN+ZtxzIdTNwetKYuaz6kwSg4=,tOGIcdrlvWyMxT4iA5R7wb41qGo=
-100,-117,eVdN+ZtxzIdTNwetKYuaz6kwSg4=,tOGIcdrlvWyMxT4iA5R7wb41qGo=
-101,-117,eVdN+ZtxzIdTNwetKYuaz6kwSg4=,tOGIcdrlvWyMxT4iA5R7wb41qGo=
-108,-125,eVdN+ZtxzIdTNwetKYuaz6kwSg4=,tOGIcdrlvWyMxT4iA5R7wb41qGo=
-105,-117,eVdN+ZtxzIdTNwetKYuaz6kwSg4=,tOGIcdrlvWyMxT4iA5R7wb41qGo=
-106,-117,eVdN+ZtxzIdTNwetKYuaz6kwSg4=,tOGIcdrlvWyMxT4iA5R7wb41qGo=
-107,-117,eVdN+ZtxzIdTNwetKYuaz6kwSg4=,tOGIcdrlvWyMxT4iA5R7wb41qGo=
-108,-117,eVdN+ZtxzIdTNwetKYuaz6kwSg4=,tOGIcdrlvWyMxT4iA5R7wb41qGo=
-109,-117,eVdN+ZtxzIdTNwetKYuaz6kwSg4=,tOGIcdrlvWyMxT4iA5R7wb41qGo=
-110,-117,eVdN+ZtxzIdTNwetKYuaz6kwSg4=,tOGIcdrlvWyMxT4iA5R7wb41qGo=
-111,-117,eVdN+ZtxzIdTNwetKYuaz6kwSg4=,tOGIcdrlvWyMxT4iA5R7wb41qGo=
-112,-117,eVdN+ZtxzIdTNwetKYuaz6kwSg4=,tOGIcdrlvWyMxT4iA5R7wb41qGo=
-97,-118,eVdN+ZtxzIdTNwetKYuaz6kwSg4=,tOGIcdrlvWyMxT4iA5R7wb41qGo=
-112,-126,eVdN+ZtxzIdTNwetKYuaz6kwSg4=,tOGIcdrlvWyMxT4iA5R7wb41qGo=
-98,-118,eVdN+ZtxzIdTNwetKYuaz6kwSg4=,tOGIcdrlvWyMxT4iA5R7wb41qGo=
-102,-117,eVdN+ZtxzIdTNwetKYuaz6kwSg4=,tOGIcdrlvWyMxT4iA5R7wb41qGo=
-100,-128,eVdN+ZtxzIdTNwetKYuaz6kwSg4=,tOGIcdrlvWyMxT4iA5R7wb41qGo=
-104,-117,eVdN+ZtxzIdTNwetKYuaz6kwSg4=,tOGIcdrlvWyMxT4iA5R7wb41qGo=
-99,-118,eVdN+ZtxzIdTNwetKYuaz6kwSg4=,tOGIcdrlvWyMxT4iA5R7wb41qGo=
-104,-126,eVdN+ZtxzIdTNwetKYuaz6kwSg4=,tOGIcdrlvWyMxT4iA5R7wb41qGo=
-100,-118,eVdN+ZtxzIdTNwetKYuaz6kwSg4=,tOGIcdrlvWyMxT4iA5R7wb41qGo=
-102,-118,eVdN+ZtxzIdTNwetKYuaz6kwSg4=,tOGIcdrlvWyMxT4iA5R7wb41qGo=
-101,-118,eVdN+ZtxzIdTNwetKYuaz6kwSg4=,tOGIcdrlvWyMxT4iA5R7wb41qGo=
-103,-118,eVdN+ZtxzIdTNwetKYuaz6kwSg4=,tOGIcdrlvWyMxT4iA5R7wb41qGo=
-107,-118,eVdN+ZtxzIdTNwetKYuaz6kwSg4=,tOGIcdrlvWyMxT4iA5R7wb41qGo=
-108,-118,eVdN+ZtxzIdTNwetKYuaz6kwSg4=,tOGIcdrlvWyMxT4iA5R7wb41qGo=
-109,-118,eVdN+ZtxzIdTNwetKYuaz6kwSg4=,tOGIcdrlvWyMxT4iA5R7wb41qGo=
-111,-118,eVdN+ZtxzIdTNwetKYuaz6kwSg4=,tOGIcdrlvWyMxT4iA5R7wb41qGo=
-110,-118,eVdN+ZtxzIdTNwetKYuaz6kwSg4=,tOGIcdrlvWyMxT4iA5R7wb41qGo=
-97,-119,eVdN+ZtxzIdTNwetKYuaz6kwSg4=,tOGIcdrlvWyMxT4iA5R7wb41qGo=
-98,-119,eVdN+ZtxzIdTNwetKYuaz6kwSg4=,tOGIcdrlvWyMxT4iA5R7wb41qGo=
-108,-128,eVdN+ZtxzIdTNwetKYuaz6kwSg4=,tOGIcdrlvWyMxT4iA5R7wb41qGo=
-106,-118,eVdN+ZtxzIdTNwetKYuaz6kwSg4=,tOGIcdrlvWyMxT4iA5R7wb41qGo=
-112,-118,eVdN+ZtxzIdTNwetKYuaz6kwSg4=,tOGIcdrlvWyMxT4iA5R7wb41qGo=
-100,-119,eVdN+ZtxzIdTNwetKYuaz6kwSg4=,tOGIcdrlvWyMxT4iA5R7wb41qGo=
-104,-118,eVdN+ZtxzIdTNwetKYuaz6kwSg4=,tOGIcdrlvWyMxT4iA5R7wb41qGo=
-103,-117,eVdN+ZtxzIdTNwetKYuaz6kwSg4=,tOGIcdrlvWyMxT4iA5R7wb41qGo=
-101,-128,eVdN+ZtxzIdTNwetKYuaz6kwSg4=,tOGIcdrlvWyMxT4iA5R7wb41qGo=
-101,-119,eVdN+ZtxzIdTNwetKYuaz6kwSg4=,tOGIcdrlvWyMxT4iA5R7wb41qGo=
-99,-119,eVdN+ZtxzIdTNwetKYuaz6kwSg4=,tOGIcdrlvWyMxT4iA5R7wb41qGo=
-102,-119,eVdN+ZtxzIdTNwetKYuaz6kwSg4=,tOGIcdrlvWyMxT4iA5R7wb41qGo=
-103,-119,eVdN+ZtxzIdTNwetKYuaz6kwSg4=,tOGIcdrlvWyMxT4iA5R7wb41qGo=
-105,-126,eVdN+ZtxzIdTNwetKYuaz6kwSg4=,tOGIcdrlvWyMxT4iA5R7wb41qGo=
-105,-118,eVdN+ZtxzIdTNwetKYuaz6kwSg4=,tOGIcdrlvWyMxT4iA5R7wb41qGo=
-107,-119,eVdN+ZtxzIdTNwetKYuaz6kwSg4=,tOGIcdrlvWyMxT4iA5R7wb41qGo=
-108,-119,eVdN+ZtxzIdTNwetKYuaz6kwSg4=,tOGIcdrlvWyMxT4iA5R7wb41qGo=
-104,-119,eVdN+ZtxzIdTNwetKYuaz6kwSg4=,tOGIcdrlvWyMxT4iA5R7wb41qGo=
-109,-119,eVdN+ZtxzIdTNwetKYuaz6kwSg4=,tOGIcdrlvWyMxT4iA5R7wb41qGo=
-111,-119,eVdN+ZtxzIdTNwetKYuaz6kwSg4=,tOGIcdrlvWyMxT4iA5R7wb41qGo=
-112,-119,eVdN+ZtxzIdTNwetKYuaz6kwSg4=,tOGIcdrlvWyMxT4iA5R7wb41qGo=
-97,-120,eVdN+ZtxzIdTNwetKYuaz6kwSg4=,tOGIcdrlvWyMxT4iA5R7wb41qGo=
-98,-120,eVdN+ZtxzIdTNwetKYuaz6kwSg4=,tOGIcdrlvWyMxT4iA5R7wb41qGo=
-99,-120,eVdN+ZtxzIdTNwetKYuaz6kwSg4=,tOGIcdrlvWyMxT4iA5R7wb41qGo=
-106,-119,eVdN+ZtxzIdTNwetKYuaz6kwSg4=,tOGIcdrlvWyMxT4iA5R7wb41qGo=
-110,-119,eVdN+ZtxzIdTNwetKYuaz6kwSg4=,tOGIcdrlvWyMxT4iA5R7wb41qGo=
-105,-119,eVdN+ZtxzIdTNwetKYuaz6kwSg4=,tOGIcdrlvWyMxT4iA5R7wb41qGo=
-102,-120,eVdN+ZtxzIdTNwetKYuaz6kwSg4=,tOGIcdrlvWyMxT4iA5R7wb41qGo=
-102,-128,eVdN+ZtxzIdTNwetKYuaz6kwSg4=,tOGIcdrlvWyMxT4iA5R7wb41qGo=
-107,-125,eVdN+ZtxzIdTNwetKYuaz6kwSg4=,tOGIcdrlvWyMxT4iA5R7wb41qGo=
-100,-120,eVdN+ZtxzIdTNwetKYuaz6kwSg4=,tOGIcdrlvWyMxT4iA5R7wb41qGo=
-101,-120,eVdN+ZtxzIdTNwetKYuaz6kwSg4=,tOGIcdrlvWyMxT4iA5R7wb41qGo=
-103,-120,eVdN+ZtxzIdTNwetKYuaz6kwSg4=,tOGIcdrlvWyMxT4iA5R7wb41qGo=
-104,-120,eVdN+ZtxzIdTNwetKYuaz6kwSg4=,tOGIcdrlvWyMxT4iA5R7wb41qGo=
-108,-120,eVdN+ZtxzIdTNwetKYuaz6kwSg4=,tOGIcdrlvWyMxT4iA5R7wb41qGo=
-107,-120,eVdN+ZtxzIdTNwetKYuaz6kwSg4=,tOGIcdrlvWyMxT4iA5R7wb41qGo=
-106,-120,eVdN+ZtxzIdTNwetKYuaz6kwSg4=,tOGIcdrlvWyMxT4iA5R7wb41qGo=
-106,-126,eVdN+ZtxzIdTNwetKYuaz6kwSg4=,tOGIcdrlvWyMxT4iA5R7wb41qGo=
-105,-120,eVdN+ZtxzIdTNwetKYuaz6kwSg4=,tOGIcdrlvWyMxT4iA5R7wb41qGo=
-109,-120,eVdN+ZtxzIdTNwetKYuaz6kwSg4=,tOGIcdrlvWyMxT4iA5R7wb41qGo=
-97,-121,eVdN+ZtxzIdTNwetKYuaz6kwSg4=,tOGIcdrlvWyMxT4iA5R7wb41qGo=
-98,-121,eVdN+ZtxzIdTNwetKYuaz6kwSg4=,tOGIcdrlvWyMxT4iA5R7wb41qGo=
-100,-121,eVdN+ZtxzIdTNwetKYuaz6kwSg4=,tOGIcdrlvWyMxT4iA5R7wb41qGo=
-99,-121,eVdN+ZtxzIdTNwetKYuaz6kwSg4=,tOGIcdrlvWyMxT4iA5R7wb41qGo=
-101,-121,eVdN+ZtxzIdTNwetKYuaz6kwSg4=,tOGIcdrlvWyMxT4iA5R7wb41qGo=
-102,-121,eVdN+ZtxzIdTNwetKYuaz6kwSg4=,tOGIcdrlvWyMxT4iA5R7wb41qGo=
-106,-125,eVdN+ZtxzIdTNwetKYuaz6kwSg4=,tOGIcdrlvWyMxT4iA5R7wb41qGo=
-103,-121,eVdN+ZtxzIdTNwetKYuaz6kwSg4=,tOGIcdrlvWyMxT4iA5R7wb41qGo=
-112,-120,eVdN+ZtxzIdTNwetKYuaz6kwSg4=,tOGIcdrlvWyMxT4iA5R7wb41qGo=
-103,-128,eVdN+ZtxzIdTNwetKYuaz6kwSg4=,tOGIcdrlvWyMxT4iA5R7wb41qGo=
-110,-120,eVdN+ZtxzIdTNwetKYuaz6kwSg4=,tOGIcdrlvWyMxT4iA5R7wb41qGo=
-105,-125,eVdN+ZtxzIdTNwetKYuaz6kwSg4=,tOGIcdrlvWyMxT4iA5R7wb41qGo=
-104,-121,eVdN+ZtxzIdTNwetKYuaz6kwSg4=,tOGIcdrlvWyMxT4iA5R7wb41qGo=
-111,-120,eVdN+ZtxzIdTNwetKYuaz6kwSg4=,tOGIcdrlvWyMxT4iA5R7wb41qGo=
-105,-121,eVdN+ZtxzIdTNwetKYuaz6kwSg4=,tOGIcdrlvWyMxT4iA5R7wb41qGo=
-108,-121,eVdN+ZtxzIdTNwetKYuaz6kwSg4=,tOGIcdrlvWyMxT4iA5R7wb41qGo=
-104,-125,eVdN+ZtxzIdTNwetKYuaz6kwSg4=,tOGIcdrlvWyMxT4iA5R7wb41qGo=
-103,-125,eVdN+ZtxzIdTNwetKYuaz6kwSg4=,tOGIcdrlvWyMxT4iA5R7wb41qGo=
-102,-125,eVdN+ZtxzIdTNwetKYuaz6kwSg4=,tOGIcdrlvWyMxT4iA5R7wb41qGo=
-101,-125,eVdN+ZtxzIdTNwetKYuaz6kwSg4=,tOGIcdrlvWyMxT4iA5R7wb41qGo=
-100,-125,eVdN+ZtxzIdTNwetKYuaz6kwSg4=,tOGIcdrlvWyMxT4iA5R7wb41qGo=
-99,-125,eVdN+ZtxzIdTNwetKYuaz6kwSg4=,tOGIcdrlvWyMxT4iA5R7wb41qGo=
-112,-128,eVdN+ZtxzIdTNwetKYuaz6kwSg4=,tOGIcdrlvWyMxT4iA5R7wb41qGo=
-98,-125,eVdN+ZtxzIdTNwetKYuaz6kwSg4=,tOGIcdrlvWyMxT4iA5R7wb41qGo=
-107,-126,eVdN+ZtxzIdTNwetKYuaz6kwSg4=,tOGIcdrlvWyMxT4iA5R7wb41qGo=
-97,-125,eVdN+ZtxzIdTNwetKYuaz6kwSg4=,tOGIcdrlvWyMxT4iA5R7wb41qGo=
-107,-121,eVdN+ZtxzIdTNwetKYuaz6kwSg4=,tOGIcdrlvWyMxT4iA5R7wb41qGo=
-106,-121,eVdN+ZtxzIdTNwetKYuaz6kwSg4=,tOGIcdrlvWyMxT4iA5R7wb41qGo=
-109,-121,eVdN+ZtxzIdTNwetKYuaz6kwSg4=,tOGIcdrlvWyMxT4iA5R7wb41qGo=
-97,-122,eVdN+ZtxzIdTNwetKYuaz6kwSg4=,tOGIcdrlvWyMxT4iA5R7wb41qGo=
-99,-122,eVdN+ZtxzIdTNwetKYuaz6kwSg4=,tOGIcdrlvWyMxT4iA5R7wb41qGo=
-100,-122,eVdN+ZtxzIdTNwetKYuaz6kwSg4=,tOGIcdrlvWyMxT4iA5R7wb41qGo=
-110,-121,eVdN+ZtxzIdTNwetKYuaz6kwSg4=,tOGIcdrlvWyMxT4iA5R7wb41qGo=
-101,-122,eVdN+ZtxzIdTNwetKYuaz6kwSg4=,tOGIcdrlvWyMxT4iA5R7wb41qGo=
-112,-121,eVdN+ZtxzIdTNwetKYuaz6kwSg4=,tOGIcdrlvWyMxT4iA5R7wb41qGo=
-111,-126,eVdN+ZtxzIdTNwetKYuaz6kwSg4=,tOGIcdrlvWyMxT4iA5R7wb41qGo=
-102,-122,eVdN+ZtxzIdTNwetKYuaz6kwSg4=,tOGIcdrlvWyMxT4iA5R7wb41qGo=
-103,-122,eVdN+ZtxzIdTNwetKYuaz6kwSg4=,tOGIcdrlvWyMxT4iA5R7wb41qGo=
-104,-128,eVdN+ZtxzIdTNwetKYuaz6kwSg4=,tOGIcdrlvWyMxT4iA5R7wb41qGo=
-111,-121,eVdN+ZtxzIdTNwetKYuaz6kwSg4=,tOGIcdrlvWyMxT4iA5R7wb41qGo=
-105,-122,eVdN+ZtxzIdTNwetKYuaz6kwSg4=,tOGIcdrlvWyMxT4iA5R7wb41qGo=
-104,-122,eVdN+ZtxzIdTNwetKYuaz6kwSg4=,tOGIcdrlvWyMxT4iA5R7wb41qGo=
-98,-122,eVdN+ZtxzIdTNwetKYuaz6kwSg4=,tOGIcdrlvWyMxT4iA5R7wb41qGo=
-106,-122,eVdN+ZtxzIdTNwetKYuaz6kwSg4=,tOGIcdrlvWyMxT4iA5R7wb41qGo=
-108,-126,eVdN+ZtxzIdTNwetKYuaz6kwSg4=,tOGIcdrlvWyMxT4iA5R7wb41qGo=
-109,-122,eVdN+ZtxzIdTNwetKYuaz6kwSg4=,tOGIcdrlvWyMxT4iA5R7wb41qGo=
-108,-122,eVdN+ZtxzIdTNwetKYuaz6kwSg4=,tOGIcdrlvWyMxT4iA5R7wb41qGo=
-107,-122,eVdN+ZtxzIdTNwetKYuaz6kwSg4=,tOGIcdrlvWyMxT4iA5R7wb41qGo=
-97,-123,eVdN+ZtxzIdTNwetKYuaz6kwSg4=,tOGIcdrlvWyMxT4iA5R7wb41qGo=
-98,-123,eVdN+ZtxzIdTNwetKYuaz6kwSg4=,tOGIcdrlvWyMxT4iA5R7wb41qGo=
-99,-123,eVdN+ZtxzIdTNwetKYuaz6kwSg4=,tOGIcdrlvWyMxT4iA5R7wb41qGo=
-100,-123,eVdN+ZtxzIdTNwetKYuaz6kwSg4=,tOGIcdrlvWyMxT4iA5R7wb41qGo=
-112,-124,eVdN+ZtxzIdTNwetKYuaz6kwSg4=,tOGIcdrlvWyMxT4iA5R7wb41qGo=
-101,-123,eVdN+ZtxzIdTNwetKYuaz6kwSg4=,tOGIcdrlvWyMxT4iA5R7wb41qGo=
-110,-122,eVdN+ZtxzIdTNwetKYuaz6kwSg4=,tOGIcdrlvWyMxT4iA5R7wb41qGo=
-102,-123,eVdN+ZtxzIdTNwetKYuaz6kwSg4=,tOGIcdrlvWyMxT4iA5R7wb41qGo=
-111,-122,eVdN+ZtxzIdTNwetKYuaz6kwSg4=,tOGIcdrlvWyMxT4iA5R7wb41qGo=
-112,-122,eVdN+ZtxzIdTNwetKYuaz6kwSg4=,tOGIcdrlvWyMxT4iA5R7wb41qGo=
-104,-123,eVdN+ZtxzIdTNwetKYuaz6kwSg4=,tOGIcdrlvWyMxT4iA5R7wb41qGo=
-103,-123,eVdN+ZtxzIdTNwetKYuaz6kwSg4=,tOGIcdrlvWyMxT4iA5R7wb41qGo=
-105,-123,eVdN+ZtxzIdTNwetKYuaz6kwSg4=,tOGIcdrlvWyMxT4iA5R7wb41qGo=
-106,-123,eVdN+ZtxzIdTNwetKYuaz6kwSg4=,tOGIcdrlvWyMxT4iA5R7wb41qGo=
-111,-124,eVdN+ZtxzIdTNwetKYuaz6kwSg4=,tOGIcdrlvWyMxT4iA5R7wb41qGo=
-107,-123,eVdN+ZtxzIdTNwetKYuaz6kwSg4=,tOGIcdrlvWyMxT4iA5R7wb41qGo=
-110,-124,eVdN+ZtxzIdTNwetKYuaz6kwSg4=,tOGIcdrlvWyMxT4iA5R7wb41qGo=
-109,-126,eVdN+ZtxzIdTNwetKYuaz6kwSg4=,tOGIcdrlvWyMxT4iA5R7wb41qGo=
-109,-123,eVdN+ZtxzIdTNwetKYuaz6kwSg4=,tOGIcdrlvWyMxT4iA5R7wb41qGo=
-105,-128,eVdN+ZtxzIdTNwetKYuaz6kwSg4=,tOGIcdrlvWyMxT4iA5R7wb41qGo=
-108,-123,eVdN+ZtxzIdTNwetKYuaz6kwSg4=,tOGIcdrlvWyMxT4iA5R7wb41qGo=
-110,-123,eVdN+ZtxzIdTNwetKYuaz6kwSg4=,tOGIcdrlvWyMxT4iA5R7wb41qGo=
-97,-124,eVdN+ZtxzIdTNwetKYuaz6kwSg4=,tOGIcdrlvWyMxT4iA5R7wb41qGo=
-98,-124,eVdN+ZtxzIdTNwetKYuaz6kwSg4=,tOGIcdrlvWyMxT4iA5R7wb41qGo=
-100,-124,eVdN+ZtxzIdTNwetKYuaz6kwSg4=,tOGIcdrlvWyMxT4iA5R7wb41qGo=
-99,-124,eVdN+ZtxzIdTNwetKYuaz6kwSg4=,tOGIcdrlvWyMxT4iA5R7wb41qGo=
-106,-128,eVdN+ZtxzIdTNwetKYuaz6kwSg4=,tOGIcdrlvWyMxT4iA5R7wb41qGo=
-102,-124,eVdN+ZtxzIdTNwetKYuaz6kwSg4=,tOGIcdrlvWyMxT4iA5R7wb41qGo=
-101,-124,eVdN+ZtxzIdTNwetKYuaz6kwSg4=,tOGIcdrlvWyMxT4iA5R7wb41qGo=
-111,-123,eVdN+ZtxzIdTNwetKYuaz6kwSg4=,tOGIcdrlvWyMxT4iA5R7wb41qGo=
-109,-124,eVdN+ZtxzIdTNwetKYuaz6kwSg4=,tOGIcdrlvWyMxT4iA5R7wb41qGo=
-103,-124,eVdN+ZtxzIdTNwetKYuaz6kwSg4=,tOGIcdrlvWyMxT4iA5R7wb41qGo=
-104,-124,eVdN+ZtxzIdTNwetKYuaz6kwSg4=,tOGIcdrlvWyMxT4iA5R7wb41qGo=
-112,-123,eVdN+ZtxzIdTNwetKYuaz6kwSg4=,tOGIcdrlvWyMxT4iA5R7wb41qGo=
-105,-124,eVdN+ZtxzIdTNwetKYuaz6kwSg4=,tOGIcdrlvWyMxT4iA5R7wb41qGo=
-106,-124,eVdN+ZtxzIdTNwetKYuaz6kwSg4=,tOGIcdrlvWyMxT4iA5R7wb41qGo=
-107,-128,eVdN+ZtxzIdTNwetKYuaz6kwSg4=,tOGIcdrlvWyMxT4iA5R7wb41qGo=
-107,-124,eVdN+ZtxzIdTNwetKYuaz6kwSg4=,tOGIcdrlvWyMxT4iA5R7wb41qGo=
-110,-126,eVdN+ZtxzIdTNwetKYuaz6kwSg4=,tOGIcdrlvWyMxT4iA5R7wb41qGo=
-108,-124,eVdN+ZtxzIdTNwetKYuaz6kwSg4=,tOGIcdrlvWyMxT4iA5R7wb41qGo=
-113,-113,U6Zf2A5enG9YhVRHyB+76fqeipQ=,bTR6ITS4+jf8GXXiDJk05baA/bM=
-115,-126,U6Zf2A5enG9YhVRHyB+76fqeipQ=,bTR6ITS4+jf8GXXiDJk05baA/bM=
-125,-128,U6Zf2A5enG9YhVRHyB+76fqeipQ=,bTR6ITS4+jf8GXXiDJk05baA/bM=
-115,-113,U6Zf2A5enG9YhVRHyB+76fqeipQ=,bTR6ITS4+jf8GXXiDJk05baA/bM=
-114,-126,U6Zf2A5enG9YhVRHyB+76fqeipQ=,bTR6ITS4+jf8GXXiDJk05baA/bM=
-114,-113,U6Zf2A5enG9YhVRHyB+76fqeipQ=,bTR6ITS4+jf8GXXiDJk05baA/bM=
-113,-126,U6Zf2A5enG9YhVRHyB+76fqeipQ=,bTR6ITS4+jf8GXXiDJk05baA/bM=
-128,-125,U6Zf2A5enG9YhVRHyB+76fqeipQ=,bTR6ITS4+jf8GXXiDJk05baA/bM=
-116,-113,U6Zf2A5enG9YhVRHyB+76fqeipQ=,bTR6ITS4+jf8GXXiDJk05baA/bM=
-120,-113,U6Zf2A5enG9YhVRHyB+76fqeipQ=,bTR6ITS4+jf8GXXiDJk05baA/bM=
-121,-113,U6Zf2A5enG9YhVRHyB+76fqeipQ=,bTR6ITS4+jf8GXXiDJk05baA/bM=
-122,-113,U6Zf2A5enG9YhVRHyB+76fqeipQ=,bTR6ITS4+jf8GXXiDJk05baA/bM=
-123,-113,U6Zf2A5enG9YhVRHyB+76fqeipQ=,bTR6ITS4+jf8GXXiDJk05baA/bM=
-124,-113,U6Zf2A5enG9YhVRHyB+76fqeipQ=,bTR6ITS4+jf8GXXiDJk05baA/bM=
-125,-113,U6Zf2A5enG9YhVRHyB+76fqeipQ=,bTR6ITS4+jf8GXXiDJk05baA/bM=
-126,-113,U6Zf2A5enG9YhVRHyB+76fqeipQ=,bTR6ITS4+jf8GXXiDJk05baA/bM=
-127,-127,U6Zf2A5enG9YhVRHyB+76fqeipQ=,bTR6ITS4+jf8GXXiDJk05baA/bM=
-127,-113,U6Zf2A5enG9YhVRHyB+76fqeipQ=,bTR6ITS4+jf8GXXiDJk05baA/bM=
-113,-127,U6Zf2A5enG9YhVRHyB+76fqeipQ=,bTR6ITS4+jf8GXXiDJk05baA/bM=
-114,-127,U6Zf2A5enG9YhVRHyB+76fqeipQ=,bTR6ITS4+jf8GXXiDJk05baA/bM=
-115,-127,U6Zf2A5enG9YhVRHyB+76fqeipQ=,bTR6ITS4+jf8GXXiDJk05baA/bM=
-116,-127,U6Zf2A5enG9YhVRHyB+76fqeipQ=,bTR6ITS4+jf8GXXiDJk05baA/bM=
-117,-127,U6Zf2A5enG9YhVRHyB+76fqeipQ=,bTR6ITS4+jf8GXXiDJk05baA/bM=
-118,-127,U6Zf2A5enG9YhVRHyB+76fqeipQ=,bTR6ITS4+jf8GXXiDJk05baA/bM=
-117,-113,U6Zf2A5enG9YhVRHyB+76fqeipQ=,bTR6ITS4+jf8GXXiDJk05baA/bM=
-119,-113,U6Zf2A5enG9YhVRHyB+76fqeipQ=,bTR6ITS4+jf8GXXiDJk05baA/bM=
-127,-125,U6Zf2A5enG9YhVRHyB+76fqeipQ=,bTR6ITS4+jf8GXXiDJk05baA/bM=
-126,-125,U6Zf2A5enG9YhVRHyB+76fqeipQ=,bTR6ITS4+jf8GXXiDJk05baA/bM=
-118,-113,U6Zf2A5enG9YhVRHyB+76fqeipQ=,bTR6ITS4+jf8GXXiDJk05baA/bM=
-125,-125,U6Zf2A5enG9YhVRHyB+76fqeipQ=,bTR6ITS4+jf8GXXiDJk05baA/bM=
-124,-125,U6Zf2A5enG9YhVRHyB+76fqeipQ=,bTR6ITS4+jf8GXXiDJk05baA/bM=
-128,-126,U6Zf2A5enG9YhVRHyB+76fqeipQ=,bTR6ITS4+jf8GXXiDJk05baA/bM=
-124,-128,U6Zf2A5enG9YhVRHyB+76fqeipQ=,bTR6ITS4+jf8GXXiDJk05baA/bM=
-122,-125,U6Zf2A5enG9YhVRHyB+76fqeipQ=,bTR6ITS4+jf8GXXiDJk05baA/bM=
-123,-125,U6Zf2A5enG9YhVRHyB+76fqeipQ=,bTR6ITS4+jf8GXXiDJk05baA/bM=
-122,-127,U6Zf2A5enG9YhVRHyB+76fqeipQ=,bTR6ITS4+jf8GXXiDJk05baA/bM=
-120,-127,U6Zf2A5enG9YhVRHyB+76fqeipQ=,bTR6ITS4+jf8GXXiDJk05baA/bM=
-124,-127,U6Zf2A5enG9YhVRHyB+76fqeipQ=,bTR6ITS4+jf8GXXiDJk05baA/bM=
-128,-113,U6Zf2A5enG9YhVRHyB+76fqeipQ=,bTR6ITS4+jf8GXXiDJk05baA/bM=
-113,-114,U6Zf2A5enG9YhVRHyB+76fqeipQ=,bTR6ITS4+jf8GXXiDJk05baA/bM=
-126,-127,U6Zf2A5enG9YhVRHyB+76fqeipQ=,bTR6ITS4+jf8GXXiDJk05baA/bM=
-125,-127,U6Zf2A5enG9YhVRHyB+76fqeipQ=,bTR6ITS4+jf8GXXiDJk05baA/bM=
-126,-128,U6Zf2A5enG9YhVRHyB+76fqeipQ=,bTR6ITS4+jf8GXXiDJk05baA/bM=
-123,-127,U6Zf2A5enG9YhVRHyB+76fqeipQ=,bTR6ITS4+jf8GXXiDJk05baA/bM=
-116,-126,U6Zf2A5enG9YhVRHyB+76fqeipQ=,bTR6ITS4+jf8GXXiDJk05baA/bM=
-115,-114,U6Zf2A5enG9YhVRHyB+76fqeipQ=,bTR6ITS4+jf8GXXiDJk05baA/bM=
-121,-127,U6Zf2A5enG9YhVRHyB+76fqeipQ=,bTR6ITS4+jf8GXXiDJk05baA/bM=
-114,-114,U6Zf2A5enG9YhVRHyB+76fqeipQ=,bTR6ITS4+jf8GXXiDJk05baA/bM=
-116,-114,U6Zf2A5enG9YhVRHyB+76fqeipQ=,bTR6ITS4+jf8GXXiDJk05baA/bM=
-119,-127,U6Zf2A5enG9YhVRHyB+76fqeipQ=,bTR6ITS4+jf8GXXiDJk05baA/bM=
-120,-114,U6Zf2A5enG9YhVRHyB+76fqeipQ=,bTR6ITS4+jf8GXXiDJk05baA/bM=
-121,-114,U6Zf2A5enG9YhVRHyB+76fqeipQ=,bTR6ITS4+jf8GXXiDJk05baA/bM=
-122,-114,U6Zf2A5enG9YhVRHyB+76fqeipQ=,bTR6ITS4+jf8GXXiDJk05baA/bM=
-124,-114,U6Zf2A5enG9YhVRHyB+76fqeipQ=,bTR6ITS4+jf8GXXiDJk05baA/bM=
-126,-114,U6Zf2A5enG9YhVRHyB+76fqeipQ=,bTR6ITS4+jf8GXXiDJk05baA/bM=
-125,-114,U6Zf2A5enG9YhVRHyB+76fqeipQ=,bTR6ITS4+jf8GXXiDJk05baA/bM=
-127,-114,U6Zf2A5enG9YhVRHyB+76fqeipQ=,bTR6ITS4+jf8GXXiDJk05baA/bM=
-123,-114,U6Zf2A5enG9YhVRHyB+76fqeipQ=,bTR6ITS4+jf8GXXiDJk05baA/bM=
-128,-114,U6Zf2A5enG9YhVRHyB+76fqeipQ=,bTR6ITS4+jf8GXXiDJk05baA/bM=
-121,-125,U6Zf2A5enG9YhVRHyB+76fqeipQ=,bTR6ITS4+jf8GXXiDJk05baA/bM=
-117,-114,U6Zf2A5enG9YhVRHyB+76fqeipQ=,bTR6ITS4+jf8GXXiDJk05baA/bM=
-114,-115,U6Zf2A5enG9YhVRHyB+76fqeipQ=,bTR6ITS4+jf8GXXiDJk05baA/bM=
-115,-115,U6Zf2A5enG9YhVRHyB+76fqeipQ=,bTR6ITS4+jf8GXXiDJk05baA/bM=
-128,-127,U6Zf2A5enG9YhVRHyB+76fqeipQ=,bTR6ITS4+jf8GXXiDJk05baA/bM=
-117,-126,U6Zf2A5enG9YhVRHyB+76fqeipQ=,bTR6ITS4+jf8GXXiDJk05baA/bM=
-116,-115,U6Zf2A5enG9YhVRHyB+76fqeipQ=,bTR6ITS4+jf8GXXiDJk05baA/bM=
-113,-128,U6Zf2A5enG9YhVRHyB+76fqeipQ=,bTR6ITS4+jf8GXXiDJk05baA/bM=
-120,-125,U6Zf2A5enG9YhVRHyB+76fqeipQ=,bTR6ITS4+jf8GXXiDJk05baA/bM=
-119,-125,U6Zf2A5enG9YhVRHyB+76fqeipQ=,bTR6ITS4+jf8GXXiDJk05baA/bM=
-118,-125,U6Zf2A5enG9YhVRHyB+76fqeipQ=,bTR6ITS4+jf8GXXiDJk05baA/bM=
-117,-115,U6Zf2A5enG9YhVRHyB+76fqeipQ=,bTR6ITS4+jf8GXXiDJk05baA/bM=
-117,-125,U6Zf2A5enG9YhVRHyB+76fqeipQ=,bTR6ITS4+jf8GXXiDJk05baA/bM=
-115,-125,U6Zf2A5enG9YhVRHyB+76fqeipQ=,bTR6ITS4+jf8GXXiDJk05baA/bM=
-116,-125,U6Zf2A5enG9YhVRHyB+76fqeipQ=,bTR6ITS4+jf8GXXiDJk05baA/bM=
-118,-114,U6Zf2A5enG9YhVRHyB+76fqeipQ=,bTR6ITS4+jf8GXXiDJk05baA/bM=
-128,-128,U6Zf2A5enG9YhVRHyB+76fqeipQ=,bTR6ITS4+jf8GXXiDJk05baA/bM=
-119,-115,U6Zf2A5enG9YhVRHyB+76fqeipQ=,bTR6ITS4+jf8GXXiDJk05baA/bM=
-114,-125,U6Zf2A5enG9YhVRHyB+76fqeipQ=,bTR6ITS4+jf8GXXiDJk05baA/bM=
-113,-115,U6Zf2A5enG9YhVRHyB+76fqeipQ=,bTR6ITS4+jf8GXXiDJk05baA/bM=
-122,-115,U6Zf2A5enG9YhVRHyB+76fqeipQ=,bTR6ITS4+jf8GXXiDJk05baA/bM=
-123,-115,U6Zf2A5enG9YhVRHyB+76fqeipQ=,bTR6ITS4+jf8GXXiDJk05baA/bM=
-120,-115,U6Zf2A5enG9YhVRHyB+76fqeipQ=,bTR6ITS4+jf8GXXiDJk05baA/bM=
-124,-115,U6Zf2A5enG9YhVRHyB+76fqeipQ=,bTR6ITS4+jf8GXXiDJk05baA/bM=
-125,-115,U6Zf2A5enG9YhVRHyB+76fqeipQ=,bTR6ITS4+jf8GXXiDJk05baA/bM=
-126,-115,U6Zf2A5enG9YhVRHyB+76fqeipQ=,bTR6ITS4+jf8GXXiDJk05baA/bM=
-127,-115,U6Zf2A5enG9YhVRHyB+76fqeipQ=,bTR6ITS4+jf8GXXiDJk05baA/bM=
-127,-128,U6Zf2A5enG9YhVRHyB+76fqeipQ=,bTR6ITS4+jf8GXXiDJk05baA/bM=
-128,-115,U6Zf2A5enG9YhVRHyB+76fqeipQ=,bTR6ITS4+jf8GXXiDJk05baA/bM=
-119,-114,U6Zf2A5enG9YhVRHyB+76fqeipQ=,bTR6ITS4+jf8GXXiDJk05baA/bM=
-114,-116,U6Zf2A5enG9YhVRHyB+76fqeipQ=,bTR6ITS4+jf8GXXiDJk05baA/bM=
-115,-116,U6Zf2A5enG9YhVRHyB+76fqeipQ=,bTR6ITS4+jf8GXXiDJk05baA/bM=
-118,-115,U6Zf2A5enG9YhVRHyB+76fqeipQ=,bTR6ITS4+jf8GXXiDJk05baA/bM=
-114,-128,U6Zf2A5enG9YhVRHyB+76fqeipQ=,bTR6ITS4+jf8GXXiDJk05baA/bM=
-118,-126,U6Zf2A5enG9YhVRHyB+76fqeipQ=,bTR6ITS4+jf8GXXiDJk05baA/bM=
-121,-115,U6Zf2A5enG9YhVRHyB+76fqeipQ=,bTR6ITS4+jf8GXXiDJk05baA/bM=
-113,-125,U6Zf2A5enG9YhVRHyB+76fqeipQ=,bTR6ITS4+jf8GXXiDJk05baA/bM=
-113,-116,U6Zf2A5enG9YhVRHyB+76fqeipQ=,bTR6ITS4+jf8GXXiDJk05baA/bM=
-127,-126,U6Zf2A5enG9YhVRHyB+76fqeipQ=,bTR6ITS4+jf8GXXiDJk05baA/bM=
-128,-124,U6Zf2A5enG9YhVRHyB+76fqeipQ=,bTR6ITS4+jf8GXXiDJk05baA/bM=
-117,-116,U6Zf2A5enG9YhVRHyB+76fqeipQ=,bTR6ITS4+jf8GXXiDJk05baA/bM=
-127,-124,U6Zf2A5enG9YhVRHyB+76fqeipQ=,bTR6ITS4+jf8GXXiDJk05baA/bM=
-116,-116,U6Zf2A5enG9YhVRHyB+76fqeipQ=,bTR6ITS4+jf8GXXiDJk05baA/bM=
-120,-116,U6Zf2A5enG9YhVRHyB+76fqeipQ=,bTR6ITS4+jf8GXXiDJk05baA/bM=
-118,-116,U6Zf2A5enG9YhVRHyB+76fqeipQ=,bTR6ITS4+jf8GXXiDJk05baA/bM=
-121,-116,U6Zf2A5enG9YhVRHyB+76fqeipQ=,bTR6ITS4+jf8GXXiDJk05baA/bM=
-125,-116,U6Zf2A5enG9YhVRHyB+76fqeipQ=,bTR6ITS4+jf8GXXiDJk05baA/bM=
-126,-116,U6Zf2A5enG9YhVRHyB+76fqeipQ=,bTR6ITS4+jf8GXXiDJk05baA/bM=
-124,-116,U6Zf2A5enG9YhVRHyB+76fqeipQ=,bTR6ITS4+jf8GXXiDJk05baA/bM=
-127,-116,U6Zf2A5enG9YhVRHyB+76fqeipQ=,bTR6ITS4+jf8GXXiDJk05baA/bM=
-128,-116,U6Zf2A5enG9YhVRHyB+76fqeipQ=,bTR6ITS4+jf8GXXiDJk05baA/bM=
-113,-117,U6Zf2A5enG9YhVRHyB+76fqeipQ=,bTR6ITS4+jf8GXXiDJk05baA/bM=
-114,-117,U6Zf2A5enG9YhVRHyB+76fqeipQ=,bTR6ITS4+jf8GXXiDJk05baA/bM=
-126,-124,U6Zf2A5enG9YhVRHyB+76fqeipQ=,bTR6ITS4+jf8GXXiDJk05baA/bM=
-123,-116,U6Zf2A5enG9YhVRHyB+76fqeipQ=,bTR6ITS4+jf8GXXiDJk05baA/bM=
-116,-117,U6Zf2A5enG9YhVRHyB+76fqeipQ=,bTR6ITS4+jf8GXXiDJk05baA/bM=
-115,-128,U6Zf2A5enG9YhVRHyB+76fqeipQ=,bTR6ITS4+jf8GXXiDJk05baA/bM=
-119,-116,U6Zf2A5enG9YhVRHyB+76fqeipQ=,bTR6ITS4+jf8GXXiDJk05baA/bM=
-125,-124,U6Zf2A5enG9YhVRHyB+76fqeipQ=,bTR6ITS4+jf8GXXiDJk05baA/bM=
-126,-126,U6Zf2A5enG9YhVRHyB+76fqeipQ=,bTR6ITS4+jf8GXXiDJk05baA/bM=
-117,-117,U6Zf2A5enG9YhVRHyB+76fqeipQ=,bTR6ITS4+jf8GXXiDJk05baA/bM=
-119,-126,U6Zf2A5enG9YhVRHyB+76fqeipQ=,bTR6ITS4+jf8GXXiDJk05baA/bM=
-118,-117,U6Zf2A5enG9YhVRHyB+76fqeipQ=,bTR6ITS4+jf8GXXiDJk05baA/bM=
-124,-124,U6Zf2A5enG9YhVRHyB+76fqeipQ=,bTR6ITS4+jf8GXXiDJk05baA/bM=
-123,-124,U6Zf2A5enG9YhVRHyB+76fqeipQ=,bTR6ITS4+jf8GXXiDJk05baA/bM=
-122,-124,U6Zf2A5enG9YhVRHyB+76fqeipQ=,bTR6ITS4+jf8GXXiDJk05baA/bM=
-121,-124,U6Zf2A5enG9YhVRHyB+76fqeipQ=,bTR6ITS4+jf8GXXiDJk05baA/bM=
-123,-128,U6Zf2A5enG9YhVRHyB+76fqeipQ=,bTR6ITS4+jf8GXXiDJk05baA/bM=
-120,-124,U6Zf2A5enG9YhVRHyB+76fqeipQ=,bTR6ITS4+jf8GXXiDJk05baA/bM=
-115,-117,U6Zf2A5enG9YhVRHyB+76fqeipQ=,bTR6ITS4+jf8GXXiDJk05baA/bM=
-119,-124,U6Zf2A5enG9YhVRHyB+76fqeipQ=,bTR6ITS4+jf8GXXiDJk05baA/bM=
-118,-124,U6Zf2A5enG9YhVRHyB+76fqeipQ=,bTR6ITS4+jf8GXXiDJk05baA/bM=
-117,-124,U6Zf2A5enG9YhVRHyB+76fqeipQ=,bTR6ITS4+jf8GXXiDJk05baA/bM=
-116,-124,U6Zf2A5enG9YhVRHyB+76fqeipQ=,bTR6ITS4+jf8GXXiDJk05baA/bM=
-119,-117,U6Zf2A5enG9YhVRHyB+76fqeipQ=,bTR6ITS4+jf8GXXiDJk05baA/bM=
-122,-116,U6Zf2A5enG9YhVRHyB+76fqeipQ=,bTR6ITS4+jf8GXXiDJk05baA/bM=
-123,-117,U6Zf2A5enG9YhVRHyB+76fqeipQ=,bTR6ITS4+jf8GXXiDJk05baA/bM=
-125,-117,U6Zf2A5enG9YhVRHyB+76fqeipQ=,bTR6ITS4+jf8GXXiDJk05baA/bM=
-126,-117,U6Zf2A5enG9YhVRHyB+76fqeipQ=,bTR6ITS4+jf8GXXiDJk05baA/bM=
-124,-117,U6Zf2A5enG9YhVRHyB+76fqeipQ=,bTR6ITS4+jf8GXXiDJk05baA/bM=
-127,-117,U6Zf2A5enG9YhVRHyB+76fqeipQ=,bTR6ITS4+jf8GXXiDJk05baA/bM=
-128,-117,U6Zf2A5enG9YhVRHyB+76fqeipQ=,bTR6ITS4+jf8GXXiDJk05baA/bM=
-113,-118,U6Zf2A5enG9YhVRHyB+76fqeipQ=,bTR6ITS4+jf8GXXiDJk05baA/bM=
-114,-118,U6Zf2A5enG9YhVRHyB+76fqeipQ=,bTR6ITS4+jf8GXXiDJk05baA/bM=
-115,-124,U6Zf2A5enG9YhVRHyB+76fqeipQ=,bTR6ITS4+jf8GXXiDJk05baA/bM=
-120,-117,U6Zf2A5enG9YhVRHyB+76fqeipQ=,bTR6ITS4+jf8GXXiDJk05baA/bM=
-121,-117,U6Zf2A5enG9YhVRHyB+76fqeipQ=,bTR6ITS4+jf8GXXiDJk05baA/bM=
-115,-118,U6Zf2A5enG9YhVRHyB+76fqeipQ=,bTR6ITS4+jf8GXXiDJk05baA/bM=
-116,-128,U6Zf2A5enG9YhVRHyB+76fqeipQ=,bTR6ITS4+jf8GXXiDJk05baA/bM=
-114,-124,U6Zf2A5enG9YhVRHyB+76fqeipQ=,bTR6ITS4+jf8GXXiDJk05baA/bM=
-122,-117,U6Zf2A5enG9YhVRHyB+76fqeipQ=,bTR6ITS4+jf8GXXiDJk05baA/bM=
-117,-118,U6Zf2A5enG9YhVRHyB+76fqeipQ=,bTR6ITS4+jf8GXXiDJk05baA/bM=
-116,-118,U6Zf2A5enG9YhVRHyB+76fqeipQ=,bTR6ITS4+jf8GXXiDJk05baA/bM=
-120,-126,U6Zf2A5enG9YhVRHyB+76fqeipQ=,bTR6ITS4+jf8GXXiDJk05baA/bM=
-122,-128,U6Zf2A5enG9YhVRHyB+76fqeipQ=,bTR6ITS4+jf8GXXiDJk05baA/bM=
-113,-124,U6Zf2A5enG9YhVRHyB+76fqeipQ=,bTR6ITS4+jf8GXXiDJk05baA/bM=
-128,-123,U6Zf2A5enG9YhVRHyB+76fqeipQ=,bTR6ITS4+jf8GXXiDJk05baA/bM=
-118,-118,U6Zf2A5enG9YhVRHyB+76fqeipQ=,bTR6ITS4+jf8GXXiDJk05baA/bM=
-119,-118,U6Zf2A5enG9YhVRHyB+76fqeipQ=,bTR6ITS4+jf8GXXiDJk05baA/bM=
-127,-123,U6Zf2A5enG9YhVRHyB+76fqeipQ=,bTR6ITS4+jf8GXXiDJk05baA/bM=
-123,-118,U6Zf2A5enG9YhVRHyB+76fqeipQ=,bTR6ITS4+jf8GXXiDJk05baA/bM=
-124,-118,U6Zf2A5enG9YhVRHyB+76fqeipQ=,bTR6ITS4+jf8GXXiDJk05baA/bM=
-125,-118,U6Zf2A5enG9YhVRHyB+76fqeipQ=,bTR6ITS4+jf8GXXiDJk05baA/bM=
-126,-118,U6Zf2A5enG9YhVRHyB+76fqeipQ=,bTR6ITS4+jf8GXXiDJk05baA/bM=
-127,-118,U6Zf2A5enG9YhVRHyB+76fqeipQ=,bTR6ITS4+jf8GXXiDJk05baA/bM=
-128,-118,U6Zf2A5enG9YhVRHyB+76fqeipQ=,bTR6ITS4+jf8GXXiDJk05baA/bM=
-113,-119,U6Zf2A5enG9YhVRHyB+76fqeipQ=,bTR6ITS4+jf8GXXiDJk05baA/bM=
-114,-119,U6Zf2A5enG9YhVRHyB+76fqeipQ=,bTR6ITS4+jf8GXXiDJk05baA/bM=
-121,-118,U6Zf2A5enG9YhVRHyB+76fqeipQ=,bTR6ITS4+jf8GXXiDJk05baA/bM=
-120,-118,U6Zf2A5enG9YhVRHyB+76fqeipQ=,bTR6ITS4+jf8GXXiDJk05baA/bM=
-126,-123,U6Zf2A5enG9YhVRHyB+76fqeipQ=,bTR6ITS4+jf8GXXiDJk05baA/bM=
-125,-123,U6Zf2A5enG9YhVRHyB+76fqeipQ=,bTR6ITS4+jf8GXXiDJk05baA/bM=
-124,-123,U6Zf2A5enG9YhVRHyB+76fqeipQ=,bTR6ITS4+jf8GXXiDJk05baA/bM=
-125,-126,U6Zf2A5enG9YhVRHyB+76fqeipQ=,bTR6ITS4+jf8GXXiDJk05baA/bM=
-115,-119,U6Zf2A5enG9YhVRHyB+76fqeipQ=,bTR6ITS4+jf8GXXiDJk05baA/bM=
-121,-128,U6Zf2A5enG9YhVRHyB+76fqeipQ=,bTR6ITS4+jf8GXXiDJk05baA/bM=
-123,-123,U6Zf2A5enG9YhVRHyB+76fqeipQ=,bTR6ITS4+jf8GXXiDJk05baA/bM=
-116,-119,U6Zf2A5enG9YhVRHyB+76fqeipQ=,bTR6ITS4+jf8GXXiDJk05baA/bM=
-117,-128,U6Zf2A5enG9YhVRHyB+76fqeipQ=,bTR6ITS4+jf8GXXiDJk05baA/bM=
-118,-119,U6Zf2A5enG9YhVRHyB+76fqeipQ=,bTR6ITS4+jf8GXXiDJk05baA/bM=
-122,-123,U6Zf2A5enG9YhVRHyB+76fqeipQ=,bTR6ITS4+jf8GXXiDJk05baA/bM=
-121,-123,U6Zf2A5enG9YhVRHyB+76fqeipQ=,bTR6ITS4+jf8GXXiDJk05baA/bM=
-120,-123,U6Zf2A5enG9YhVRHyB+76fqeipQ=,bTR6ITS4+jf8GXXiDJk05baA/bM=
-119,-123,U6Zf2A5enG9YhVRHyB+76fqeipQ=,bTR6ITS4+jf8GXXiDJk05baA/bM=
-118,-123,U6Zf2A5enG9YhVRHyB+76fqeipQ=,bTR6ITS4+jf8GXXiDJk05baA/bM=
-117,-123,U6Zf2A5enG9YhVRHyB+76fqeipQ=,bTR6ITS4+jf8GXXiDJk05baA/bM=
-116,-123,U6Zf2A5enG9YhVRHyB+76fqeipQ=,bTR6ITS4+jf8GXXiDJk05baA/bM=
-122,-118,U6Zf2A5enG9YhVRHyB+76fqeipQ=,bTR6ITS4+jf8GXXiDJk05baA/bM=
-117,-119,U6Zf2A5enG9YhVRHyB+76fqeipQ=,bTR6ITS4+jf8GXXiDJk05baA/bM=
-119,-119,U6Zf2A5enG9YhVRHyB+76fqeipQ=,bTR6ITS4+jf8GXXiDJk05baA/bM=
-121,-126,U6Zf2A5enG9YhVRHyB+76fqeipQ=,bTR6ITS4+jf8GXXiDJk05baA/bM=
-123,-119,U6Zf2A5enG9YhVRHyB+76fqeipQ=,bTR6ITS4+jf8GXXiDJk05baA/bM=
-124,-119,U6Zf2A5enG9YhVRHyB+76fqeipQ=,bTR6ITS4+jf8GXXiDJk05baA/bM=
-125,-119,U6Zf2A5enG9YhVRHyB+76fqeipQ=,bTR6ITS4+jf8GXXiDJk05baA/bM=
-126,-119,U6Zf2A5enG9YhVRHyB+76fqeipQ=,bTR6ITS4+jf8GXXiDJk05baA/bM=
-127,-119,U6Zf2A5enG9YhVRHyB+76fqeipQ=,bTR6ITS4+jf8GXXiDJk05baA/bM=
-128,-119,U6Zf2A5enG9YhVRHyB+76fqeipQ=,bTR6ITS4+jf8GXXiDJk05baA/bM=
-115,-123,U6Zf2A5enG9YhVRHyB+76fqeipQ=,bTR6ITS4+jf8GXXiDJk05baA/bM=
-113,-120,U6Zf2A5enG9YhVRHyB+76fqeipQ=,bTR6ITS4+jf8GXXiDJk05baA/bM=
-121,-119,U6Zf2A5enG9YhVRHyB+76fqeipQ=,bTR6ITS4+jf8GXXiDJk05baA/bM=
-122,-119,U6Zf2A5enG9YhVRHyB+76fqeipQ=,bTR6ITS4+jf8GXXiDJk05baA/bM=
-114,-120,U6Zf2A5enG9YhVRHyB+76fqeipQ=,bTR6ITS4+jf8GXXiDJk05baA/bM=
-115,-120,U6Zf2A5enG9YhVRHyB+76fqeipQ=,bTR6ITS4+jf8GXXiDJk05baA/bM=
-120,-119,U6Zf2A5enG9YhVRHyB+76fqeipQ=,bTR6ITS4+jf8GXXiDJk05baA/bM=
-114,-123,U6Zf2A5enG9YhVRHyB+76fqeipQ=,bTR6ITS4+jf8GXXiDJk05baA/bM=
-116,-120,U6Zf2A5enG9YhVRHyB+76fqeipQ=,bTR6ITS4+jf8GXXiDJk05baA/bM=
-118,-128,U6Zf2A5enG9YhVRHyB+76fqeipQ=,bTR6ITS4+jf8GXXiDJk05baA/bM=
-118,-120,U6Zf2A5enG9YhVRHyB+76fqeipQ=,bTR6ITS4+jf8GXXiDJk05baA/bM=
-120,-120,U6Zf2A5enG9YhVRHyB+76fqeipQ=,bTR6ITS4+jf8GXXiDJk05baA/bM=
-119,-120,U6Zf2A5enG9YhVRHyB+76fqeipQ=,bTR6ITS4+jf8GXXiDJk05baA/bM=
-117,-120,U6Zf2A5enG9YhVRHyB+76fqeipQ=,bTR6ITS4+jf8GXXiDJk05baA/bM=
-121,-120,U6Zf2A5enG9YhVRHyB+76fqeipQ=,bTR6ITS4+jf8GXXiDJk05baA/bM=
-124,-120,U6Zf2A5enG9YhVRHyB+76fqeipQ=,bTR6ITS4+jf8GXXiDJk05baA/bM=
-125,-120,U6Zf2A5enG9YhVRHyB+76fqeipQ=,bTR6ITS4+jf8GXXiDJk05baA/bM=
-122,-120,U6Zf2A5enG9YhVRHyB+76fqeipQ=,bTR6ITS4+jf8GXXiDJk05baA/bM=
-127,-120,U6Zf2A5enG9YhVRHyB+76fqeipQ=,bTR6ITS4+jf8GXXiDJk05baA/bM=
-123,-120,U6Zf2A5enG9YhVRHyB+76fqeipQ=,bTR6ITS4+jf8GXXiDJk05baA/bM=
-126,-120,U6Zf2A5enG9YhVRHyB+76fqeipQ=,bTR6ITS4+jf8GXXiDJk05baA/bM=
-128,-120,U6Zf2A5enG9YhVRHyB+76fqeipQ=,bTR6ITS4+jf8GXXiDJk05baA/bM=
-122,-126,U6Zf2A5enG9YhVRHyB+76fqeipQ=,bTR6ITS4+jf8GXXiDJk05baA/bM=
-113,-123,U6Zf2A5enG9YhVRHyB+76fqeipQ=,bTR6ITS4+jf8GXXiDJk05baA/bM=
-128,-122,U6Zf2A5enG9YhVRHyB+76fqeipQ=,bTR6ITS4+jf8GXXiDJk05baA/bM=
-127,-122,U6Zf2A5enG9YhVRHyB+76fqeipQ=,bTR6ITS4+jf8GXXiDJk05baA/bM=
-126,-122,U6Zf2A5enG9YhVRHyB+76fqeipQ=,bTR6ITS4+jf8GXXiDJk05baA/bM=
-125,-122,U6Zf2A5enG9YhVRHyB+76fqeipQ=,bTR6ITS4+jf8GXXiDJk05baA/bM=
-115,-121,U6Zf2A5enG9YhVRHyB+76fqeipQ=,bTR6ITS4+jf8GXXiDJk05baA/bM=
-124,-122,U6Zf2A5enG9YhVRHyB+76fqeipQ=,bTR6ITS4+jf8GXXiDJk05baA/bM=
-114,-121,U6Zf2A5enG9YhVRHyB+76fqeipQ=,bTR6ITS4+jf8GXXiDJk05baA/bM=
-123,-122,U6Zf2A5enG9YhVRHyB+76fqeipQ=,bTR6ITS4+jf8GXXiDJk05baA/bM=
-124,-126,U6Zf2A5enG9YhVRHyB+76fqeipQ=,bTR6ITS4+jf8GXXiDJk05baA/bM=
-116,-121,U6Zf2A5enG9YhVRHyB+76fqeipQ=,bTR6ITS4+jf8GXXiDJk05baA/bM=
-119,-121,U6Zf2A5enG9YhVRHyB+76fqeipQ=,bTR6ITS4+jf8GXXiDJk05baA/bM=
-120,-121,U6Zf2A5enG9YhVRHyB+76fqeipQ=,bTR6ITS4+jf8GXXiDJk05baA/bM=
-117,-121,U6Zf2A5enG9YhVRHyB+76fqeipQ=,bTR6ITS4+jf8GXXiDJk05baA/bM=
-122,-122,U6Zf2A5enG9YhVRHyB+76fqeipQ=,bTR6ITS4+jf8GXXiDJk05baA/bM=
-121,-121,U6Zf2A5enG9YhVRHyB+76fqeipQ=,bTR6ITS4+jf8GXXiDJk05baA/bM=
-118,-121,U6Zf2A5enG9YhVRHyB+76fqeipQ=,bTR6ITS4+jf8GXXiDJk05baA/bM=
-119,-128,U6Zf2A5enG9YhVRHyB+76fqeipQ=,bTR6ITS4+jf8GXXiDJk05baA/bM=
-123,-121,U6Zf2A5enG9YhVRHyB+76fqeipQ=,bTR6ITS4+jf8GXXiDJk05baA/bM=
-122,-121,U6Zf2A5enG9YhVRHyB+76fqeipQ=,bTR6ITS4+jf8GXXiDJk05baA/bM=
-123,-126,U6Zf2A5enG9YhVRHyB+76fqeipQ=,bTR6ITS4+jf8GXXiDJk05baA/bM=
-124,-121,U6Zf2A5enG9YhVRHyB+76fqeipQ=,bTR6ITS4+jf8GXXiDJk05baA/bM=
-125,-121,U6Zf2A5enG9YhVRHyB+76fqeipQ=,bTR6ITS4+jf8GXXiDJk05baA/bM=
-113,-121,U6Zf2A5enG9YhVRHyB+76fqeipQ=,bTR6ITS4+jf8GXXiDJk05baA/bM=
-127,-121,U6Zf2A5enG9YhVRHyB+76fqeipQ=,bTR6ITS4+jf8GXXiDJk05baA/bM=
-126,-121,U6Zf2A5enG9YhVRHyB+76fqeipQ=,bTR6ITS4+jf8GXXiDJk05baA/bM=
-128,-121,U6Zf2A5enG9YhVRHyB+76fqeipQ=,bTR6ITS4+jf8GXXiDJk05baA/bM=
-120,-128,U6Zf2A5enG9YhVRHyB+76fqeipQ=,bTR6ITS4+jf8GXXiDJk05baA/bM=
-121,-122,U6Zf2A5enG9YhVRHyB+76fqeipQ=,bTR6ITS4+jf8GXXiDJk05baA/bM=
-120,-122,U6Zf2A5enG9YhVRHyB+76fqeipQ=,bTR6ITS4+jf8GXXiDJk05baA/bM=
-119,-122,U6Zf2A5enG9YhVRHyB+76fqeipQ=,bTR6ITS4+jf8GXXiDJk05baA/bM=
-118,-122,U6Zf2A5enG9YhVRHyB+76fqeipQ=,bTR6ITS4+jf8GXXiDJk05baA/bM=
-115,-122,U6Zf2A5enG9YhVRHyB+76fqeipQ=,bTR6ITS4+jf8GXXiDJk05baA/bM=
-117,-122,U6Zf2A5enG9YhVRHyB+76fqeipQ=,bTR6ITS4+jf8GXXiDJk05baA/bM=
-116,-122,U6Zf2A5enG9YhVRHyB+76fqeipQ=,bTR6ITS4+jf8GXXiDJk05baA/bM=
-113,-122,U6Zf2A5enG9YhVRHyB+76fqeipQ=,bTR6ITS4+jf8GXXiDJk05baA/bM=
-114,-122,U6Zf2A5enG9YhVRHyB+76fqeipQ=,bTR6ITS4+jf8GXXiDJk05baA/bM=
-114,-110,dsEcWhja+sAjZHH1SEvTgzXKpo0=,F0mULYyTKdg8nhZARUXNMCvx/GE=
-113,-97,dsEcWhja+sAjZHH1SEvTgzXKpo0=,F0mULYyTKdg8nhZARUXNMCvx/GE=
-115,-110,dsEcWhja+sAjZHH1SEvTgzXKpo0=,F0mULYyTKdg8nhZARUXNMCvx/GE=
-114,-97,dsEcWhja+sAjZHH1SEvTgzXKpo0=,F0mULYyTKdg8nhZARUXNMCvx/GE=
-125,-112,dsEcWhja+sAjZHH1SEvTgzXKpo0=,F0mULYyTKdg8nhZARUXNMCvx/GE=
-115,-97,dsEcWhja+sAjZHH1SEvTgzXKpo0=,F0mULYyTKdg8nhZARUXNMCvx/GE=
-116,-97,dsEcWhja+sAjZHH1SEvTgzXKpo0=,F0mULYyTKdg8nhZARUXNMCvx/GE=
-117,-97,dsEcWhja+sAjZHH1SEvTgzXKpo0=,F0mULYyTKdg8nhZARUXNMCvx/GE=
-118,-97,dsEcWhja+sAjZHH1SEvTgzXKpo0=,F0mULYyTKdg8nhZARUXNMCvx/GE=
-119,-97,dsEcWhja+sAjZHH1SEvTgzXKpo0=,F0mULYyTKdg8nhZARUXNMCvx/GE=
-120,-97,dsEcWhja+sAjZHH1SEvTgzXKpo0=,F0mULYyTKdg8nhZARUXNMCvx/GE=
-121,-97,dsEcWhja+sAjZHH1SEvTgzXKpo0=,F0mULYyTKdg8nhZARUXNMCvx/GE=
-122,-97,dsEcWhja+sAjZHH1SEvTgzXKpo0=,F0mULYyTKdg8nhZARUXNMCvx/GE=
-123,-97,dsEcWhja+sAjZHH1SEvTgzXKpo0=,F0mULYyTKdg8nhZARUXNMCvx/GE=
-124,-97,dsEcWhja+sAjZHH1SEvTgzXKpo0=,F0mULYyTKdg8nhZARUXNMCvx/GE=
-125,-97,dsEcWhja+sAjZHH1SEvTgzXKpo0=,F0mULYyTKdg8nhZARUXNMCvx/GE=
-126,-97,dsEcWhja+sAjZHH1SEvTgzXKpo0=,F0mULYyTKdg8nhZARUXNMCvx/GE=
-127,-97,dsEcWhja+sAjZHH1SEvTgzXKpo0=,F0mULYyTKdg8nhZARUXNMCvx/GE=
-127,-111,dsEcWhja+sAjZHH1SEvTgzXKpo0=,F0mULYyTKdg8nhZARUXNMCvx/GE=
-113,-111,dsEcWhja+sAjZHH1SEvTgzXKpo0=,F0mULYyTKdg8nhZARUXNMCvx/GE=
-114,-111,dsEcWhja+sAjZHH1SEvTgzXKpo0=,F0mULYyTKdg8nhZARUXNMCvx/GE=
-119,-111,dsEcWhja+sAjZHH1SEvTgzXKpo0=,F0mULYyTKdg8nhZARUXNMCvx/GE=
-115,-111,dsEcWhja+sAjZHH1SEvTgzXKpo0=,F0mULYyTKdg8nhZARUXNMCvx/GE=
-120,-111,dsEcWhja+sAjZHH1SEvTgzXKpo0=,F0mULYyTKdg8nhZARUXNMCvx/GE=
-122,-111,dsEcWhja+sAjZHH1SEvTgzXKpo0=,F0mULYyTKdg8nhZARUXNMCvx/GE=
-121,-111,dsEcWhja+sAjZHH1SEvTgzXKpo0=,F0mULYyTKdg8nhZARUXNMCvx/GE=
-123,-111,dsEcWhja+sAjZHH1SEvTgzXKpo0=,F0mULYyTKdg8nhZARUXNMCvx/GE=
-128,-97,dsEcWhja+sAjZHH1SEvTgzXKpo0=,F0mULYyTKdg8nhZARUXNMCvx/GE=
-125,-111,dsEcWhja+sAjZHH1SEvTgzXKpo0=,F0mULYyTKdg8nhZARUXNMCvx/GE=
-124,-111,dsEcWhja+sAjZHH1SEvTgzXKpo0=,F0mULYyTKdg8nhZARUXNMCvx/GE=
-114,-98,dsEcWhja+sAjZHH1SEvTgzXKpo0=,F0mULYyTKdg8nhZARUXNMCvx/GE=
-113,-98,dsEcWhja+sAjZHH1SEvTgzXKpo0=,F0mULYyTKdg8nhZARUXNMCvx/GE=
-126,-111,dsEcWhja+sAjZHH1SEvTgzXKpo0=,F0mULYyTKdg8nhZARUXNMCvx/GE=
-126,-112,dsEcWhja+sAjZHH1SEvTgzXKpo0=,F0mULYyTKdg8nhZARUXNMCvx/GE=
-115,-98,dsEcWhja+sAjZHH1SEvTgzXKpo0=,F0mULYyTKdg8nhZARUXNMCvx/GE=
-116,-98,dsEcWhja+sAjZHH1SEvTgzXKpo0=,F0mULYyTKdg8nhZARUXNMCvx/GE=
-117,-98,dsEcWhja+sAjZHH1SEvTgzXKpo0=,F0mULYyTKdg8nhZARUXNMCvx/GE=
-118,-98,dsEcWhja+sAjZHH1SEvTgzXKpo0=,F0mULYyTKdg8nhZARUXNMCvx/GE=
-119,-98,dsEcWhja+sAjZHH1SEvTgzXKpo0=,F0mULYyTKdg8nhZARUXNMCvx/GE=
-121,-98,dsEcWhja+sAjZHH1SEvTgzXKpo0=,F0mULYyTKdg8nhZARUXNMCvx/GE=
-120,-98,dsEcWhja+sAjZHH1SEvTgzXKpo0=,F0mULYyTKdg8nhZARUXNMCvx/GE=
-122,-98,dsEcWhja+sAjZHH1SEvTgzXKpo0=,F0mULYyTKdg8nhZARUXNMCvx/GE=
-123,-98,dsEcWhja+sAjZHH1SEvTgzXKpo0=,F0mULYyTKdg8nhZARUXNMCvx/GE=
-124,-98,dsEcWhja+sAjZHH1SEvTgzXKpo0=,F0mULYyTKdg8nhZARUXNMCvx/GE=
-125,-98,dsEcWhja+sAjZHH1SEvTgzXKpo0=,F0mULYyTKdg8nhZARUXNMCvx/GE=
-126,-98,dsEcWhja+sAjZHH1SEvTgzXKpo0=,F0mULYyTKdg8nhZARUXNMCvx/GE=
-128,-98,dsEcWhja+sAjZHH1SEvTgzXKpo0=,F0mULYyTKdg8nhZARUXNMCvx/GE=
-127,-98,dsEcWhja+sAjZHH1SEvTgzXKpo0=,F0mULYyTKdg8nhZARUXNMCvx/GE=
-114,-99,dsEcWhja+sAjZHH1SEvTgzXKpo0=,F0mULYyTKdg8nhZARUXNMCvx/GE=
-115,-99,dsEcWhja+sAjZHH1SEvTgzXKpo0=,F0mULYyTKdg8nhZARUXNMCvx/GE=
-128,-111,dsEcWhja+sAjZHH1SEvTgzXKpo0=,F0mULYyTKdg8nhZARUXNMCvx/GE=
-113,-99,dsEcWhja+sAjZHH1SEvTgzXKpo0=,F0mULYyTKdg8nhZARUXNMCvx/GE=
-117,-111,dsEcWhja+sAjZHH1SEvTgzXKpo0=,F0mULYyTKdg8nhZARUXNMCvx/GE=
-116,-99,dsEcWhja+sAjZHH1SEvTgzXKpo0=,F0mULYyTKdg8nhZARUXNMCvx/GE=
-117,-99,dsEcWhja+sAjZHH1SEvTgzXKpo0=,F0mULYyTKdg8nhZARUXNMCvx/GE=
-119,-99,dsEcWhja+sAjZHH1SEvTgzXKpo0=,F0mULYyTKdg8nhZARUXNMCvx/GE=
-113,-112,dsEcWhja+sAjZHH1SEvTgzXKpo0=,F0mULYyTKdg8nhZARUXNMCvx/GE=
-118,-99,dsEcWhja+sAjZHH1SEvTgzXKpo0=,F0mULYyTKdg8nhZARUXNMCvx/GE=
-120,-99,dsEcWhja+sAjZHH1SEvTgzXKpo0=,F0mULYyTKdg8nhZARUXNMCvx/GE=
-121,-99,dsEcWhja+sAjZHH1SEvTgzXKpo0=,F0mULYyTKdg8nhZARUXNMCvx/GE=
-122,-99,dsEcWhja+sAjZHH1SEvTgzXKpo0=,F0mULYyTKdg8nhZARUXNMCvx/GE=
-123,-99,dsEcWhja+sAjZHH1SEvTgzXKpo0=,F0mULYyTKdg8nhZARUXNMCvx/GE=
-124,-99,dsEcWhja+sAjZHH1SEvTgzXKpo0=,F0mULYyTKdg8nhZARUXNMCvx/GE=
-125,-99,dsEcWhja+sAjZHH1SEvTgzXKpo0=,F0mULYyTKdg8nhZARUXNMCvx/GE=
-126,-99,dsEcWhja+sAjZHH1SEvTgzXKpo0=,F0mULYyTKdg8nhZARUXNMCvx/GE=
-127,-112,dsEcWhja+sAjZHH1SEvTgzXKpo0=,F0mULYyTKdg8nhZARUXNMCvx/GE=
-127,-99,dsEcWhja+sAjZHH1SEvTgzXKpo0=,F0mULYyTKdg8nhZARUXNMCvx/GE=
-128,-99,dsEcWhja+sAjZHH1SEvTgzXKpo0=,F0mULYyTKdg8nhZARUXNMCvx/GE=
-114,-100,dsEcWhja+sAjZHH1SEvTgzXKpo0=,F0mULYyTKdg8nhZARUXNMCvx/GE=
-115,-100,dsEcWhja+sAjZHH1SEvTgzXKpo0=,F0mULYyTKdg8nhZARUXNMCvx/GE=
-118,-111,dsEcWhja+sAjZHH1SEvTgzXKpo0=,F0mULYyTKdg8nhZARUXNMCvx/GE=
-114,-112,dsEcWhja+sAjZHH1SEvTgzXKpo0=,F0mULYyTKdg8nhZARUXNMCvx/GE=
-116,-100,dsEcWhja+sAjZHH1SEvTgzXKpo0=,F0mULYyTKdg8nhZARUXNMCvx/GE=
-116,-110,dsEcWhja+sAjZHH1SEvTgzXKpo0=,F0mULYyTKdg8nhZARUXNMCvx/GE=
-117,-100,dsEcWhja+sAjZHH1SEvTgzXKpo0=,F0mULYyTKdg8nhZARUXNMCvx/GE=
-118,-100,dsEcWhja+sAjZHH1SEvTgzXKpo0=,F0mULYyTKdg8nhZARUXNMCvx/GE=
-120,-100,dsEcWhja+sAjZHH1SEvTgzXKpo0=,F0mULYyTKdg8nhZARUXNMCvx/GE=
-119,-100,dsEcWhja+sAjZHH1SEvTgzXKpo0=,F0mULYyTKdg8nhZARUXNMCvx/GE=
-121,-100,dsEcWhja+sAjZHH1SEvTgzXKpo0=,F0mULYyTKdg8nhZARUXNMCvx/GE=
-122,-100,dsEcWhja+sAjZHH1SEvTgzXKpo0=,F0mULYyTKdg8nhZARUXNMCvx/GE=
-123,-100,dsEcWhja+sAjZHH1SEvTgzXKpo0=,F0mULYyTKdg8nhZARUXNMCvx/GE=
-125,-100,dsEcWhja+sAjZHH1SEvTgzXKpo0=,F0mULYyTKdg8nhZARUXNMCvx/GE=
-124,-100,dsEcWhja+sAjZHH1SEvTgzXKpo0=,F0mULYyTKdg8nhZARUXNMCvx/GE=
-126,-100,dsEcWhja+sAjZHH1SEvTgzXKpo0=,F0mULYyTKdg8nhZARUXNMCvx/GE=
-127,-100,dsEcWhja+sAjZHH1SEvTgzXKpo0=,F0mULYyTKdg8nhZARUXNMCvx/GE=
-128,-100,dsEcWhja+sAjZHH1SEvTgzXKpo0=,F0mULYyTKdg8nhZARUXNMCvx/GE=
-113,-101,dsEcWhja+sAjZHH1SEvTgzXKpo0=,F0mULYyTKdg8nhZARUXNMCvx/GE=
-114,-101,dsEcWhja+sAjZHH1SEvTgzXKpo0=,F0mULYyTKdg8nhZARUXNMCvx/GE=
-115,-101,dsEcWhja+sAjZHH1SEvTgzXKpo0=,F0mULYyTKdg8nhZARUXNMCvx/GE=
-116,-101,dsEcWhja+sAjZHH1SEvTgzXKpo0=,F0mULYyTKdg8nhZARUXNMCvx/GE=
-117,-101,dsEcWhja+sAjZHH1SEvTgzXKpo0=,F0mULYyTKdg8nhZARUXNMCvx/GE=
-115,-112,dsEcWhja+sAjZHH1SEvTgzXKpo0=,F0mULYyTKdg8nhZARUXNMCvx/GE=
-118,-110,dsEcWhja+sAjZHH1SEvTgzXKpo0=,F0mULYyTKdg8nhZARUXNMCvx/GE=
-118,-101,dsEcWhja+sAjZHH1SEvTgzXKpo0=,F0mULYyTKdg8nhZARUXNMCvx/GE=
-120,-101,dsEcWhja+sAjZHH1SEvTgzXKpo0=,F0mULYyTKdg8nhZARUXNMCvx/GE=
-119,-101,dsEcWhja+sAjZHH1SEvTgzXKpo0=,F0mULYyTKdg8nhZARUXNMCvx/GE=
-121,-101,dsEcWhja+sAjZHH1SEvTgzXKpo0=,F0mULYyTKdg8nhZARUXNMCvx/GE=
-122,-101,dsEcWhja+sAjZHH1SEvTgzXKpo0=,F0mULYyTKdg8nhZARUXNMCvx/GE=
-123,-101,dsEcWhja+sAjZHH1SEvTgzXKpo0=,F0mULYyTKdg8nhZARUXNMCvx/GE=
-124,-101,dsEcWhja+sAjZHH1SEvTgzXKpo0=,F0mULYyTKdg8nhZARUXNMCvx/GE=
-125,-101,dsEcWhja+sAjZHH1SEvTgzXKpo0=,F0mULYyTKdg8nhZARUXNMCvx/GE=
-126,-101,dsEcWhja+sAjZHH1SEvTgzXKpo0=,F0mULYyTKdg8nhZARUXNMCvx/GE=
-127,-101,dsEcWhja+sAjZHH1SEvTgzXKpo0=,F0mULYyTKdg8nhZARUXNMCvx/GE=
-128,-101,dsEcWhja+sAjZHH1SEvTgzXKpo0=,F0mULYyTKdg8nhZARUXNMCvx/GE=
-113,-102,dsEcWhja+sAjZHH1SEvTgzXKpo0=,F0mULYyTKdg8nhZARUXNMCvx/GE=
-115,-102,dsEcWhja+sAjZHH1SEvTgzXKpo0=,F0mULYyTKdg8nhZARUXNMCvx/GE=
-116,-102,dsEcWhja+sAjZHH1SEvTgzXKpo0=,F0mULYyTKdg8nhZARUXNMCvx/GE=
-117,-102,dsEcWhja+sAjZHH1SEvTgzXKpo0=,F0mULYyTKdg8nhZARUXNMCvx/GE=
-116,-111,dsEcWhja+sAjZHH1SEvTgzXKpo0=,F0mULYyTKdg8nhZARUXNMCvx/GE=
-120,-110,dsEcWhja+sAjZHH1SEvTgzXKpo0=,F0mULYyTKdg8nhZARUXNMCvx/GE=
-119,-102,dsEcWhja+sAjZHH1SEvTgzXKpo0=,F0mULYyTKdg8nhZARUXNMCvx/GE=
-118,-102,dsEcWhja+sAjZHH1SEvTgzXKpo0=,F0mULYyTKdg8nhZARUXNMCvx/GE=
-120,-102,dsEcWhja+sAjZHH1SEvTgzXKpo0=,F0mULYyTKdg8nhZARUXNMCvx/GE=
-121,-102,dsEcWhja+sAjZHH1SEvTgzXKpo0=,F0mULYyTKdg8nhZARUXNMCvx/GE=
-122,-102,dsEcWhja+sAjZHH1SEvTgzXKpo0=,F0mULYyTKdg8nhZARUXNMCvx/GE=
-123,-102,dsEcWhja+sAjZHH1SEvTgzXKpo0=,F0mULYyTKdg8nhZARUXNMCvx/GE=
-114,-102,dsEcWhja+sAjZHH1SEvTgzXKpo0=,F0mULYyTKdg8nhZARUXNMCvx/GE=
-125,-102,dsEcWhja+sAjZHH1SEvTgzXKpo0=,F0mULYyTKdg8nhZARUXNMCvx/GE=
-124,-102,dsEcWhja+sAjZHH1SEvTgzXKpo0=,F0mULYyTKdg8nhZARUXNMCvx/GE=
-126,-102,dsEcWhja+sAjZHH1SEvTgzXKpo0=,F0mULYyTKdg8nhZARUXNMCvx/GE=
-128,-102,dsEcWhja+sAjZHH1SEvTgzXKpo0=,F0mULYyTKdg8nhZARUXNMCvx/GE=
-113,-103,dsEcWhja+sAjZHH1SEvTgzXKpo0=,F0mULYyTKdg8nhZARUXNMCvx/GE=
-127,-102,dsEcWhja+sAjZHH1SEvTgzXKpo0=,F0mULYyTKdg8nhZARUXNMCvx/GE=
-114,-103,dsEcWhja+sAjZHH1SEvTgzXKpo0=,F0mULYyTKdg8nhZARUXNMCvx/GE=
-115,-103,dsEcWhja+sAjZHH1SEvTgzXKpo0=,F0mULYyTKdg8nhZARUXNMCvx/GE=
-116,-103,dsEcWhja+sAjZHH1SEvTgzXKpo0=,F0mULYyTKdg8nhZARUXNMCvx/GE=
-117,-103,dsEcWhja+sAjZHH1SEvTgzXKpo0=,F0mULYyTKdg8nhZARUXNMCvx/GE=
-118,-103,dsEcWhja+sAjZHH1SEvTgzXKpo0=,F0mULYyTKdg8nhZARUXNMCvx/GE=
-113,-100,dsEcWhja+sAjZHH1SEvTgzXKpo0=,F0mULYyTKdg8nhZARUXNMCvx/GE=
-119,-103,dsEcWhja+sAjZHH1SEvTgzXKpo0=,F0mULYyTKdg8nhZARUXNMCvx/GE=
-121,-110,dsEcWhja+sAjZHH1SEvTgzXKpo0=,F0mULYyTKdg8nhZARUXNMCvx/GE=
-120,-103,dsEcWhja+sAjZHH1SEvTgzXKpo0=,F0mULYyTKdg8nhZARUXNMCvx/GE=
-121,-103,dsEcWhja+sAjZHH1SEvTgzXKpo0=,F0mULYyTKdg8nhZARUXNMCvx/GE=
-122,-103,dsEcWhja+sAjZHH1SEvTgzXKpo0=,F0mULYyTKdg8nhZARUXNMCvx/GE=
-124,-103,dsEcWhja+sAjZHH1SEvTgzXKpo0=,F0mULYyTKdg8nhZARUXNMCvx/GE=
-125,-103,dsEcWhja+sAjZHH1SEvTgzXKpo0=,F0mULYyTKdg8nhZARUXNMCvx/GE=
-123,-103,dsEcWhja+sAjZHH1SEvTgzXKpo0=,F0mULYyTKdg8nhZARUXNMCvx/GE=
-126,-103,dsEcWhja+sAjZHH1SEvTgzXKpo0=,F0mULYyTKdg8nhZARUXNMCvx/GE=
-127,-103,dsEcWhja+sAjZHH1SEvTgzXKpo0=,F0mULYyTKdg8nhZARUXNMCvx/GE=
-113,-104,dsEcWhja+sAjZHH1SEvTgzXKpo0=,F0mULYyTKdg8nhZARUXNMCvx/GE=
-128,-103,dsEcWhja+sAjZHH1SEvTgzXKpo0=,F0mULYyTKdg8nhZARUXNMCvx/GE=
-119,-110,dsEcWhja+sAjZHH1SEvTgzXKpo0=,F0mULYyTKdg8nhZARUXNMCvx/GE=
-115,-104,dsEcWhja+sAjZHH1SEvTgzXKpo0=,F0mULYyTKdg8nhZARUXNMCvx/GE=
-116,-104,dsEcWhja+sAjZHH1SEvTgzXKpo0=,F0mULYyTKdg8nhZARUXNMCvx/GE=
-117,-104,dsEcWhja+sAjZHH1SEvTgzXKpo0=,F0mULYyTKdg8nhZARUXNMCvx/GE=
-118,-104,dsEcWhja+sAjZHH1SEvTgzXKpo0=,F0mULYyTKdg8nhZARUXNMCvx/GE=
-119,-104,dsEcWhja+sAjZHH1SEvTgzXKpo0=,F0mULYyTKdg8nhZARUXNMCvx/GE=
-118,-112,dsEcWhja+sAjZHH1SEvTgzXKpo0=,F0mULYyTKdg8nhZARUXNMCvx/GE=
-120,-104,dsEcWhja+sAjZHH1SEvTgzXKpo0=,F0mULYyTKdg8nhZARUXNMCvx/GE=
-122,-110,dsEcWhja+sAjZHH1SEvTgzXKpo0=,F0mULYyTKdg8nhZARUXNMCvx/GE=
-121,-104,dsEcWhja+sAjZHH1SEvTgzXKpo0=,F0mULYyTKdg8nhZARUXNMCvx/GE=
-123,-104,dsEcWhja+sAjZHH1SEvTgzXKpo0=,F0mULYyTKdg8nhZARUXNMCvx/GE=
-122,-104,dsEcWhja+sAjZHH1SEvTgzXKpo0=,F0mULYyTKdg8nhZARUXNMCvx/GE=
-124,-104,dsEcWhja+sAjZHH1SEvTgzXKpo0=,F0mULYyTKdg8nhZARUXNMCvx/GE=
-125,-104,dsEcWhja+sAjZHH1SEvTgzXKpo0=,F0mULYyTKdg8nhZARUXNMCvx/GE=
-126,-104,dsEcWhja+sAjZHH1SEvTgzXKpo0=,F0mULYyTKdg8nhZARUXNMCvx/GE=
-127,-104,dsEcWhja+sAjZHH1SEvTgzXKpo0=,F0mULYyTKdg8nhZARUXNMCvx/GE=
-128,-104,dsEcWhja+sAjZHH1SEvTgzXKpo0=,F0mULYyTKdg8nhZARUXNMCvx/GE=
-113,-105,dsEcWhja+sAjZHH1SEvTgzXKpo0=,F0mULYyTKdg8nhZARUXNMCvx/GE=
-116,-112,dsEcWhja+sAjZHH1SEvTgzXKpo0=,F0mULYyTKdg8nhZARUXNMCvx/GE=
-115,-105,dsEcWhja+sAjZHH1SEvTgzXKpo0=,F0mULYyTKdg8nhZARUXNMCvx/GE=
-116,-105,dsEcWhja+sAjZHH1SEvTgzXKpo0=,F0mULYyTKdg8nhZARUXNMCvx/GE=
-117,-105,dsEcWhja+sAjZHH1SEvTgzXKpo0=,F0mULYyTKdg8nhZARUXNMCvx/GE=
-119,-105,dsEcWhja+sAjZHH1SEvTgzXKpo0=,F0mULYyTKdg8nhZARUXNMCvx/GE=
-120,-105,dsEcWhja+sAjZHH1SEvTgzXKpo0=,F0mULYyTKdg8nhZARUXNMCvx/GE=
-119,-112,dsEcWhja+sAjZHH1SEvTgzXKpo0=,F0mULYyTKdg8nhZARUXNMCvx/GE=
-121,-105,dsEcWhja+sAjZHH1SEvTgzXKpo0=,F0mULYyTKdg8nhZARUXNMCvx/GE=
-123,-110,dsEcWhja+sAjZHH1SEvTgzXKpo0=,F0mULYyTKdg8nhZARUXNMCvx/GE=
-122,-105,dsEcWhja+sAjZHH1SEvTgzXKpo0=,F0mULYyTKdg8nhZARUXNMCvx/GE=
-123,-105,dsEcWhja+sAjZHH1SEvTgzXKpo0=,F0mULYyTKdg8nhZARUXNMCvx/GE=
-124,-105,dsEcWhja+sAjZHH1SEvTgzXKpo0=,F0mULYyTKdg8nhZARUXNMCvx/GE=
-126,-105,dsEcWhja+sAjZHH1SEvTgzXKpo0=,F0mULYyTKdg8nhZARUXNMCvx/GE=
-127,-105,dsEcWhja+sAjZHH1SEvTgzXKpo0=,F0mULYyTKdg8nhZARUXNMCvx/GE=
-128,-105,dsEcWhja+sAjZHH1SEvTgzXKpo0=,F0mULYyTKdg8nhZARUXNMCvx/GE=
-125,-105,dsEcWhja+sAjZHH1SEvTgzXKpo0=,F0mULYyTKdg8nhZARUXNMCvx/GE=
-113,-106,dsEcWhja+sAjZHH1SEvTgzXKpo0=,F0mULYyTKdg8nhZARUXNMCvx/GE=
-117,-110,dsEcWhja+sAjZHH1SEvTgzXKpo0=,F0mULYyTKdg8nhZARUXNMCvx/GE=
-114,-104,dsEcWhja+sAjZHH1SEvTgzXKpo0=,F0mULYyTKdg8nhZARUXNMCvx/GE=
-116,-106,dsEcWhja+sAjZHH1SEvTgzXKpo0=,F0mULYyTKdg8nhZARUXNMCvx/GE=
-118,-105,dsEcWhja+sAjZHH1SEvTgzXKpo0=,F0mULYyTKdg8nhZARUXNMCvx/GE=
-114,-105,dsEcWhja+sAjZHH1SEvTgzXKpo0=,F0mULYyTKdg8nhZARUXNMCvx/GE=
-118,-106,dsEcWhja+sAjZHH1SEvTgzXKpo0=,F0mULYyTKdg8nhZARUXNMCvx/GE=
-120,-106,dsEcWhja+sAjZHH1SEvTgzXKpo0=,F0mULYyTKdg8nhZARUXNMCvx/GE=
-119,-106,dsEcWhja+sAjZHH1SEvTgzXKpo0=,F0mULYyTKdg8nhZARUXNMCvx/GE=
-121,-106,dsEcWhja+sAjZHH1SEvTgzXKpo0=,F0mULYyTKdg8nhZARUXNMCvx/GE=
-120,-112,dsEcWhja+sAjZHH1SEvTgzXKpo0=,F0mULYyTKdg8nhZARUXNMCvx/GE=
-122,-106,dsEcWhja+sAjZHH1SEvTgzXKpo0=,F0mULYyTKdg8nhZARUXNMCvx/GE=
-124,-110,dsEcWhja+sAjZHH1SEvTgzXKpo0=,F0mULYyTKdg8nhZARUXNMCvx/GE=
-123,-106,dsEcWhja+sAjZHH1SEvTgzXKpo0=,F0mULYyTKdg8nhZARUXNMCvx/GE=
-124,-106,dsEcWhja+sAjZHH1SEvTgzXKpo0=,F0mULYyTKdg8nhZARUXNMCvx/GE=
-125,-106,dsEcWhja+sAjZHH1SEvTgzXKpo0=,F0mULYyTKdg8nhZARUXNMCvx/GE=
-128,-106,dsEcWhja+sAjZHH1SEvTgzXKpo0=,F0mULYyTKdg8nhZARUXNMCvx/GE=
-126,-106,dsEcWhja+sAjZHH1SEvTgzXKpo0=,F0mULYyTKdg8nhZARUXNMCvx/GE=
-127,-106,dsEcWhja+sAjZHH1SEvTgzXKpo0=,F0mULYyTKdg8nhZARUXNMCvx/GE=
-115,-106,dsEcWhja+sAjZHH1SEvTgzXKpo0=,F0mULYyTKdg8nhZARUXNMCvx/GE=
-117,-106,dsEcWhja+sAjZHH1SEvTgzXKpo0=,F0mULYyTKdg8nhZARUXNMCvx/GE=
-113,-107,dsEcWhja+sAjZHH1SEvTgzXKpo0=,F0mULYyTKdg8nhZARUXNMCvx/GE=
-114,-106,dsEcWhja+sAjZHH1SEvTgzXKpo0=,F0mULYyTKdg8nhZARUXNMCvx/GE=
-114,-107,dsEcWhja+sAjZHH1SEvTgzXKpo0=,F0mULYyTKdg8nhZARUXNMCvx/GE=
-117,-112,dsEcWhja+sAjZHH1SEvTgzXKpo0=,F0mULYyTKdg8nhZARUXNMCvx/GE=
-119,-107,dsEcWhja+sAjZHH1SEvTgzXKpo0=,F0mULYyTKdg8nhZARUXNMCvx/GE=
-120,-107,dsEcWhja+sAjZHH1SEvTgzXKpo0=,F0mULYyTKdg8nhZARUXNMCvx/GE=
-121,-107,dsEcWhja+sAjZHH1SEvTgzXKpo0=,F0mULYyTKdg8nhZARUXNMCvx/GE=
-123,-107,dsEcWhja+sAjZHH1SEvTgzXKpo0=,F0mULYyTKdg8nhZARUXNMCvx/GE=
-122,-107,dsEcWhja+sAjZHH1SEvTgzXKpo0=,F0mULYyTKdg8nhZARUXNMCvx/GE=
-121,-112,dsEcWhja+sAjZHH1SEvTgzXKpo0=,F0mULYyTKdg8nhZARUXNMCvx/GE=
-125,-110,dsEcWhja+sAjZHH1SEvTgzXKpo0=,F0mULYyTKdg8nhZARUXNMCvx/GE=
-124,-107,dsEcWhja+sAjZHH1SEvTgzXKpo0=,F0mULYyTKdg8nhZARUXNMCvx/GE=
-125,-107,dsEcWhja+sAjZHH1SEvTgzXKpo0=,F0mULYyTKdg8nhZARUXNMCvx/GE=
-126,-107,dsEcWhja+sAjZHH1SEvTgzXKpo0=,F0mULYyTKdg8nhZARUXNMCvx/GE=
-127,-107,dsEcWhja+sAjZHH1SEvTgzXKpo0=,F0mULYyTKdg8nhZARUXNMCvx/GE=
-128,-107,dsEcWhja+sAjZHH1SEvTgzXKpo0=,F0mULYyTKdg8nhZARUXNMCvx/GE=
-113,-108,dsEcWhja+sAjZHH1SEvTgzXKpo0=,F0mULYyTKdg8nhZARUXNMCvx/GE=
-122,-112,dsEcWhja+sAjZHH1SEvTgzXKpo0=,F0mULYyTKdg8nhZARUXNMCvx/GE=
-116,-107,dsEcWhja+sAjZHH1SEvTgzXKpo0=,F0mULYyTKdg8nhZARUXNMCvx/GE=
-115,-107,dsEcWhja+sAjZHH1SEvTgzXKpo0=,F0mULYyTKdg8nhZARUXNMCvx/GE=
-117,-107,dsEcWhja+sAjZHH1SEvTgzXKpo0=,F0mULYyTKdg8nhZARUXNMCvx/GE=
-114,-108,dsEcWhja+sAjZHH1SEvTgzXKpo0=,F0mULYyTKdg8nhZARUXNMCvx/GE=
-118,-107,dsEcWhja+sAjZHH1SEvTgzXKpo0=,F0mULYyTKdg8nhZARUXNMCvx/GE=
-119,-108,dsEcWhja+sAjZHH1SEvTgzXKpo0=,F0mULYyTKdg8nhZARUXNMCvx/GE=
-120,-108,dsEcWhja+sAjZHH1SEvTgzXKpo0=,F0mULYyTKdg8nhZARUXNMCvx/GE=
-121,-108,dsEcWhja+sAjZHH1SEvTgzXKpo0=,F0mULYyTKdg8nhZARUXNMCvx/GE=
-122,-108,dsEcWhja+sAjZHH1SEvTgzXKpo0=,F0mULYyTKdg8nhZARUXNMCvx/GE=
-123,-112,dsEcWhja+sAjZHH1SEvTgzXKpo0=,F0mULYyTKdg8nhZARUXNMCvx/GE=
-123,-108,dsEcWhja+sAjZHH1SEvTgzXKpo0=,F0mULYyTKdg8nhZARUXNMCvx/GE=
-124,-108,dsEcWhja+sAjZHH1SEvTgzXKpo0=,F0mULYyTKdg8nhZARUXNMCvx/GE=
-126,-110,dsEcWhja+sAjZHH1SEvTgzXKpo0=,F0mULYyTKdg8nhZARUXNMCvx/GE=
-126,-108,dsEcWhja+sAjZHH1SEvTgzXKpo0=,F0mULYyTKdg8nhZARUXNMCvx/GE=
-125,-108,dsEcWhja+sAjZHH1SEvTgzXKpo0=,F0mULYyTKdg8nhZARUXNMCvx/GE=
-128,-108,dsEcWhja+sAjZHH1SEvTgzXKpo0=,F0mULYyTKdg8nhZARUXNMCvx/GE=
-127,-108,dsEcWhja+sAjZHH1SEvTgzXKpo0=,F0mULYyTKdg8nhZARUXNMCvx/GE=
-116,-108,dsEcWhja+sAjZHH1SEvTgzXKpo0=,F0mULYyTKdg8nhZARUXNMCvx/GE=
-127,-110,dsEcWhja+sAjZHH1SEvTgzXKpo0=,F0mULYyTKdg8nhZARUXNMCvx/GE=
-115,-108,dsEcWhja+sAjZHH1SEvTgzXKpo0=,F0mULYyTKdg8nhZARUXNMCvx/GE=
-117,-108,dsEcWhja+sAjZHH1SEvTgzXKpo0=,F0mULYyTKdg8nhZARUXNMCvx/GE=
-128,-112,dsEcWhja+sAjZHH1SEvTgzXKpo0=,F0mULYyTKdg8nhZARUXNMCvx/GE=
-113,-109,dsEcWhja+sAjZHH1SEvTgzXKpo0=,F0mULYyTKdg8nhZARUXNMCvx/GE=
-118,-109,dsEcWhja+sAjZHH1SEvTgzXKpo0=,F0mULYyTKdg8nhZARUXNMCvx/GE=
-116,-109,dsEcWhja+sAjZHH1SEvTgzXKpo0=,F0mULYyTKdg8nhZARUXNMCvx/GE=
-120,-109,dsEcWhja+sAjZHH1SEvTgzXKpo0=,F0mULYyTKdg8nhZARUXNMCvx/GE=
-119,-109,dsEcWhja+sAjZHH1SEvTgzXKpo0=,F0mULYyTKdg8nhZARUXNMCvx/GE=
-122,-109,dsEcWhja+sAjZHH1SEvTgzXKpo0=,F0mULYyTKdg8nhZARUXNMCvx/GE=
-121,-109,dsEcWhja+sAjZHH1SEvTgzXKpo0=,F0mULYyTKdg8nhZARUXNMCvx/GE=
-123,-109,dsEcWhja+sAjZHH1SEvTgzXKpo0=,F0mULYyTKdg8nhZARUXNMCvx/GE=
-124,-112,dsEcWhja+sAjZHH1SEvTgzXKpo0=,F0mULYyTKdg8nhZARUXNMCvx/GE=
-128,-110,dsEcWhja+sAjZHH1SEvTgzXKpo0=,F0mULYyTKdg8nhZARUXNMCvx/GE=
-124,-109,dsEcWhja+sAjZHH1SEvTgzXKpo0=,F0mULYyTKdg8nhZARUXNMCvx/GE=
-125,-109,dsEcWhja+sAjZHH1SEvTgzXKpo0=,F0mULYyTKdg8nhZARUXNMCvx/GE=
-127,-109,dsEcWhja+sAjZHH1SEvTgzXKpo0=,F0mULYyTKdg8nhZARUXNMCvx/GE=
-126,-109,dsEcWhja+sAjZHH1SEvTgzXKpo0=,F0mULYyTKdg8nhZARUXNMCvx/GE=
-128,-109,dsEcWhja+sAjZHH1SEvTgzXKpo0=,F0mULYyTKdg8nhZARUXNMCvx/GE=
-117,-109,dsEcWhja+sAjZHH1SEvTgzXKpo0=,F0mULYyTKdg8nhZARUXNMCvx/GE=
-118,-108,dsEcWhja+sAjZHH1SEvTgzXKpo0=,F0mULYyTKdg8nhZARUXNMCvx/GE=
-115,-109,dsEcWhja+sAjZHH1SEvTgzXKpo0=,F0mULYyTKdg8nhZARUXNMCvx/GE=
-113,-110,dsEcWhja+sAjZHH1SEvTgzXKpo0=,F0mULYyTKdg8nhZARUXNMCvx/GE=
-114,-109,dsEcWhja+sAjZHH1SEvTgzXKpo0=,F0mULYyTKdg8nhZARUXNMCvx/GE=
