51,-240,uYvujpPovKIW6EUhfYKok43wwas=,3nQqZIyJeWSJak8owhfwv7336UA=
60,-237,uYvujpPovKIW6EUhfYKok43wwas=,3nQqZIyJeWSJak8owhfwv7336UA=
61,-238,uYvujpPovKIW6EUhfYKok43wwas=,3nQqZIyJeWSJak8owhfwv7336UA=
63,-239,uYvujpPovKIW6EUhfYKok43wwas=,3nQqZIyJeWSJak8owhfwv7336UA=
60,-238,uYvujpPovKIW6EUhfYKok43wwas=,3nQqZIyJeWSJak8owhfwv7336UA=
59,-238,uYvujpPovKIW6EUhfYKok43wwas=,3nQqZIyJeWSJak8owhfwv7336UA=
63,-225,uYvujpPovKIW6EUhfYKok43wwas=,3nQqZIyJeWSJak8owhfwv7336UA=
58,-238,uYvujpPovKIW6EUhfYKok43wwas=,3nQqZIyJeWSJak8owhfwv7336UA=
57,-238,uYvujpPovKIW6EUhfYKok43wwas=,3nQqZIyJeWSJak8owhfwv7336UA=
56,-238,uYvujpPovKIW6EUhfYKok43wwas=,3nQqZIyJeWSJak8owhfwv7336UA=
55,-238,uYvujpPovKIW6EUhfYKok43wwas=,3nQqZIyJeWSJak8owhfwv7336UA=
54,-238,uYvujpPovKIW6EUhfYKok43wwas=,3nQqZIyJeWSJak8owhfwv7336UA=
53,-238,uYvujpPovKIW6EUhfYKok43wwas=,3nQqZIyJeWSJak8owhfwv7336UA=
52,-238,uYvujpPovKIW6EUhfYKok43wwas=,3nQqZIyJeWSJak8owhfwv7336UA=
51,-238,uYvujpPovKIW6EUhfYKok43wwas=,3nQqZIyJeWSJak8owhfwv7336UA=
50,-238,uYvujpPovKIW6EUhfYKok43wwas=,3nQqZIyJeWSJak8owhfwv7336UA=
49,-238,uYvujpPovKIW6EUhfYKok43wwas=,3nQqZIyJeWSJak8owhfwv7336UA=
62,-225,uYvujpPovKIW6EUhfYKok43wwas=,3nQqZIyJeWSJak8owhfwv7336UA=
48,-238,uYvujpPovKIW6EUhfYKok43wwas=,3nQqZIyJeWSJak8owhfwv7336UA=
59,-237,uYvujpPovKIW6EUhfYKok43wwas=,3nQqZIyJeWSJak8owhfwv7336UA=
50,-240,uYvujpPovKIW6EUhfYKok43wwas=,3nQqZIyJeWSJak8owhfwv7336UA=
61,-225,uYvujpPovKIW6EUhfYKok43wwas=,3nQqZIyJeWSJak8owhfwv7336UA=
60,-225,uYvujpPovKIW6EUhfYKok43wwas=,3nQqZIyJeWSJak8owhfwv7336UA=
59,-225,uYvujpPovKIW6EUhfYKok43wwas=,3nQqZIyJeWSJak8owhfwv7336UA=
58,-225,uYvujpPovKIW6EUhfYKok43wwas=,3nQqZIyJeWSJak8owhfwv7336UA=
57,-225,uYvujpPovKIW6EUhfYKok43wwas=,3nQqZIyJeWSJak8owhfwv7336UA=
56,-225,uYvujpPovKIW6EUhfYKok43wwas=,3nQqZIyJeWSJak8owhfwv7336UA=
55,-225,uYvujpPovKIW6EUhfYKok43wwas=,3nQqZIyJeWSJak8owhfwv7336UA=
62,-238,uYvujpPovKIW6EUhfYKok43wwas=,3nQqZIyJeWSJak8owhfwv7336UA=
52,-240,uYvujpPovKIW6EUhfYKok43wwas=,3nQqZIyJeWSJak8owhfwv7336UA=
54,-225,uYvujpPovKIW6EUhfYKok43wwas=,3nQqZIyJeWSJak8owhfwv7336UA=
61,-237,uYvujpPovKIW6EUhfYKok43wwas=,3nQqZIyJeWSJak8owhfwv7336UA=
62,-237,uYvujpPovKIW6EUhfYKok43wwas=,3nQqZIyJeWSJak8owhfwv7336UA=
63,-237,uYvujpPovKIW6EUhfYKok43wwas=,3nQqZIyJeWSJak8owhfwv7336UA=
48,-236,uYvujpPovKIW6EUhfYKok43wwas=,3nQqZIyJeWSJak8owhfwv7336UA=
53,-240,uYvujpPovKIW6EUhfYKok43wwas=,3nQqZIyJeWSJak8owhfwv7336UA=
50,-239,uYvujpPovKIW6EUhfYKok43wwas=,3nQqZIyJeWSJak8owhfwv7336UA=
49,-236,uYvujpPovKIW6EUhfYKok43wwas=,3nQqZIyJeWSJak8owhfwv7336UA=
50,-236,uYvujpPovKIW6EUhfYKok43wwas=,3nQqZIyJeWSJak8owhfwv7336UA=
51,-236,uYvujpPovKIW6EUhfYKok43wwas=,3nQqZIyJeWSJak8owhfwv7336UA=
52,-236,uYvujpPovKIW6EUhfYKok43wwas=,3nQqZIyJeWSJak8owhfwv7336UA=
53,-236,uYvujpPovKIW6EUhfYKok43wwas=,3nQqZIyJeWSJak8owhfwv7336UA=
54,-236,uYvujpPovKIW6EUhfYKok43wwas=,3nQqZIyJeWSJak8owhfwv7336UA=
55,-236,uYvujpPovKIW6EUhfYKok43wwas=,3nQqZIyJeWSJak8owhfwv7336UA=
56,-236,uYvujpPovKIW6EUhfYKok43wwas=,3nQqZIyJeWSJak8owhfwv7336UA=
57,-236,uYvujpPovKIW6EUhfYKok43wwas=,3nQqZIyJeWSJak8owhfwv7336UA=
58,-236,uYvujpPovKIW6EUhfYKok43wwas=,3nQqZIyJeWSJak8owhfwv7336UA=
59,-236,uYvujpPovKIW6EUhfYKok43wwas=,3nQqZIyJeWSJak8owhfwv7336UA=
63,-238,uYvujpPovKIW6EUhfYKok43wwas=,3nQqZIyJeWSJak8owhfwv7336UA=
54,-240,uYvujpPovKIW6EUhfYKok43wwas=,3nQqZIyJeWSJak8owhfwv7336UA=
48,-240,uYvujpPovKIW6EUhfYKok43wwas=,3nQqZIyJeWSJak8owhfwv7336UA=
60,-236,uYvujpPovKIW6EUhfYKok43wwas=,3nQqZIyJeWSJak8owhfwv7336UA=
61,-236,uYvujpPovKIW6EUhfYKok43wwas=,3nQqZIyJeWSJak8owhfwv7336UA=
52,-225,uYvujpPovKIW6EUhfYKok43wwas=,3nQqZIyJeWSJak8owhfwv7336UA=
50,-225,uYvujpPovKIW6EUhfYKok43wwas=,3nQqZIyJeWSJak8owhfwv7336UA=
58,-237,uYvujpPovKIW6EUhfYKok43wwas=,3nQqZIyJeWSJak8owhfwv7336UA=
62,-239,uYvujpPovKIW6EUhfYKok43wwas=,3nQqZIyJeWSJak8owhfwv7336UA=
62,-236,uYvujpPovKIW6EUhfYKok43wwas=,3nQqZIyJeWSJak8owhfwv7336UA=
48,-225,uYvujpPovKIW6EUhfYKok43wwas=,3nQqZIyJeWSJak8owhfwv7336UA=
63,-226,uYvujpPovKIW6EUhfYKok43wwas=,3nQqZIyJeWSJak8owhfwv7336UA=
61,-226,uYvujpPovKIW6EUhfYKok43wwas=,3nQqZIyJeWSJak8owhfwv7336UA=
59,-226,uYvujpPovKIW6EUhfYKok43wwas=,3nQqZIyJeWSJak8owhfwv7336UA=
60,-226,uYvujpPovKIW6EUhfYKok43wwas=,3nQqZIyJeWSJak8owhfwv7336UA=
58,-226,uYvujpPovKIW6EUhfYKok43wwas=,3nQqZIyJeWSJak8owhfwv7336UA=
62,-226,uYvujpPovKIW6EUhfYKok43wwas=,3nQqZIyJeWSJak8owhfwv7336UA=
57,-226,uYvujpPovKIW6EUhfYKok43wwas=,3nQqZIyJeWSJak8owhfwv7336UA=
55,-226,uYvujpPovKIW6EUhfYKok43wwas=,3nQqZIyJeWSJak8owhfwv7336UA=
63,-236,uYvujpPovKIW6EUhfYKok43wwas=,3nQqZIyJeWSJak8owhfwv7336UA=
56,-226,uYvujpPovKIW6EUhfYKok43wwas=,3nQqZIyJeWSJak8owhfwv7336UA=
51,-239,uYvujpPovKIW6EUhfYKok43wwas=,3nQqZIyJeWSJak8owhfwv7336UA=
48,-235,uYvujpPovKIW6EUhfYKok43wwas=,3nQqZIyJeWSJak8owhfwv7336UA=
49,-235,uYvujpPovKIW6EUhfYKok43wwas=,3nQqZIyJeWSJak8owhfwv7336UA=
50,-235,uYvujpPovKIW6EUhfYKok43wwas=,3nQqZIyJeWSJak8owhfwv7336UA=
51,-235,uYvujpPovKIW6EUhfYKok43wwas=,3nQqZIyJeWSJak8owhfwv7336UA=
52,-235,uYvujpPovKIW6EUhfYKok43wwas=,3nQqZIyJeWSJak8owhfwv7336UA=
53,-235,uYvujpPovKIW6EUhfYKok43wwas=,3nQqZIyJeWSJak8owhfwv7336UA=
55,-235,uYvujpPovKIW6EUhfYKok43wwas=,3nQqZIyJeWSJak8owhfwv7336UA=
54,-235,uYvujpPovKIW6EUhfYKok43wwas=,3nQqZIyJeWSJak8owhfwv7336UA=
56,-235,uYvujpPovKIW6EUhfYKok43wwas=,3nQqZIyJeWSJak8owhfwv7336UA=
58,-235,uYvujpPovKIW6EUhfYKok43wwas=,3nQqZIyJeWSJak8owhfwv7336UA=
48,-237,uYvujpPovKIW6EUhfYKok43wwas=,3nQqZIyJeWSJak8owhfwv7336UA=
57,-235,uYvujpPovKIW6EUhfYKok43wwas=,3nQqZIyJeWSJak8owhfwv7336UA=
59,-235,uYvujpPovKIW6EUhfYKok43wwas=,3nQqZIyJeWSJak8owhfwv7336UA=
55,-240,uYvujpPovKIW6EUhfYKok43wwas=,3nQqZIyJeWSJak8owhfwv7336UA=
60,-235,uYvujpPovKIW6EUhfYKok43wwas=,3nQqZIyJeWSJak8owhfwv7336UA=
51,-225,uYvujpPovKIW6EUhfYKok43wwas=,3nQqZIyJeWSJak8owhfwv7336UA=
53,-225,uYvujpPovKIW6EUhfYKok43wwas=,3nQqZIyJeWSJak8owhfwv7336UA=
52,-239,uYvujpPovKIW6EUhfYKok43wwas=,3nQqZIyJeWSJak8owhfwv7336UA=
54,-226,uYvujpPovKIW6EUhfYKok43wwas=,3nQqZIyJeWSJak8owhfwv7336UA=
61,-235,uYvujpPovKIW6EUhfYKok43wwas=,3nQqZIyJeWSJak8owhfwv7336UA=
62,-235,uYvujpPovKIW6EUhfYKok43wwas=,3nQqZIyJeWSJak8owhfwv7336UA=
63,-235,uYvujpPovKIW6EUhfYKok43wwas=,3nQqZIyJeWSJak8owhfwv7336UA=
53,-239,uYvujpPovKIW6EUhfYKok43wwas=,3nQqZIyJeWSJak8owhfwv7336UA=
48,-234,uYvujpPovKIW6EUhfYKok43wwas=,3nQqZIyJeWSJak8owhfwv7336UA=
49,-234,uYvujpPovKIW6EUhfYKok43wwas=,3nQqZIyJeWSJak8owhfwv7336UA=
50,-234,uYvujpPovKIW6EUhfYKok43wwas=,3nQqZIyJeWSJak8owhfwv7336UA=
52,-234,uYvujpPovKIW6EUhfYKok43wwas=,3nQqZIyJeWSJak8owhfwv7336UA=
51,-234,uYvujpPovKIW6EUhfYKok43wwas=,3nQqZIyJeWSJak8owhfwv7336UA=
53,-234,uYvujpPovKIW6EUhfYKok43wwas=,3nQqZIyJeWSJak8owhfwv7336UA=
54,-234,uYvujpPovKIW6EUhfYKok43wwas=,3nQqZIyJeWSJak8owhfwv7336UA=
55,-234,uYvujpPovKIW6EUhfYKok43wwas=,3nQqZIyJeWSJak8owhfwv7336UA=
56,-234,uYvujpPovKIW6EUhfYKok43wwas=,3nQqZIyJeWSJak8owhfwv7336UA=
57,-234,uYvujpPovKIW6EUhfYKok43wwas=,3nQqZIyJeWSJak8owhfwv7336UA=
56,-240,uYvujpPovKIW6EUhfYKok43wwas=,3nQqZIyJeWSJak8owhfwv7336UA=
49,-237,uYvujpPovKIW6EUhfYKok43wwas=,3nQqZIyJeWSJak8owhfwv7336UA=
58,-234,uYvujpPovKIW6EUhfYKok43wwas=,3nQqZIyJeWSJak8owhfwv7336UA=
59,-234,uYvujpPovKIW6EUhfYKok43wwas=,3nQqZIyJeWSJak8owhfwv7336UA=
60,-234,uYvujpPovKIW6EUhfYKok43wwas=,3nQqZIyJeWSJak8owhfwv7336UA=
61,-234,uYvujpPovKIW6EUhfYKok43wwas=,3nQqZIyJeWSJak8owhfwv7336UA=
62,-234,uYvujpPovKIW6EUhfYKok43wwas=,3nQqZIyJeWSJak8owhfwv7336UA=
63,-234,uYvujpPovKIW6EUhfYKok43wwas=,3nQqZIyJeWSJak8owhfwv7336UA=
48,-233,uYvujpPovKIW6EUhfYKok43wwas=,3nQqZIyJeWSJak8owhfwv7336UA=
54,-239,uYvujpPovKIW6EUhfYKok43wwas=,3nQqZIyJeWSJak8owhfwv7336UA=
49,-233,uYvujpPovKIW6EUhfYKok43wwas=,3nQqZIyJeWSJak8owhfwv7336UA=
50,-233,uYvujpPovKIW6EUhfYKok43wwas=,3nQqZIyJeWSJak8owhfwv7336UA=
51,-233,uYvujpPovKIW6EUhfYKok43wwas=,3nQqZIyJeWSJak8owhfwv7336UA=
52,-233,uYvujpPovKIW6EUhfYKok43wwas=,3nQqZIyJeWSJak8owhfwv7336UA=
53,-233,uYvujpPovKIW6EUhfYKok43wwas=,3nQqZIyJeWSJak8owhfwv7336UA=
54,-233,uYvujpPovKIW6EUhfYKok43wwas=,3nQqZIyJeWSJak8owhfwv7336UA=
55,-233,uYvujpPovKIW6EUhfYKok43wwas=,3nQqZIyJeWSJak8owhfwv7336UA=
56,-233,uYvujpPovKIW6EUhfYKok43wwas=,3nQqZIyJeWSJak8owhfwv7336UA=
50,-237,uYvujpPovKIW6EUhfYKok43wwas=,3nQqZIyJeWSJak8owhfwv7336UA=
57,-240,uYvujpPovKIW6EUhfYKok43wwas=,3nQqZIyJeWSJak8owhfwv7336UA=
51,-226,uYvujpPovKIW6EUhfYKok43wwas=,3nQqZIyJeWSJak8owhfwv7336UA=
49,-225,uYvujpPovKIW6EUhfYKok43wwas=,3nQqZIyJeWSJak8owhfwv7336UA=
57,-237,uYvujpPovKIW6EUhfYKok43wwas=,3nQqZIyJeWSJak8owhfwv7336UA=
48,-239,uYvujpPovKIW6EUhfYKok43wwas=,3nQqZIyJeWSJak8owhfwv7336UA=
53,-226,uYvujpPovKIW6EUhfYKok43wwas=,3nQqZIyJeWSJak8owhfwv7336UA=
49,-239,uYvujpPovKIW6EUhfYKok43wwas=,3nQqZIyJeWSJak8owhfwv7336UA=
49,-240,uYvujpPovKIW6EUhfYKok43wwas=,3nQqZIyJeWSJak8owhfwv7336UA=
58,-233,uYvujpPovKIW6EUhfYKok43wwas=,3nQqZIyJeWSJak8owhfwv7336UA=
60,-233,uYvujpPovKIW6EUhfYKok43wwas=,3nQqZIyJeWSJak8owhfwv7336UA=
59,-233,uYvujpPovKIW6EUhfYKok43wwas=,3nQqZIyJeWSJak8owhfwv7336UA=
57,-233,uYvujpPovKIW6EUhfYKok43wwas=,3nQqZIyJeWSJak8owhfwv7336UA=
61,-233,uYvujpPovKIW6EUhfYKok43wwas=,3nQqZIyJeWSJak8owhfwv7336UA=
62,-233,uYvujpPovKIW6EUhfYKok43wwas=,3nQqZIyJeWSJak8owhfwv7336UA=
63,-233,uYvujpPovKIW6EUhfYKok43wwas=,3nQqZIyJeWSJak8owhfwv7336UA=
55,-239,uYvujpPovKIW6EUhfYKok43wwas=,3nQqZIyJeWSJak8owhfwv7336UA=
48,-232,uYvujpPovKIW6EUhfYKok43wwas=,3nQqZIyJeWSJak8owhfwv7336UA=
50,-232,uYvujpPovKIW6EUhfYKok43wwas=,3nQqZIyJeWSJak8owhfwv7336UA=
49,-232,uYvujpPovKIW6EUhfYKok43wwas=,3nQqZIyJeWSJak8owhfwv7336UA=
51,-232,uYvujpPovKIW6EUhfYKok43wwas=,3nQqZIyJeWSJak8owhfwv7336UA=
52,-232,uYvujpPovKIW6EUhfYKok43wwas=,3nQqZIyJeWSJak8owhfwv7336UA=
52,-226,uYvujpPovKIW6EUhfYKok43wwas=,3nQqZIyJeWSJak8owhfwv7336UA=
61,-227,uYvujpPovKIW6EUhfYKok43wwas=,3nQqZIyJeWSJak8owhfwv7336UA=
62,-227,uYvujpPovKIW6EUhfYKok43wwas=,3nQqZIyJeWSJak8owhfwv7336UA=
63,-227,uYvujpPovKIW6EUhfYKok43wwas=,3nQqZIyJeWSJak8owhfwv7336UA=
60,-227,uYvujpPovKIW6EUhfYKok43wwas=,3nQqZIyJeWSJak8owhfwv7336UA=
58,-227,uYvujpPovKIW6EUhfYKok43wwas=,3nQqZIyJeWSJak8owhfwv7336UA=
59,-227,uYvujpPovKIW6EUhfYKok43wwas=,3nQqZIyJeWSJak8owhfwv7336UA=
56,-227,uYvujpPovKIW6EUhfYKok43wwas=,3nQqZIyJeWSJak8owhfwv7336UA=
57,-227,uYvujpPovKIW6EUhfYKok43wwas=,3nQqZIyJeWSJak8owhfwv7336UA=
53,-232,uYvujpPovKIW6EUhfYKok43wwas=,3nQqZIyJeWSJak8owhfwv7336UA=
55,-227,uYvujpPovKIW6EUhfYKok43wwas=,3nQqZIyJeWSJak8owhfwv7336UA=
48,-226,uYvujpPovKIW6EUhfYKok43wwas=,3nQqZIyJeWSJak8owhfwv7336UA=
54,-232,uYvujpPovKIW6EUhfYKok43wwas=,3nQqZIyJeWSJak8owhfwv7336UA=
55,-232,uYvujpPovKIW6EUhfYKok43wwas=,3nQqZIyJeWSJak8owhfwv7336UA=
58,-240,uYvujpPovKIW6EUhfYKok43wwas=,3nQqZIyJeWSJak8owhfwv7336UA=
49,-226,uYvujpPovKIW6EUhfYKok43wwas=,3nQqZIyJeWSJak8owhfwv7336UA=
56,-232,uYvujpPovKIW6EUhfYKok43wwas=,3nQqZIyJeWSJak8owhfwv7336UA=
51,-237,uYvujpPovKIW6EUhfYKok43wwas=,3nQqZIyJeWSJak8owhfwv7336UA=
57,-232,uYvujpPovKIW6EUhfYKok43wwas=,3nQqZIyJeWSJak8owhfwv7336UA=
50,-226,uYvujpPovKIW6EUhfYKok43wwas=,3nQqZIyJeWSJak8owhfwv7336UA=
54,-227,uYvujpPovKIW6EUhfYKok43wwas=,3nQqZIyJeWSJak8owhfwv7336UA=
59,-232,uYvujpPovKIW6EUhfYKok43wwas=,3nQqZIyJeWSJak8owhfwv7336UA=
63,-240,uYvujpPovKIW6EUhfYKok43wwas=,3nQqZIyJeWSJak8owhfwv7336UA=
58,-232,uYvujpPovKIW6EUhfYKok43wwas=,3nQqZIyJeWSJak8owhfwv7336UA=
61,-239,uYvujpPovKIW6EUhfYKok43wwas=,3nQqZIyJeWSJak8owhfwv7336UA=
56,-237,uYvujpPovKIW6EUhfYKok43wwas=,3nQqZIyJeWSJak8owhfwv7336UA=
60,-232,uYvujpPovKIW6EUhfYKok43wwas=,3nQqZIyJeWSJak8owhfwv7336UA=
52,-227,uYvujpPovKIW6EUhfYKok43wwas=,3nQqZIyJeWSJak8owhfwv7336UA=
62,-232,uYvujpPovKIW6EUhfYKok43wwas=,3nQqZIyJeWSJak8owhfwv7336UA=
63,-232,uYvujpPovKIW6EUhfYKok43wwas=,3nQqZIyJeWSJak8owhfwv7336UA=
61,-232,uYvujpPovKIW6EUhfYKok43wwas=,3nQqZIyJeWSJak8owhfwv7336UA=
56,-239,uYvujpPovKIW6EUhfYKok43wwas=,3nQqZIyJeWSJak8owhfwv7336UA=
48,-231,uYvujpPovKIW6EUhfYKok43wwas=,3nQqZIyJeWSJak8owhfwv7336UA=
50,-231,uYvujpPovKIW6EUhfYKok43wwas=,3nQqZIyJeWSJak8owhfwv7336UA=
49,-231,uYvujpPovKIW6EUhfYKok43wwas=,3nQqZIyJeWSJak8owhfwv7336UA=
51,-231,uYvujpPovKIW6EUhfYKok43wwas=,3nQqZIyJeWSJak8owhfwv7336UA=
49,-227,uYvujpPovKIW6EUhfYKok43wwas=,3nQqZIyJeWSJak8owhfwv7336UA=
60,-239,uYvujpPovKIW6EUhfYKok43wwas=,3nQqZIyJeWSJak8owhfwv7336UA=
51,-227,uYvujpPovKIW6EUhfYKok43wwas=,3nQqZIyJeWSJak8owhfwv7336UA=
63,-228,uYvujpPovKIW6EUhfYKok43wwas=,3nQqZIyJeWSJak8owhfwv7336UA=
62,-228,uYvujpPovKIW6EUhfYKok43wwas=,3nQqZIyJeWSJak8owhfwv7336UA=
61,-228,uYvujpPovKIW6EUhfYKok43wwas=,3nQqZIyJeWSJak8owhfwv7336UA=
60,-228,uYvujpPovKIW6EUhfYKok43wwas=,3nQqZIyJeWSJak8owhfwv7336UA=
59,-228,uYvujpPovKIW6EUhfYKok43wwas=,3nQqZIyJeWSJak8owhfwv7336UA=
58,-228,uYvujpPovKIW6EUhfYKok43wwas=,3nQqZIyJeWSJak8owhfwv7336UA=
57,-228,uYvujpPovKIW6EUhfYKok43wwas=,3nQqZIyJeWSJak8owhfwv7336UA=
53,-227,uYvujpPovKIW6EUhfYKok43wwas=,3nQqZIyJeWSJak8owhfwv7336UA=
52,-231,uYvujpPovKIW6EUhfYKok43wwas=,3nQqZIyJeWSJak8owhfwv7336UA=
55,-228,uYvujpPovKIW6EUhfYKok43wwas=,3nQqZIyJeWSJak8owhfwv7336UA=
56,-228,uYvujpPovKIW6EUhfYKok43wwas=,3nQqZIyJeWSJak8owhfwv7336UA=
50,-227,uYvujpPovKIW6EUhfYKok43wwas=,3nQqZIyJeWSJak8owhfwv7336UA=
48,-227,uYvujpPovKIW6EUhfYKok43wwas=,3nQqZIyJeWSJak8owhfwv7336UA=
62,-240,uYvujpPovKIW6EUhfYKok43wwas=,3nQqZIyJeWSJak8owhfwv7336UA=
55,-237,uYvujpPovKIW6EUhfYKok43wwas=,3nQqZIyJeWSJak8owhfwv7336UA=
53,-231,uYvujpPovKIW6EUhfYKok43wwas=,3nQqZIyJeWSJak8owhfwv7336UA=
51,-228,uYvujpPovKIW6EUhfYKok43wwas=,3nQqZIyJeWSJak8owhfwv7336UA=
54,-231,uYvujpPovKIW6EUhfYKok43wwas=,3nQqZIyJeWSJak8owhfwv7336UA=
52,-237,uYvujpPovKIW6EUhfYKok43wwas=,3nQqZIyJeWSJak8owhfwv7336UA=
54,-228,uYvujpPovKIW6EUhfYKok43wwas=,3nQqZIyJeWSJak8owhfwv7336UA=
59,-240,uYvujpPovKIW6EUhfYKok43wwas=,3nQqZIyJeWSJak8owhfwv7336UA=
52,-228,uYvujpPovKIW6EUhfYKok43wwas=,3nQqZIyJeWSJak8owhfwv7336UA=
50,-228,uYvujpPovKIW6EUhfYKok43wwas=,3nQqZIyJeWSJak8owhfwv7336UA=
63,-229,uYvujpPovKIW6EUhfYKok43wwas=,3nQqZIyJeWSJak8owhfwv7336UA=
59,-239,uYvujpPovKIW6EUhfYKok43wwas=,3nQqZIyJeWSJak8owhfwv7336UA=
62,-229,uYvujpPovKIW6EUhfYKok43wwas=,3nQqZIyJeWSJak8owhfwv7336UA=
61,-229,uYvujpPovKIW6EUhfYKok43wwas=,3nQqZIyJeWSJak8owhfwv7336UA=
60,-229,uYvujpPovKIW6EUhfYKok43wwas=,3nQqZIyJeWSJak8owhfwv7336UA=
59,-229,uYvujpPovKIW6EUhfYKok43wwas=,3nQqZIyJeWSJak8owhfwv7336UA=
58,-229,uYvujpPovKIW6EUhfYKok43wwas=,3nQqZIyJeWSJak8owhfwv7336UA=
57,-229,uYvujpPovKIW6EUhfYKok43wwas=,3nQqZIyJeWSJak8owhfwv7336UA=
53,-228,uYvujpPovKIW6EUhfYKok43wwas=,3nQqZIyJeWSJak8owhfwv7336UA=
55,-231,uYvujpPovKIW6EUhfYKok43wwas=,3nQqZIyJeWSJak8owhfwv7336UA=
48,-228,uYvujpPovKIW6EUhfYKok43wwas=,3nQqZIyJeWSJak8owhfwv7336UA=
56,-229,uYvujpPovKIW6EUhfYKok43wwas=,3nQqZIyJeWSJak8owhfwv7336UA=
49,-228,uYvujpPovKIW6EUhfYKok43wwas=,3nQqZIyJeWSJak8owhfwv7336UA=
54,-237,uYvujpPovKIW6EUhfYKok43wwas=,3nQqZIyJeWSJak8owhfwv7336UA=
61,-240,uYvujpPovKIW6EUhfYKok43wwas=,3nQqZIyJeWSJak8owhfwv7336UA=
56,-231,uYvujpPovKIW6EUhfYKok43wwas=,3nQqZIyJeWSJak8owhfwv7336UA=
57,-231,uYvujpPovKIW6EUhfYKok43wwas=,3nQqZIyJeWSJak8owhfwv7336UA=
58,-231,uYvujpPovKIW6EUhfYKok43wwas=,3nQqZIyJeWSJak8owhfwv7336UA=
60,-231,uYvujpPovKIW6EUhfYKok43wwas=,3nQqZIyJeWSJak8owhfwv7336UA=
59,-231,uYvujpPovKIW6EUhfYKok43wwas=,3nQqZIyJeWSJak8owhfwv7336UA=
61,-231,uYvujpPovKIW6EUhfYKok43wwas=,3nQqZIyJeWSJak8owhfwv7336UA=
62,-231,uYvujpPovKIW6EUhfYKok43wwas=,3nQqZIyJeWSJak8owhfwv7336UA=
63,-231,uYvujpPovKIW6EUhfYKok43wwas=,3nQqZIyJeWSJak8owhfwv7336UA=
48,-230,uYvujpPovKIW6EUhfYKok43wwas=,3nQqZIyJeWSJak8owhfwv7336UA=
57,-239,uYvujpPovKIW6EUhfYKok43wwas=,3nQqZIyJeWSJak8owhfwv7336UA=
49,-230,uYvujpPovKIW6EUhfYKok43wwas=,3nQqZIyJeWSJak8owhfwv7336UA=
55,-229,uYvujpPovKIW6EUhfYKok43wwas=,3nQqZIyJeWSJak8owhfwv7336UA=
53,-229,uYvujpPovKIW6EUhfYKok43wwas=,3nQqZIyJeWSJak8owhfwv7336UA=
51,-230,uYvujpPovKIW6EUhfYKok43wwas=,3nQqZIyJeWSJak8owhfwv7336UA=
50,-230,uYvujpPovKIW6EUhfYKok43wwas=,3nQqZIyJeWSJak8owhfwv7336UA=
52,-229,uYvujpPovKIW6EUhfYKok43wwas=,3nQqZIyJeWSJak8owhfwv7336UA=
58,-239,uYvujpPovKIW6EUhfYKok43wwas=,3nQqZIyJeWSJak8owhfwv7336UA=
48,-229,uYvujpPovKIW6EUhfYKok43wwas=,3nQqZIyJeWSJak8owhfwv7336UA=
63,-230,uYvujpPovKIW6EUhfYKok43wwas=,3nQqZIyJeWSJak8owhfwv7336UA=
61,-230,uYvujpPovKIW6EUhfYKok43wwas=,3nQqZIyJeWSJak8owhfwv7336UA=
62,-230,uYvujpPovKIW6EUhfYKok43wwas=,3nQqZIyJeWSJak8owhfwv7336UA=
60,-230,uYvujpPovKIW6EUhfYKok43wwas=,3nQqZIyJeWSJak8owhfwv7336UA=
54,-229,uYvujpPovKIW6EUhfYKok43wwas=,3nQqZIyJeWSJak8owhfwv7336UA=
58,-230,uYvujpPovKIW6EUhfYKok43wwas=,3nQqZIyJeWSJak8owhfwv7336UA=
59,-230,uYvujpPovKIW6EUhfYKok43wwas=,3nQqZIyJeWSJak8owhfwv7336UA=
57,-230,uYvujpPovKIW6EUhfYKok43wwas=,3nQqZIyJeWSJak8owhfwv7336UA=
51,-229,uYvujpPovKIW6EUhfYKok43wwas=,3nQqZIyJeWSJak8owhfwv7336UA=
50,-229,uYvujpPovKIW6EUhfYKok43wwas=,3nQqZIyJeWSJak8owhfwv7336UA=
52,-230,uYvujpPovKIW6EUhfYKok43wwas=,3nQqZIyJeWSJak8owhfwv7336UA=
49,-229,uYvujpPovKIW6EUhfYKok43wwas=,3nQqZIyJeWSJak8owhfwv7336UA=
60,-240,uYvujpPovKIW6EUhfYKok43wwas=,3nQqZIyJeWSJak8owhfwv7336UA=
56,-230,uYvujpPovKIW6EUhfYKok43wwas=,3nQqZIyJeWSJak8owhfwv7336UA=
53,-237,uYvujpPovKIW6EUhfYKok43wwas=,3nQqZIyJeWSJak8owhfwv7336UA=
55,-230,uYvujpPovKIW6EUhfYKok43wwas=,3nQqZIyJeWSJak8owhfwv7336UA=
53,-230,uYvujpPovKIW6EUhfYKok43wwas=,3nQqZIyJeWSJak8owhfwv7336UA=
54,-230,uYvujpPovKIW6EUhfYKok43wwas=,3nQqZIyJeWSJak8owhfwv7336UA=
46,-238,GBL9PzMtFJXHKCJD0RCHIqVEEkg=,6Jm3uDiFyCp8lWw+O4NxxXbSW9Q=
35,-240,GBL9PzMtFJXHKCJD0RCHIqVEEkg=,6Jm3uDiFyCp8lWw+O4NxxXbSW9Q=
44,-225,GBL9PzMtFJXHKCJD0RCHIqVEEkg=,6Jm3uDiFyCp8lWw+O4NxxXbSW9Q=
43,-225,GBL9PzMtFJXHKCJD0RCHIqVEEkg=,6Jm3uDiFyCp8lWw+O4NxxXbSW9Q=
42,-225,GBL9PzMtFJXHKCJD0RCHIqVEEkg=,6Jm3uDiFyCp8lWw+O4NxxXbSW9Q=
45,-238,GBL9PzMtFJXHKCJD0RCHIqVEEkg=,6Jm3uDiFyCp8lWw+O4NxxXbSW9Q=
41,-225,GBL9PzMtFJXHKCJD0RCHIqVEEkg=,6Jm3uDiFyCp8lWw+O4NxxXbSW9Q=
40,-225,GBL9PzMtFJXHKCJD0RCHIqVEEkg=,6Jm3uDiFyCp8lWw+O4NxxXbSW9Q=
39,-225,GBL9PzMtFJXHKCJD0RCHIqVEEkg=,6Jm3uDiFyCp8lWw+O4NxxXbSW9Q=
37,-225,GBL9PzMtFJXHKCJD0RCHIqVEEkg=,6Jm3uDiFyCp8lWw+O4NxxXbSW9Q=
38,-225,GBL9PzMtFJXHKCJD0RCHIqVEEkg=,6Jm3uDiFyCp8lWw+O4NxxXbSW9Q=
36,-225,GBL9PzMtFJXHKCJD0RCHIqVEEkg=,6Jm3uDiFyCp8lWw+O4NxxXbSW9Q=
35,-225,GBL9PzMtFJXHKCJD0RCHIqVEEkg=,6Jm3uDiFyCp8lWw+O4NxxXbSW9Q=
34,-225,GBL9PzMtFJXHKCJD0RCHIqVEEkg=,6Jm3uDiFyCp8lWw+O4NxxXbSW9Q=
47,-239,GBL9PzMtFJXHKCJD0RCHIqVEEkg=,6Jm3uDiFyCp8lWw+O4NxxXbSW9Q=
33,-239,GBL9PzMtFJXHKCJD0RCHIqVEEkg=,6Jm3uDiFyCp8lWw+O4NxxXbSW9Q=
33,-225,GBL9PzMtFJXHKCJD0RCHIqVEEkg=,6Jm3uDiFyCp8lWw+O4NxxXbSW9Q=
32,-225,GBL9PzMtFJXHKCJD0RCHIqVEEkg=,6Jm3uDiFyCp8lWw+O4NxxXbSW9Q=
46,-239,GBL9PzMtFJXHKCJD0RCHIqVEEkg=,6Jm3uDiFyCp8lWw+O4NxxXbSW9Q=
45,-239,GBL9PzMtFJXHKCJD0RCHIqVEEkg=,6Jm3uDiFyCp8lWw+O4NxxXbSW9Q=
43,-239,GBL9PzMtFJXHKCJD0RCHIqVEEkg=,6Jm3uDiFyCp8lWw+O4NxxXbSW9Q=
41,-239,GBL9PzMtFJXHKCJD0RCHIqVEEkg=,6Jm3uDiFyCp8lWw+O4NxxXbSW9Q=
42,-239,GBL9PzMtFJXHKCJD0RCHIqVEEkg=,6Jm3uDiFyCp8lWw+O4NxxXbSW9Q=
44,-239,GBL9PzMtFJXHKCJD0RCHIqVEEkg=,6Jm3uDiFyCp8lWw+O4NxxXbSW9Q=
40,-239,GBL9PzMtFJXHKCJD0RCHIqVEEkg=,6Jm3uDiFyCp8lWw+O4NxxXbSW9Q=
39,-239,GBL9PzMtFJXHKCJD0RCHIqVEEkg=,6Jm3uDiFyCp8lWw+O4NxxXbSW9Q=
38,-239,GBL9PzMtFJXHKCJD0RCHIqVEEkg=,6Jm3uDiFyCp8lWw+O4NxxXbSW9Q=
37,-239,GBL9PzMtFJXHKCJD0RCHIqVEEkg=,6Jm3uDiFyCp8lWw+O4NxxXbSW9Q=
36,-239,GBL9PzMtFJXHKCJD0RCHIqVEEkg=,6Jm3uDiFyCp8lWw+O4NxxXbSW9Q=
34,-239,GBL9PzMtFJXHKCJD0RCHIqVEEkg=,6Jm3uDiFyCp8lWw+O4NxxXbSW9Q=
34,-240,GBL9PzMtFJXHKCJD0RCHIqVEEkg=,6Jm3uDiFyCp8lWw+O4NxxXbSW9Q=
46,-225,GBL9PzMtFJXHKCJD0RCHIqVEEkg=,6Jm3uDiFyCp8lWw+O4NxxXbSW9Q=
35,-239,GBL9PzMtFJXHKCJD0RCHIqVEEkg=,6Jm3uDiFyCp8lWw+O4NxxXbSW9Q=
44,-238,GBL9PzMtFJXHKCJD0RCHIqVEEkg=,6Jm3uDiFyCp8lWw+O4NxxXbSW9Q=
44,-226,GBL9PzMtFJXHKCJD0RCHIqVEEkg=,6Jm3uDiFyCp8lWw+O4NxxXbSW9Q=
43,-226,GBL9PzMtFJXHKCJD0RCHIqVEEkg=,6Jm3uDiFyCp8lWw+O4NxxXbSW9Q=
41,-226,GBL9PzMtFJXHKCJD0RCHIqVEEkg=,6Jm3uDiFyCp8lWw+O4NxxXbSW9Q=
42,-226,GBL9PzMtFJXHKCJD0RCHIqVEEkg=,6Jm3uDiFyCp8lWw+O4NxxXbSW9Q=
46,-226,GBL9PzMtFJXHKCJD0RCHIqVEEkg=,6Jm3uDiFyCp8lWw+O4NxxXbSW9Q=
40,-226,GBL9PzMtFJXHKCJD0RCHIqVEEkg=,6Jm3uDiFyCp8lWw+O4NxxXbSW9Q=
39,-226,GBL9PzMtFJXHKCJD0RCHIqVEEkg=,6Jm3uDiFyCp8lWw+O4NxxXbSW9Q=
38,-226,GBL9PzMtFJXHKCJD0RCHIqVEEkg=,6Jm3uDiFyCp8lWw+O4NxxXbSW9Q=
37,-226,GBL9PzMtFJXHKCJD0RCHIqVEEkg=,6Jm3uDiFyCp8lWw+O4NxxXbSW9Q=
36,-226,GBL9PzMtFJXHKCJD0RCHIqVEEkg=,6Jm3uDiFyCp8lWw+O4NxxXbSW9Q=
34,-226,GBL9PzMtFJXHKCJD0RCHIqVEEkg=,6Jm3uDiFyCp8lWw+O4NxxXbSW9Q=
33,-226,GBL9PzMtFJXHKCJD0RCHIqVEEkg=,6Jm3uDiFyCp8lWw+O4NxxXbSW9Q=
32,-226,GBL9PzMtFJXHKCJD0RCHIqVEEkg=,6Jm3uDiFyCp8lWw+O4NxxXbSW9Q=
47,-225,GBL9PzMtFJXHKCJD0RCHIqVEEkg=,6Jm3uDiFyCp8lWw+O4NxxXbSW9Q=
35,-226,GBL9PzMtFJXHKCJD0RCHIqVEEkg=,6Jm3uDiFyCp8lWw+O4NxxXbSW9Q=
32,-239,GBL9PzMtFJXHKCJD0RCHIqVEEkg=,6Jm3uDiFyCp8lWw+O4NxxXbSW9Q=
47,-226,GBL9PzMtFJXHKCJD0RCHIqVEEkg=,6Jm3uDiFyCp8lWw+O4NxxXbSW9Q=
47,-240,GBL9PzMtFJXHKCJD0RCHIqVEEkg=,6Jm3uDiFyCp8lWw+O4NxxXbSW9Q=
43,-238,GBL9PzMtFJXHKCJD0RCHIqVEEkg=,6Jm3uDiFyCp8lWw+O4NxxXbSW9Q=
45,-225,GBL9PzMtFJXHKCJD0RCHIqVEEkg=,6Jm3uDiFyCp8lWw+O4NxxXbSW9Q=
44,-227,GBL9PzMtFJXHKCJD0RCHIqVEEkg=,6Jm3uDiFyCp8lWw+O4NxxXbSW9Q=
43,-227,GBL9PzMtFJXHKCJD0RCHIqVEEkg=,6Jm3uDiFyCp8lWw+O4NxxXbSW9Q=
41,-227,GBL9PzMtFJXHKCJD0RCHIqVEEkg=,6Jm3uDiFyCp8lWw+O4NxxXbSW9Q=
42,-227,GBL9PzMtFJXHKCJD0RCHIqVEEkg=,6Jm3uDiFyCp8lWw+O4NxxXbSW9Q=
40,-227,GBL9PzMtFJXHKCJD0RCHIqVEEkg=,6Jm3uDiFyCp8lWw+O4NxxXbSW9Q=
39,-227,GBL9PzMtFJXHKCJD0RCHIqVEEkg=,6Jm3uDiFyCp8lWw+O4NxxXbSW9Q=
38,-227,GBL9PzMtFJXHKCJD0RCHIqVEEkg=,6Jm3uDiFyCp8lWw+O4NxxXbSW9Q=
37,-227,GBL9PzMtFJXHKCJD0RCHIqVEEkg=,6Jm3uDiFyCp8lWw+O4NxxXbSW9Q=
36,-227,GBL9PzMtFJXHKCJD0RCHIqVEEkg=,6Jm3uDiFyCp8lWw+O4NxxXbSW9Q=
34,-227,GBL9PzMtFJXHKCJD0RCHIqVEEkg=,6Jm3uDiFyCp8lWw+O4NxxXbSW9Q=
35,-227,GBL9PzMtFJXHKCJD0RCHIqVEEkg=,6Jm3uDiFyCp8lWw+O4NxxXbSW9Q=
33,-227,GBL9PzMtFJXHKCJD0RCHIqVEEkg=,6Jm3uDiFyCp8lWw+O4NxxXbSW9Q=
46,-227,GBL9PzMtFJXHKCJD0RCHIqVEEkg=,6Jm3uDiFyCp8lWw+O4NxxXbSW9Q=
44,-228,GBL9PzMtFJXHKCJD0RCHIqVEEkg=,6Jm3uDiFyCp8lWw+O4NxxXbSW9Q=
46,-228,GBL9PzMtFJXHKCJD0RCHIqVEEkg=,6Jm3uDiFyCp8lWw+O4NxxXbSW9Q=
45,-228,GBL9PzMtFJXHKCJD0RCHIqVEEkg=,6Jm3uDiFyCp8lWw+O4NxxXbSW9Q=
33,-240,GBL9PzMtFJXHKCJD0RCHIqVEEkg=,6Jm3uDiFyCp8lWw+O4NxxXbSW9Q=
46,-240,GBL9PzMtFJXHKCJD0RCHIqVEEkg=,6Jm3uDiFyCp8lWw+O4NxxXbSW9Q=
42,-238,GBL9PzMtFJXHKCJD0RCHIqVEEkg=,6Jm3uDiFyCp8lWw+O4NxxXbSW9Q=
42,-228,GBL9PzMtFJXHKCJD0RCHIqVEEkg=,6Jm3uDiFyCp8lWw+O4NxxXbSW9Q=
41,-228,GBL9PzMtFJXHKCJD0RCHIqVEEkg=,6Jm3uDiFyCp8lWw+O4NxxXbSW9Q=
32,-227,GBL9PzMtFJXHKCJD0RCHIqVEEkg=,6Jm3uDiFyCp8lWw+O4NxxXbSW9Q=
43,-228,GBL9PzMtFJXHKCJD0RCHIqVEEkg=,6Jm3uDiFyCp8lWw+O4NxxXbSW9Q=
40,-228,GBL9PzMtFJXHKCJD0RCHIqVEEkg=,6Jm3uDiFyCp8lWw+O4NxxXbSW9Q=
39,-228,GBL9PzMtFJXHKCJD0RCHIqVEEkg=,6Jm3uDiFyCp8lWw+O4NxxXbSW9Q=
38,-228,GBL9PzMtFJXHKCJD0RCHIqVEEkg=,6Jm3uDiFyCp8lWw+O4NxxXbSW9Q=
37,-228,GBL9PzMtFJXHKCJD0RCHIqVEEkg=,6Jm3uDiFyCp8lWw+O4NxxXbSW9Q=
36,-228,GBL9PzMtFJXHKCJD0RCHIqVEEkg=,6Jm3uDiFyCp8lWw+O4NxxXbSW9Q=
35,-228,GBL9PzMtFJXHKCJD0RCHIqVEEkg=,6Jm3uDiFyCp8lWw+O4NxxXbSW9Q=
34,-228,GBL9PzMtFJXHKCJD0RCHIqVEEkg=,6Jm3uDiFyCp8lWw+O4NxxXbSW9Q=
33,-228,GBL9PzMtFJXHKCJD0RCHIqVEEkg=,6Jm3uDiFyCp8lWw+O4NxxXbSW9Q=
32,-228,GBL9PzMtFJXHKCJD0RCHIqVEEkg=,6Jm3uDiFyCp8lWw+O4NxxXbSW9Q=
45,-229,GBL9PzMtFJXHKCJD0RCHIqVEEkg=,6Jm3uDiFyCp8lWw+O4NxxXbSW9Q=
46,-229,GBL9PzMtFJXHKCJD0RCHIqVEEkg=,6Jm3uDiFyCp8lWw+O4NxxXbSW9Q=
47,-229,GBL9PzMtFJXHKCJD0RCHIqVEEkg=,6Jm3uDiFyCp8lWw+O4NxxXbSW9Q=
44,-229,GBL9PzMtFJXHKCJD0RCHIqVEEkg=,6Jm3uDiFyCp8lWw+O4NxxXbSW9Q=
43,-229,GBL9PzMtFJXHKCJD0RCHIqVEEkg=,6Jm3uDiFyCp8lWw+O4NxxXbSW9Q=
45,-240,GBL9PzMtFJXHKCJD0RCHIqVEEkg=,6Jm3uDiFyCp8lWw+O4NxxXbSW9Q=
41,-238,GBL9PzMtFJXHKCJD0RCHIqVEEkg=,6Jm3uDiFyCp8lWw+O4NxxXbSW9Q=
42,-229,GBL9PzMtFJXHKCJD0RCHIqVEEkg=,6Jm3uDiFyCp8lWw+O4NxxXbSW9Q=
40,-229,GBL9PzMtFJXHKCJD0RCHIqVEEkg=,6Jm3uDiFyCp8lWw+O4NxxXbSW9Q=
41,-229,GBL9PzMtFJXHKCJD0RCHIqVEEkg=,6Jm3uDiFyCp8lWw+O4NxxXbSW9Q=
39,-229,GBL9PzMtFJXHKCJD0RCHIqVEEkg=,6Jm3uDiFyCp8lWw+O4NxxXbSW9Q=
38,-229,GBL9PzMtFJXHKCJD0RCHIqVEEkg=,6Jm3uDiFyCp8lWw+O4NxxXbSW9Q=
45,-226,GBL9PzMtFJXHKCJD0RCHIqVEEkg=,6Jm3uDiFyCp8lWw+O4NxxXbSW9Q=
37,-229,GBL9PzMtFJXHKCJD0RCHIqVEEkg=,6Jm3uDiFyCp8lWw+O4NxxXbSW9Q=
35,-229,GBL9PzMtFJXHKCJD0RCHIqVEEkg=,6Jm3uDiFyCp8lWw+O4NxxXbSW9Q=
36,-229,GBL9PzMtFJXHKCJD0RCHIqVEEkg=,6Jm3uDiFyCp8lWw+O4NxxXbSW9Q=
34,-229,GBL9PzMtFJXHKCJD0RCHIqVEEkg=,6Jm3uDiFyCp8lWw+O4NxxXbSW9Q=
33,-229,GBL9PzMtFJXHKCJD0RCHIqVEEkg=,6Jm3uDiFyCp8lWw+O4NxxXbSW9Q=
32,-229,GBL9PzMtFJXHKCJD0RCHIqVEEkg=,6Jm3uDiFyCp8lWw+O4NxxXbSW9Q=
47,-230,GBL9PzMtFJXHKCJD0RCHIqVEEkg=,6Jm3uDiFyCp8lWw+O4NxxXbSW9Q=
46,-230,GBL9PzMtFJXHKCJD0RCHIqVEEkg=,6Jm3uDiFyCp8lWw+O4NxxXbSW9Q=
44,-230,GBL9PzMtFJXHKCJD0RCHIqVEEkg=,6Jm3uDiFyCp8lWw+O4NxxXbSW9Q=
45,-230,GBL9PzMtFJXHKCJD0RCHIqVEEkg=,6Jm3uDiFyCp8lWw+O4NxxXbSW9Q=
43,-230,GBL9PzMtFJXHKCJD0RCHIqVEEkg=,6Jm3uDiFyCp8lWw+O4NxxXbSW9Q=
44,-240,GBL9PzMtFJXHKCJD0RCHIqVEEkg=,6Jm3uDiFyCp8lWw+O4NxxXbSW9Q=
42,-230,GBL9PzMtFJXHKCJD0RCHIqVEEkg=,6Jm3uDiFyCp8lWw+O4NxxXbSW9Q=
40,-238,GBL9PzMtFJXHKCJD0RCHIqVEEkg=,6Jm3uDiFyCp8lWw+O4NxxXbSW9Q=
41,-230,GBL9PzMtFJXHKCJD0RCHIqVEEkg=,6Jm3uDiFyCp8lWw+O4NxxXbSW9Q=
40,-230,GBL9PzMtFJXHKCJD0RCHIqVEEkg=,6Jm3uDiFyCp8lWw+O4NxxXbSW9Q=
37,-230,GBL9PzMtFJXHKCJD0RCHIqVEEkg=,6Jm3uDiFyCp8lWw+O4NxxXbSW9Q=
38,-230,GBL9PzMtFJXHKCJD0RCHIqVEEkg=,6Jm3uDiFyCp8lWw+O4NxxXbSW9Q=
39,-230,GBL9PzMtFJXHKCJD0RCHIqVEEkg=,6Jm3uDiFyCp8lWw+O4NxxXbSW9Q=
35,-230,GBL9PzMtFJXHKCJD0RCHIqVEEkg=,6Jm3uDiFyCp8lWw+O4NxxXbSW9Q=
36,-230,GBL9PzMtFJXHKCJD0RCHIqVEEkg=,6Jm3uDiFyCp8lWw+O4NxxXbSW9Q=
34,-230,GBL9PzMtFJXHKCJD0RCHIqVEEkg=,6Jm3uDiFyCp8lWw+O4NxxXbSW9Q=
32,-230,GBL9PzMtFJXHKCJD0RCHIqVEEkg=,6Jm3uDiFyCp8lWw+O4NxxXbSW9Q=
33,-230,GBL9PzMtFJXHKCJD0RCHIqVEEkg=,6Jm3uDiFyCp8lWw+O4NxxXbSW9Q=
47,-231,GBL9PzMtFJXHKCJD0RCHIqVEEkg=,6Jm3uDiFyCp8lWw+O4NxxXbSW9Q=
46,-231,GBL9PzMtFJXHKCJD0RCHIqVEEkg=,6Jm3uDiFyCp8lWw+O4NxxXbSW9Q=
45,-231,GBL9PzMtFJXHKCJD0RCHIqVEEkg=,6Jm3uDiFyCp8lWw+O4NxxXbSW9Q=
44,-231,GBL9PzMtFJXHKCJD0RCHIqVEEkg=,6Jm3uDiFyCp8lWw+O4NxxXbSW9Q=
43,-231,GBL9PzMtFJXHKCJD0RCHIqVEEkg=,6Jm3uDiFyCp8lWw+O4NxxXbSW9Q=
42,-231,GBL9PzMtFJXHKCJD0RCHIqVEEkg=,6Jm3uDiFyCp8lWw+O4NxxXbSW9Q=
43,-240,GBL9PzMtFJXHKCJD0RCHIqVEEkg=,6Jm3uDiFyCp8lWw+O4NxxXbSW9Q=
41,-231,GBL9PzMtFJXHKCJD0RCHIqVEEkg=,6Jm3uDiFyCp8lWw+O4NxxXbSW9Q=
39,-238,GBL9PzMtFJXHKCJD0RCHIqVEEkg=,6Jm3uDiFyCp8lWw+O4NxxXbSW9Q=
40,-231,GBL9PzMtFJXHKCJD0RCHIqVEEkg=,6Jm3uDiFyCp8lWw+O4NxxXbSW9Q=
39,-231,GBL9PzMtFJXHKCJD0RCHIqVEEkg=,6Jm3uDiFyCp8lWw+O4NxxXbSW9Q=
38,-231,GBL9PzMtFJXHKCJD0RCHIqVEEkg=,6Jm3uDiFyCp8lWw+O4NxxXbSW9Q=
37,-231,GBL9PzMtFJXHKCJD0RCHIqVEEkg=,6Jm3uDiFyCp8lWw+O4NxxXbSW9Q=
36,-231,GBL9PzMtFJXHKCJD0RCHIqVEEkg=,6Jm3uDiFyCp8lWw+O4NxxXbSW9Q=
35,-231,GBL9PzMtFJXHKCJD0RCHIqVEEkg=,6Jm3uDiFyCp8lWw+O4NxxXbSW9Q=
34,-231,GBL9PzMtFJXHKCJD0RCHIqVEEkg=,6Jm3uDiFyCp8lWw+O4NxxXbSW9Q=
33,-231,GBL9PzMtFJXHKCJD0RCHIqVEEkg=,6Jm3uDiFyCp8lWw+O4NxxXbSW9Q=
32,-231,GBL9PzMtFJXHKCJD0RCHIqVEEkg=,6Jm3uDiFyCp8lWw+O4NxxXbSW9Q=
47,-232,GBL9PzMtFJXHKCJD0RCHIqVEEkg=,6Jm3uDiFyCp8lWw+O4NxxXbSW9Q=
46,-232,GBL9PzMtFJXHKCJD0RCHIqVEEkg=,6Jm3uDiFyCp8lWw+O4NxxXbSW9Q=
47,-228,GBL9PzMtFJXHKCJD0RCHIqVEEkg=,6Jm3uDiFyCp8lWw+O4NxxXbSW9Q=
45,-232,GBL9PzMtFJXHKCJD0RCHIqVEEkg=,6Jm3uDiFyCp8lWw+O4NxxXbSW9Q=
44,-232,GBL9PzMtFJXHKCJD0RCHIqVEEkg=,6Jm3uDiFyCp8lWw+O4NxxXbSW9Q=
43,-232,GBL9PzMtFJXHKCJD0RCHIqVEEkg=,6Jm3uDiFyCp8lWw+O4NxxXbSW9Q=
42,-232,GBL9PzMtFJXHKCJD0RCHIqVEEkg=,6Jm3uDiFyCp8lWw+O4NxxXbSW9Q=
41,-232,GBL9PzMtFJXHKCJD0RCHIqVEEkg=,6Jm3uDiFyCp8lWw+O4NxxXbSW9Q=
47,-227,GBL9PzMtFJXHKCJD0RCHIqVEEkg=,6Jm3uDiFyCp8lWw+O4NxxXbSW9Q=
38,-238,GBL9PzMtFJXHKCJD0RCHIqVEEkg=,6Jm3uDiFyCp8lWw+O4NxxXbSW9Q=
40,-232,GBL9PzMtFJXHKCJD0RCHIqVEEkg=,6Jm3uDiFyCp8lWw+O4NxxXbSW9Q=
42,-240,GBL9PzMtFJXHKCJD0RCHIqVEEkg=,6Jm3uDiFyCp8lWw+O4NxxXbSW9Q=
39,-232,GBL9PzMtFJXHKCJD0RCHIqVEEkg=,6Jm3uDiFyCp8lWw+O4NxxXbSW9Q=
36,-232,GBL9PzMtFJXHKCJD0RCHIqVEEkg=,6Jm3uDiFyCp8lWw+O4NxxXbSW9Q=
38,-232,GBL9PzMtFJXHKCJD0RCHIqVEEkg=,6Jm3uDiFyCp8lWw+O4NxxXbSW9Q=
37,-232,GBL9PzMtFJXHKCJD0RCHIqVEEkg=,6Jm3uDiFyCp8lWw+O4NxxXbSW9Q=
35,-232,GBL9PzMtFJXHKCJD0RCHIqVEEkg=,6Jm3uDiFyCp8lWw+O4NxxXbSW9Q=
34,-232,GBL9PzMtFJXHKCJD0RCHIqVEEkg=,6Jm3uDiFyCp8lWw+O4NxxXbSW9Q=
33,-232,GBL9PzMtFJXHKCJD0RCHIqVEEkg=,6Jm3uDiFyCp8lWw+O4NxxXbSW9Q=
32,-232,GBL9PzMtFJXHKCJD0RCHIqVEEkg=,6Jm3uDiFyCp8lWw+O4NxxXbSW9Q=
47,-233,GBL9PzMtFJXHKCJD0RCHIqVEEkg=,6Jm3uDiFyCp8lWw+O4NxxXbSW9Q=
45,-233,GBL9PzMtFJXHKCJD0RCHIqVEEkg=,6Jm3uDiFyCp8lWw+O4NxxXbSW9Q=
46,-233,GBL9PzMtFJXHKCJD0RCHIqVEEkg=,6Jm3uDiFyCp8lWw+O4NxxXbSW9Q=
43,-233,GBL9PzMtFJXHKCJD0RCHIqVEEkg=,6Jm3uDiFyCp8lWw+O4NxxXbSW9Q=
44,-233,GBL9PzMtFJXHKCJD0RCHIqVEEkg=,6Jm3uDiFyCp8lWw+O4NxxXbSW9Q=
42,-233,GBL9PzMtFJXHKCJD0RCHIqVEEkg=,6Jm3uDiFyCp8lWw+O4NxxXbSW9Q=
40,-233,GBL9PzMtFJXHKCJD0RCHIqVEEkg=,6Jm3uDiFyCp8lWw+O4NxxXbSW9Q=
41,-233,GBL9PzMtFJXHKCJD0RCHIqVEEkg=,6Jm3uDiFyCp8lWw+O4NxxXbSW9Q=
37,-238,GBL9PzMtFJXHKCJD0RCHIqVEEkg=,6Jm3uDiFyCp8lWw+O4NxxXbSW9Q=
38,-233,GBL9PzMtFJXHKCJD0RCHIqVEEkg=,6Jm3uDiFyCp8lWw+O4NxxXbSW9Q=
41,-240,GBL9PzMtFJXHKCJD0RCHIqVEEkg=,6Jm3uDiFyCp8lWw+O4NxxXbSW9Q=
39,-233,GBL9PzMtFJXHKCJD0RCHIqVEEkg=,6Jm3uDiFyCp8lWw+O4NxxXbSW9Q=
36,-233,GBL9PzMtFJXHKCJD0RCHIqVEEkg=,6Jm3uDiFyCp8lWw+O4NxxXbSW9Q=
37,-233,GBL9PzMtFJXHKCJD0RCHIqVEEkg=,6Jm3uDiFyCp8lWw+O4NxxXbSW9Q=
35,-233,GBL9PzMtFJXHKCJD0RCHIqVEEkg=,6Jm3uDiFyCp8lWw+O4NxxXbSW9Q=
33,-233,GBL9PzMtFJXHKCJD0RCHIqVEEkg=,6Jm3uDiFyCp8lWw+O4NxxXbSW9Q=
34,-233,GBL9PzMtFJXHKCJD0RCHIqVEEkg=,6Jm3uDiFyCp8lWw+O4NxxXbSW9Q=
46,-234,GBL9PzMtFJXHKCJD0RCHIqVEEkg=,6Jm3uDiFyCp8lWw+O4NxxXbSW9Q=
32,-233,GBL9PzMtFJXHKCJD0RCHIqVEEkg=,6Jm3uDiFyCp8lWw+O4NxxXbSW9Q=
47,-234,GBL9PzMtFJXHKCJD0RCHIqVEEkg=,6Jm3uDiFyCp8lWw+O4NxxXbSW9Q=
45,-234,GBL9PzMtFJXHKCJD0RCHIqVEEkg=,6Jm3uDiFyCp8lWw+O4NxxXbSW9Q=
44,-234,GBL9PzMtFJXHKCJD0RCHIqVEEkg=,6Jm3uDiFyCp8lWw+O4NxxXbSW9Q=
43,-234,GBL9PzMtFJXHKCJD0RCHIqVEEkg=,6Jm3uDiFyCp8lWw+O4NxxXbSW9Q=
41,-234,GBL9PzMtFJXHKCJD0RCHIqVEEkg=,6Jm3uDiFyCp8lWw+O4NxxXbSW9Q=
42,-234,GBL9PzMtFJXHKCJD0RCHIqVEEkg=,6Jm3uDiFyCp8lWw+O4NxxXbSW9Q=
39,-234,GBL9PzMtFJXHKCJD0RCHIqVEEkg=,6Jm3uDiFyCp8lWw+O4NxxXbSW9Q=
40,-240,GBL9PzMtFJXHKCJD0RCHIqVEEkg=,6Jm3uDiFyCp8lWw+O4NxxXbSW9Q=
40,-234,GBL9PzMtFJXHKCJD0RCHIqVEEkg=,6Jm3uDiFyCp8lWw+O4NxxXbSW9Q=
38,-234,GBL9PzMtFJXHKCJD0RCHIqVEEkg=,6Jm3uDiFyCp8lWw+O4NxxXbSW9Q=
36,-234,GBL9PzMtFJXHKCJD0RCHIqVEEkg=,6Jm3uDiFyCp8lWw+O4NxxXbSW9Q=
35,-234,GBL9PzMtFJXHKCJD0RCHIqVEEkg=,6Jm3uDiFyCp8lWw+O4NxxXbSW9Q=
36,-238,GBL9PzMtFJXHKCJD0RCHIqVEEkg=,6Jm3uDiFyCp8lWw+O4NxxXbSW9Q=
33,-234,GBL9PzMtFJXHKCJD0RCHIqVEEkg=,6Jm3uDiFyCp8lWw+O4NxxXbSW9Q=
34,-234,GBL9PzMtFJXHKCJD0RCHIqVEEkg=,6Jm3uDiFyCp8lWw+O4NxxXbSW9Q=
47,-235,GBL9PzMtFJXHKCJD0RCHIqVEEkg=,6Jm3uDiFyCp8lWw+O4NxxXbSW9Q=
46,-235,GBL9PzMtFJXHKCJD0RCHIqVEEkg=,6Jm3uDiFyCp8lWw+O4NxxXbSW9Q=
32,-234,GBL9PzMtFJXHKCJD0RCHIqVEEkg=,6Jm3uDiFyCp8lWw+O4NxxXbSW9Q=
44,-235,GBL9PzMtFJXHKCJD0RCHIqVEEkg=,6Jm3uDiFyCp8lWw+O4NxxXbSW9Q=
45,-235,GBL9PzMtFJXHKCJD0RCHIqVEEkg=,6Jm3uDiFyCp8lWw+O4NxxXbSW9Q=
37,-234,GBL9PzMtFJXHKCJD0RCHIqVEEkg=,6Jm3uDiFyCp8lWw+O4NxxXbSW9Q=
43,-235,GBL9PzMtFJXHKCJD0RCHIqVEEkg=,6Jm3uDiFyCp8lWw+O4NxxXbSW9Q=
42,-235,GBL9PzMtFJXHKCJD0RCHIqVEEkg=,6Jm3uDiFyCp8lWw+O4NxxXbSW9Q=
40,-235,GBL9PzMtFJXHKCJD0RCHIqVEEkg=,6Jm3uDiFyCp8lWw+O4NxxXbSW9Q=
41,-235,GBL9PzMtFJXHKCJD0RCHIqVEEkg=,6Jm3uDiFyCp8lWw+O4NxxXbSW9Q=
38,-235,GBL9PzMtFJXHKCJD0RCHIqVEEkg=,6Jm3uDiFyCp8lWw+O4NxxXbSW9Q=
39,-240,GBL9PzMtFJXHKCJD0RCHIqVEEkg=,6Jm3uDiFyCp8lWw+O4NxxXbSW9Q=
37,-235,GBL9PzMtFJXHKCJD0RCHIqVEEkg=,6Jm3uDiFyCp8lWw+O4NxxXbSW9Q=
36,-235,GBL9PzMtFJXHKCJD0RCHIqVEEkg=,6Jm3uDiFyCp8lWw+O4NxxXbSW9Q=
39,-235,GBL9PzMtFJXHKCJD0RCHIqVEEkg=,6Jm3uDiFyCp8lWw+O4NxxXbSW9Q=
35,-235,GBL9PzMtFJXHKCJD0RCHIqVEEkg=,6Jm3uDiFyCp8lWw+O4NxxXbSW9Q=
33,-235,GBL9PzMtFJXHKCJD0RCHIqVEEkg=,6Jm3uDiFyCp8lWw+O4NxxXbSW9Q=
34,-235,GBL9PzMtFJXHKCJD0RCHIqVEEkg=,6Jm3uDiFyCp8lWw+O4NxxXbSW9Q=
32,-235,GBL9PzMtFJXHKCJD0RCHIqVEEkg=,6Jm3uDiFyCp8lWw+O4NxxXbSW9Q=
35,-238,GBL9PzMtFJXHKCJD0RCHIqVEEkg=,6Jm3uDiFyCp8lWw+O4NxxXbSW9Q=
38,-240,GBL9PzMtFJXHKCJD0RCHIqVEEkg=,6Jm3uDiFyCp8lWw+O4NxxXbSW9Q=
46,-236,GBL9PzMtFJXHKCJD0RCHIqVEEkg=,6Jm3uDiFyCp8lWw+O4NxxXbSW9Q=
47,-236,GBL9PzMtFJXHKCJD0RCHIqVEEkg=,6Jm3uDiFyCp8lWw+O4NxxXbSW9Q=
45,-236,GBL9PzMtFJXHKCJD0RCHIqVEEkg=,6Jm3uDiFyCp8lWw+O4NxxXbSW9Q=
44,-236,GBL9PzMtFJXHKCJD0RCHIqVEEkg=,6Jm3uDiFyCp8lWw+O4NxxXbSW9Q=
42,-236,GBL9PzMtFJXHKCJD0RCHIqVEEkg=,6Jm3uDiFyCp8lWw+O4NxxXbSW9Q=
43,-236,GBL9PzMtFJXHKCJD0RCHIqVEEkg=,6Jm3uDiFyCp8lWw+O4NxxXbSW9Q=
41,-236,GBL9PzMtFJXHKCJD0RCHIqVEEkg=,6Jm3uDiFyCp8lWw+O4NxxXbSW9Q=
40,-236,GBL9PzMtFJXHKCJD0RCHIqVEEkg=,6Jm3uDiFyCp8lWw+O4NxxXbSW9Q=
38,-236,GBL9PzMtFJXHKCJD0RCHIqVEEkg=,6Jm3uDiFyCp8lWw+O4NxxXbSW9Q=
36,-236,GBL9PzMtFJXHKCJD0RCHIqVEEkg=,6Jm3uDiFyCp8lWw+O4NxxXbSW9Q=
37,-240,GBL9PzMtFJXHKCJD0RCHIqVEEkg=,6Jm3uDiFyCp8lWw+O4NxxXbSW9Q=
37,-236,GBL9PzMtFJXHKCJD0RCHIqVEEkg=,6Jm3uDiFyCp8lWw+O4NxxXbSW9Q=
39,-236,GBL9PzMtFJXHKCJD0RCHIqVEEkg=,6Jm3uDiFyCp8lWw+O4NxxXbSW9Q=
35,-236,GBL9PzMtFJXHKCJD0RCHIqVEEkg=,6Jm3uDiFyCp8lWw+O4NxxXbSW9Q=
34,-236,GBL9PzMtFJXHKCJD0RCHIqVEEkg=,6Jm3uDiFyCp8lWw+O4NxxXbSW9Q=
33,-236,GBL9PzMtFJXHKCJD0RCHIqVEEkg=,6Jm3uDiFyCp8lWw+O4NxxXbSW9Q=
32,-240,GBL9PzMtFJXHKCJD0RCHIqVEEkg=,6Jm3uDiFyCp8lWw+O4NxxXbSW9Q=
32,-236,GBL9PzMtFJXHKCJD0RCHIqVEEkg=,6Jm3uDiFyCp8lWw+O4NxxXbSW9Q=
34,-238,GBL9PzMtFJXHKCJD0RCHIqVEEkg=,6Jm3uDiFyCp8lWw+O4NxxXbSW9Q=
33,-238,GBL9PzMtFJXHKCJD0RCHIqVEEkg=,6Jm3uDiFyCp8lWw+O4NxxXbSW9Q=
46,-237,GBL9PzMtFJXHKCJD0RCHIqVEEkg=,6Jm3uDiFyCp8lWw+O4NxxXbSW9Q=
47,-237,GBL9PzMtFJXHKCJD0RCHIqVEEkg=,6Jm3uDiFyCp8lWw+O4NxxXbSW9Q=
44,-237,GBL9PzMtFJXHKCJD0RCHIqVEEkg=,6Jm3uDiFyCp8lWw+O4NxxXbSW9Q=
41,-237,GBL9PzMtFJXHKCJD0RCHIqVEEkg=,6Jm3uDiFyCp8lWw+O4NxxXbSW9Q=
43,-237,GBL9PzMtFJXHKCJD0RCHIqVEEkg=,6Jm3uDiFyCp8lWw+O4NxxXbSW9Q=
40,-237,GBL9PzMtFJXHKCJD0RCHIqVEEkg=,6Jm3uDiFyCp8lWw+O4NxxXbSW9Q=
45,-237,GBL9PzMtFJXHKCJD0RCHIqVEEkg=,6Jm3uDiFyCp8lWw+O4NxxXbSW9Q=
38,-237,GBL9PzMtFJXHKCJD0RCHIqVEEkg=,6Jm3uDiFyCp8lWw+O4NxxXbSW9Q=
39,-237,GBL9PzMtFJXHKCJD0RCHIqVEEkg=,6Jm3uDiFyCp8lWw+O4NxxXbSW9Q=
36,-240,GBL9PzMtFJXHKCJD0RCHIqVEEkg=,6Jm3uDiFyCp8lWw+O4NxxXbSW9Q=
42,-237,GBL9PzMtFJXHKCJD0RCHIqVEEkg=,6Jm3uDiFyCp8lWw+O4NxxXbSW9Q=
32,-238,GBL9PzMtFJXHKCJD0RCHIqVEEkg=,6Jm3uDiFyCp8lWw+O4NxxXbSW9Q=
37,-237,GBL9PzMtFJXHKCJD0RCHIqVEEkg=,6Jm3uDiFyCp8lWw+O4NxxXbSW9Q=
36,-237,GBL9PzMtFJXHKCJD0RCHIqVEEkg=,6Jm3uDiFyCp8lWw+O4NxxXbSW9Q=
34,-237,GBL9PzMtFJXHKCJD0RCHIqVEEkg=,6Jm3uDiFyCp8lWw+O4NxxXbSW9Q=
32,-237,GBL9PzMtFJXHKCJD0RCHIqVEEkg=,6Jm3uDiFyCp8lWw+O4NxxXbSW9Q=
35,-237,GBL9PzMtFJXHKCJD0RCHIqVEEkg=,6Jm3uDiFyCp8lWw+O4NxxXbSW9Q=
33,-237,GBL9PzMtFJXHKCJD0RCHIqVEEkg=,6Jm3uDiFyCp8lWw+O4NxxXbSW9Q=
47,-238,GBL9PzMtFJXHKCJD0RCHIqVEEkg=,6Jm3uDiFyCp8lWw+O4NxxXbSW9Q=
45,-227,GBL9PzMtFJXHKCJD0RCHIqVEEkg=,6Jm3uDiFyCp8lWw+O4NxxXbSW9Q=
