79,47,kNomMM5C2KOeQMq/RP5y3ViF26g=,6k8NhZmXyYpjIUNgJJS+yxu1/lI=
78,34,kNomMM5C2KOeQMq/RP5y3ViF26g=,6k8NhZmXyYpjIUNgJJS+yxu1/lI=
79,34,kNomMM5C2KOeQMq/RP5y3ViF26g=,6k8NhZmXyYpjIUNgJJS+yxu1/lI=
64,35,kNomMM5C2KOeQMq/RP5y3ViF26g=,6k8NhZmXyYpjIUNgJJS+yxu1/lI=
77,34,kNomMM5C2KOeQMq/RP5y3ViF26g=,6k8NhZmXyYpjIUNgJJS+yxu1/lI=
78,47,kNomMM5C2KOeQMq/RP5y3ViF26g=,6k8NhZmXyYpjIUNgJJS+yxu1/lI=
67,32,kNomMM5C2KOeQMq/RP5y3ViF26g=,6k8NhZmXyYpjIUNgJJS+yxu1/lI=
77,47,kNomMM5C2KOeQMq/RP5y3ViF26g=,6k8NhZmXyYpjIUNgJJS+yxu1/lI=
76,47,kNomMM5C2KOeQMq/RP5y3ViF26g=,6k8NhZmXyYpjIUNgJJS+yxu1/lI=
73,47,kNomMM5C2KOeQMq/RP5y3ViF26g=,6k8NhZmXyYpjIUNgJJS+yxu1/lI=
74,47,kNomMM5C2KOeQMq/RP5y3ViF26g=,6k8NhZmXyYpjIUNgJJS+yxu1/lI=
75,47,kNomMM5C2KOeQMq/RP5y3ViF26g=,6k8NhZmXyYpjIUNgJJS+yxu1/lI=
70,47,kNomMM5C2KOeQMq/RP5y3ViF26g=,6k8NhZmXyYpjIUNgJJS+yxu1/lI=
69,47,kNomMM5C2KOeQMq/RP5y3ViF26g=,6k8NhZmXyYpjIUNgJJS+yxu1/lI=
68,47,kNomMM5C2KOeQMq/RP5y3ViF26g=,6k8NhZmXyYpjIUNgJJS+yxu1/lI=
67,47,kNomMM5C2KOeQMq/RP5y3ViF26g=,6k8NhZmXyYpjIUNgJJS+yxu1/lI=
71,47,kNomMM5C2KOeQMq/RP5y3ViF26g=,6k8NhZmXyYpjIUNgJJS+yxu1/lI=
65,47,kNomMM5C2KOeQMq/RP5y3ViF26g=,6k8NhZmXyYpjIUNgJJS+yxu1/lI=
79,33,kNomMM5C2KOeQMq/RP5y3ViF26g=,6k8NhZmXyYpjIUNgJJS+yxu1/lI=
65,33,kNomMM5C2KOeQMq/RP5y3ViF26g=,6k8NhZmXyYpjIUNgJJS+yxu1/lI=
77,33,kNomMM5C2KOeQMq/RP5y3ViF26g=,6k8NhZmXyYpjIUNgJJS+yxu1/lI=
75,33,kNomMM5C2KOeQMq/RP5y3ViF26g=,6k8NhZmXyYpjIUNgJJS+yxu1/lI=
76,33,kNomMM5C2KOeQMq/RP5y3ViF26g=,6k8NhZmXyYpjIUNgJJS+yxu1/lI=
74,33,kNomMM5C2KOeQMq/RP5y3ViF26g=,6k8NhZmXyYpjIUNgJJS+yxu1/lI=
73,33,kNomMM5C2KOeQMq/RP5y3ViF26g=,6k8NhZmXyYpjIUNgJJS+yxu1/lI=
78,33,kNomMM5C2KOeQMq/RP5y3ViF26g=,6k8NhZmXyYpjIUNgJJS+yxu1/lI=
72,33,kNomMM5C2KOeQMq/RP5y3ViF26g=,6k8NhZmXyYpjIUNgJJS+yxu1/lI=
71,33,kNomMM5C2KOeQMq/RP5y3ViF26g=,6k8NhZmXyYpjIUNgJJS+yxu1/lI=
70,33,kNomMM5C2KOeQMq/RP5y3ViF26g=,6k8NhZmXyYpjIUNgJJS+yxu1/lI=
66,47,kNomMM5C2KOeQMq/RP5y3ViF26g=,6k8NhZmXyYpjIUNgJJS+yxu1/lI=
69,33,kNomMM5C2KOeQMq/RP5y3ViF26g=,6k8NhZmXyYpjIUNgJJS+yxu1/lI=
68,33,kNomMM5C2KOeQMq/RP5y3ViF26g=,6k8NhZmXyYpjIUNgJJS+yxu1/lI=
64,47,kNomMM5C2KOeQMq/RP5y3ViF26g=,6k8NhZmXyYpjIUNgJJS+yxu1/lI=
67,33,kNomMM5C2KOeQMq/RP5y3ViF26g=,6k8NhZmXyYpjIUNgJJS+yxu1/lI=
79,46,kNomMM5C2KOeQMq/RP5y3ViF26g=,6k8NhZmXyYpjIUNgJJS+yxu1/lI=
66,33,kNomMM5C2KOeQMq/RP5y3ViF26g=,6k8NhZmXyYpjIUNgJJS+yxu1/lI=
78,46,kNomMM5C2KOeQMq/RP5y3ViF26g=,6k8NhZmXyYpjIUNgJJS+yxu1/lI=
76,34,kNomMM5C2KOeQMq/RP5y3ViF26g=,6k8NhZmXyYpjIUNgJJS+yxu1/lI=
66,32,kNomMM5C2KOeQMq/RP5y3ViF26g=,6k8NhZmXyYpjIUNgJJS+yxu1/lI=
77,46,kNomMM5C2KOeQMq/RP5y3ViF26g=,6k8NhZmXyYpjIUNgJJS+yxu1/lI=
76,46,kNomMM5C2KOeQMq/RP5y3ViF26g=,6k8NhZmXyYpjIUNgJJS+yxu1/lI=
75,46,kNomMM5C2KOeQMq/RP5y3ViF26g=,6k8NhZmXyYpjIUNgJJS+yxu1/lI=
74,46,kNomMM5C2KOeQMq/RP5y3ViF26g=,6k8NhZmXyYpjIUNgJJS+yxu1/lI=
73,46,kNomMM5C2KOeQMq/RP5y3ViF26g=,6k8NhZmXyYpjIUNgJJS+yxu1/lI=
72,46,kNomMM5C2KOeQMq/RP5y3ViF26g=,6k8NhZmXyYpjIUNgJJS+yxu1/lI=
71,46,kNomMM5C2KOeQMq/RP5y3ViF26g=,6k8NhZmXyYpjIUNgJJS+yxu1/lI=
70,46,kNomMM5C2KOeQMq/RP5y3ViF26g=,6k8NhZmXyYpjIUNgJJS+yxu1/lI=
69,46,kNomMM5C2KOeQMq/RP5y3ViF26g=,6k8NhZmXyYpjIUNgJJS+yxu1/lI=
67,46,kNomMM5C2KOeQMq/RP5y3ViF26g=,6k8NhZmXyYpjIUNgJJS+yxu1/lI=
68,46,kNomMM5C2KOeQMq/RP5y3ViF26g=,6k8NhZmXyYpjIUNgJJS+yxu1/lI=
66,46,kNomMM5C2KOeQMq/RP5y3ViF26g=,6k8NhZmXyYpjIUNgJJS+yxu1/lI=
64,46,kNomMM5C2KOeQMq/RP5y3ViF26g=,6k8NhZmXyYpjIUNgJJS+yxu1/lI=
79,45,kNomMM5C2KOeQMq/RP5y3ViF26g=,6k8NhZmXyYpjIUNgJJS+yxu1/lI=
64,33,kNomMM5C2KOeQMq/RP5y3ViF26g=,6k8NhZmXyYpjIUNgJJS+yxu1/lI=
78,45,kNomMM5C2KOeQMq/RP5y3ViF26g=,6k8NhZmXyYpjIUNgJJS+yxu1/lI=
79,32,kNomMM5C2KOeQMq/RP5y3ViF26g=,6k8NhZmXyYpjIUNgJJS+yxu1/lI=
77,45,kNomMM5C2KOeQMq/RP5y3ViF26g=,6k8NhZmXyYpjIUNgJJS+yxu1/lI=
75,34,kNomMM5C2KOeQMq/RP5y3ViF26g=,6k8NhZmXyYpjIUNgJJS+yxu1/lI=
76,45,kNomMM5C2KOeQMq/RP5y3ViF26g=,6k8NhZmXyYpjIUNgJJS+yxu1/lI=
75,45,kNomMM5C2KOeQMq/RP5y3ViF26g=,6k8NhZmXyYpjIUNgJJS+yxu1/lI=
65,46,kNomMM5C2KOeQMq/RP5y3ViF26g=,6k8NhZmXyYpjIUNgJJS+yxu1/lI=
74,45,kNomMM5C2KOeQMq/RP5y3ViF26g=,6k8NhZmXyYpjIUNgJJS+yxu1/lI=
73,45,kNomMM5C2KOeQMq/RP5y3ViF26g=,6k8NhZmXyYpjIUNgJJS+yxu1/lI=
72,45,kNomMM5C2KOeQMq/RP5y3ViF26g=,6k8NhZmXyYpjIUNgJJS+yxu1/lI=
71,45,kNomMM5C2KOeQMq/RP5y3ViF26g=,6k8NhZmXyYpjIUNgJJS+yxu1/lI=
70,45,kNomMM5C2KOeQMq/RP5y3ViF26g=,6k8NhZmXyYpjIUNgJJS+yxu1/lI=
69,45,kNomMM5C2KOeQMq/RP5y3ViF26g=,6k8NhZmXyYpjIUNgJJS+yxu1/lI=
67,45,kNomMM5C2KOeQMq/RP5y3ViF26g=,6k8NhZmXyYpjIUNgJJS+yxu1/lI=
68,45,kNomMM5C2KOeQMq/RP5y3ViF26g=,6k8NhZmXyYpjIUNgJJS+yxu1/lI=
65,45,kNomMM5C2KOeQMq/RP5y3ViF26g=,6k8NhZmXyYpjIUNgJJS+yxu1/lI=
66,45,kNomMM5C2KOeQMq/RP5y3ViF26g=,6k8NhZmXyYpjIUNgJJS+yxu1/lI=
65,32,kNomMM5C2KOeQMq/RP5y3ViF26g=,6k8NhZmXyYpjIUNgJJS+yxu1/lI=
64,45,kNomMM5C2KOeQMq/RP5y3ViF26g=,6k8NhZmXyYpjIUNgJJS+yxu1/lI=
79,44,kNomMM5C2KOeQMq/RP5y3ViF26g=,6k8NhZmXyYpjIUNgJJS+yxu1/lI=
77,44,kNomMM5C2KOeQMq/RP5y3ViF26g=,6k8NhZmXyYpjIUNgJJS+yxu1/lI=
76,44,kNomMM5C2KOeQMq/RP5y3ViF26g=,6k8NhZmXyYpjIUNgJJS+yxu1/lI=
74,34,kNomMM5C2KOeQMq/RP5y3ViF26g=,6k8NhZmXyYpjIUNgJJS+yxu1/lI=
78,44,kNomMM5C2KOeQMq/RP5y3ViF26g=,6k8NhZmXyYpjIUNgJJS+yxu1/lI=
78,32,kNomMM5C2KOeQMq/RP5y3ViF26g=,6k8NhZmXyYpjIUNgJJS+yxu1/lI=
75,44,kNomMM5C2KOeQMq/RP5y3ViF26g=,6k8NhZmXyYpjIUNgJJS+yxu1/lI=
74,44,kNomMM5C2KOeQMq/RP5y3ViF26g=,6k8NhZmXyYpjIUNgJJS+yxu1/lI=
73,44,kNomMM5C2KOeQMq/RP5y3ViF26g=,6k8NhZmXyYpjIUNgJJS+yxu1/lI=
72,44,kNomMM5C2KOeQMq/RP5y3ViF26g=,6k8NhZmXyYpjIUNgJJS+yxu1/lI=
71,44,kNomMM5C2KOeQMq/RP5y3ViF26g=,6k8NhZmXyYpjIUNgJJS+yxu1/lI=
70,44,kNomMM5C2KOeQMq/RP5y3ViF26g=,6k8NhZmXyYpjIUNgJJS+yxu1/lI=
68,44,kNomMM5C2KOeQMq/RP5y3ViF26g=,6k8NhZmXyYpjIUNgJJS+yxu1/lI=
69,44,kNomMM5C2KOeQMq/RP5y3ViF26g=,6k8NhZmXyYpjIUNgJJS+yxu1/lI=
66,44,kNomMM5C2KOeQMq/RP5y3ViF26g=,6k8NhZmXyYpjIUNgJJS+yxu1/lI=
67,44,kNomMM5C2KOeQMq/RP5y3ViF26g=,6k8NhZmXyYpjIUNgJJS+yxu1/lI=
65,44,kNomMM5C2KOeQMq/RP5y3ViF26g=,6k8NhZmXyYpjIUNgJJS+yxu1/lI=
64,44,kNomMM5C2KOeQMq/RP5y3ViF26g=,6k8NhZmXyYpjIUNgJJS+yxu1/lI=
79,43,kNomMM5C2KOeQMq/RP5y3ViF26g=,6k8NhZmXyYpjIUNgJJS+yxu1/lI=
78,43,kNomMM5C2KOeQMq/RP5y3ViF26g=,6k8NhZmXyYpjIUNgJJS+yxu1/lI=
76,43,kNomMM5C2KOeQMq/RP5y3ViF26g=,6k8NhZmXyYpjIUNgJJS+yxu1/lI=
77,43,kNomMM5C2KOeQMq/RP5y3ViF26g=,6k8NhZmXyYpjIUNgJJS+yxu1/lI=
75,43,kNomMM5C2KOeQMq/RP5y3ViF26g=,6k8NhZmXyYpjIUNgJJS+yxu1/lI=
77,32,kNomMM5C2KOeQMq/RP5y3ViF26g=,6k8NhZmXyYpjIUNgJJS+yxu1/lI=
73,34,kNomMM5C2KOeQMq/RP5y3ViF26g=,6k8NhZmXyYpjIUNgJJS+yxu1/lI=
73,43,kNomMM5C2KOeQMq/RP5y3ViF26g=,6k8NhZmXyYpjIUNgJJS+yxu1/lI=
74,43,kNomMM5C2KOeQMq/RP5y3ViF26g=,6k8NhZmXyYpjIUNgJJS+yxu1/lI=
72,43,kNomMM5C2KOeQMq/RP5y3ViF26g=,6k8NhZmXyYpjIUNgJJS+yxu1/lI=
65,35,kNomMM5C2KOeQMq/RP5y3ViF26g=,6k8NhZmXyYpjIUNgJJS+yxu1/lI=
71,43,kNomMM5C2KOeQMq/RP5y3ViF26g=,6k8NhZmXyYpjIUNgJJS+yxu1/lI=
68,43,kNomMM5C2KOeQMq/RP5y3ViF26g=,6k8NhZmXyYpjIUNgJJS+yxu1/lI=
66,43,kNomMM5C2KOeQMq/RP5y3ViF26g=,6k8NhZmXyYpjIUNgJJS+yxu1/lI=
67,43,kNomMM5C2KOeQMq/RP5y3ViF26g=,6k8NhZmXyYpjIUNgJJS+yxu1/lI=
69,43,kNomMM5C2KOeQMq/RP5y3ViF26g=,6k8NhZmXyYpjIUNgJJS+yxu1/lI=
65,43,kNomMM5C2KOeQMq/RP5y3ViF26g=,6k8NhZmXyYpjIUNgJJS+yxu1/lI=
79,42,kNomMM5C2KOeQMq/RP5y3ViF26g=,6k8NhZmXyYpjIUNgJJS+yxu1/lI=
64,43,kNomMM5C2KOeQMq/RP5y3ViF26g=,6k8NhZmXyYpjIUNgJJS+yxu1/lI=
78,42,kNomMM5C2KOeQMq/RP5y3ViF26g=,6k8NhZmXyYpjIUNgJJS+yxu1/lI=
76,42,kNomMM5C2KOeQMq/RP5y3ViF26g=,6k8NhZmXyYpjIUNgJJS+yxu1/lI=
77,42,kNomMM5C2KOeQMq/RP5y3ViF26g=,6k8NhZmXyYpjIUNgJJS+yxu1/lI=
75,42,kNomMM5C2KOeQMq/RP5y3ViF26g=,6k8NhZmXyYpjIUNgJJS+yxu1/lI=
72,34,kNomMM5C2KOeQMq/RP5y3ViF26g=,6k8NhZmXyYpjIUNgJJS+yxu1/lI=
73,42,kNomMM5C2KOeQMq/RP5y3ViF26g=,6k8NhZmXyYpjIUNgJJS+yxu1/lI=
76,32,kNomMM5C2KOeQMq/RP5y3ViF26g=,6k8NhZmXyYpjIUNgJJS+yxu1/lI=
72,42,kNomMM5C2KOeQMq/RP5y3ViF26g=,6k8NhZmXyYpjIUNgJJS+yxu1/lI=
70,42,kNomMM5C2KOeQMq/RP5y3ViF26g=,6k8NhZmXyYpjIUNgJJS+yxu1/lI=
71,42,kNomMM5C2KOeQMq/RP5y3ViF26g=,6k8NhZmXyYpjIUNgJJS+yxu1/lI=
69,42,kNomMM5C2KOeQMq/RP5y3ViF26g=,6k8NhZmXyYpjIUNgJJS+yxu1/lI=
72,47,kNomMM5C2KOeQMq/RP5y3ViF26g=,6k8NhZmXyYpjIUNgJJS+yxu1/lI=
66,42,kNomMM5C2KOeQMq/RP5y3ViF26g=,6k8NhZmXyYpjIUNgJJS+yxu1/lI=
67,42,kNomMM5C2KOeQMq/RP5y3ViF26g=,6k8NhZmXyYpjIUNgJJS+yxu1/lI=
64,42,kNomMM5C2KOeQMq/RP5y3ViF26g=,6k8NhZmXyYpjIUNgJJS+yxu1/lI=
65,42,kNomMM5C2KOeQMq/RP5y3ViF26g=,6k8NhZmXyYpjIUNgJJS+yxu1/lI=
79,41,kNomMM5C2KOeQMq/RP5y3ViF26g=,6k8NhZmXyYpjIUNgJJS+yxu1/lI=
77,41,kNomMM5C2KOeQMq/RP5y3ViF26g=,6k8NhZmXyYpjIUNgJJS+yxu1/lI=
78,41,kNomMM5C2KOeQMq/RP5y3ViF26g=,6k8NhZmXyYpjIUNgJJS+yxu1/lI=
76,41,kNomMM5C2KOeQMq/RP5y3ViF26g=,6k8NhZmXyYpjIUNgJJS+yxu1/lI=
66,35,kNomMM5C2KOeQMq/RP5y3ViF26g=,6k8NhZmXyYpjIUNgJJS+yxu1/lI=
67,35,kNomMM5C2KOeQMq/RP5y3ViF26g=,6k8NhZmXyYpjIUNgJJS+yxu1/lI=
68,35,kNomMM5C2KOeQMq/RP5y3ViF26g=,6k8NhZmXyYpjIUNgJJS+yxu1/lI=
64,34,kNomMM5C2KOeQMq/RP5y3ViF26g=,6k8NhZmXyYpjIUNgJJS+yxu1/lI=
68,32,kNomMM5C2KOeQMq/RP5y3ViF26g=,6k8NhZmXyYpjIUNgJJS+yxu1/lI=
70,35,kNomMM5C2KOeQMq/RP5y3ViF26g=,6k8NhZmXyYpjIUNgJJS+yxu1/lI=
69,35,kNomMM5C2KOeQMq/RP5y3ViF26g=,6k8NhZmXyYpjIUNgJJS+yxu1/lI=
71,35,kNomMM5C2KOeQMq/RP5y3ViF26g=,6k8NhZmXyYpjIUNgJJS+yxu1/lI=
72,35,kNomMM5C2KOeQMq/RP5y3ViF26g=,6k8NhZmXyYpjIUNgJJS+yxu1/lI=
74,35,kNomMM5C2KOeQMq/RP5y3ViF26g=,6k8NhZmXyYpjIUNgJJS+yxu1/lI=
73,35,kNomMM5C2KOeQMq/RP5y3ViF26g=,6k8NhZmXyYpjIUNgJJS+yxu1/lI=
75,35,kNomMM5C2KOeQMq/RP5y3ViF26g=,6k8NhZmXyYpjIUNgJJS+yxu1/lI=
76,35,kNomMM5C2KOeQMq/RP5y3ViF26g=,6k8NhZmXyYpjIUNgJJS+yxu1/lI=
77,35,kNomMM5C2KOeQMq/RP5y3ViF26g=,6k8NhZmXyYpjIUNgJJS+yxu1/lI=
64,32,kNomMM5C2KOeQMq/RP5y3ViF26g=,6k8NhZmXyYpjIUNgJJS+yxu1/lI=
78,35,kNomMM5C2KOeQMq/RP5y3ViF26g=,6k8NhZmXyYpjIUNgJJS+yxu1/lI=
70,43,kNomMM5C2KOeQMq/RP5y3ViF26g=,6k8NhZmXyYpjIUNgJJS+yxu1/lI=
79,35,kNomMM5C2KOeQMq/RP5y3ViF26g=,6k8NhZmXyYpjIUNgJJS+yxu1/lI=
74,41,kNomMM5C2KOeQMq/RP5y3ViF26g=,6k8NhZmXyYpjIUNgJJS+yxu1/lI=
75,32,kNomMM5C2KOeQMq/RP5y3ViF26g=,6k8NhZmXyYpjIUNgJJS+yxu1/lI=
72,41,kNomMM5C2KOeQMq/RP5y3ViF26g=,6k8NhZmXyYpjIUNgJJS+yxu1/lI=
71,34,kNomMM5C2KOeQMq/RP5y3ViF26g=,6k8NhZmXyYpjIUNgJJS+yxu1/lI=
73,41,kNomMM5C2KOeQMq/RP5y3ViF26g=,6k8NhZmXyYpjIUNgJJS+yxu1/lI=
71,41,kNomMM5C2KOeQMq/RP5y3ViF26g=,6k8NhZmXyYpjIUNgJJS+yxu1/lI=
70,41,kNomMM5C2KOeQMq/RP5y3ViF26g=,6k8NhZmXyYpjIUNgJJS+yxu1/lI=
69,41,kNomMM5C2KOeQMq/RP5y3ViF26g=,6k8NhZmXyYpjIUNgJJS+yxu1/lI=
67,41,kNomMM5C2KOeQMq/RP5y3ViF26g=,6k8NhZmXyYpjIUNgJJS+yxu1/lI=
68,41,kNomMM5C2KOeQMq/RP5y3ViF26g=,6k8NhZmXyYpjIUNgJJS+yxu1/lI=
66,41,kNomMM5C2KOeQMq/RP5y3ViF26g=,6k8NhZmXyYpjIUNgJJS+yxu1/lI=
65,41,kNomMM5C2KOeQMq/RP5y3ViF26g=,6k8NhZmXyYpjIUNgJJS+yxu1/lI=
64,41,kNomMM5C2KOeQMq/RP5y3ViF26g=,6k8NhZmXyYpjIUNgJJS+yxu1/lI=
79,40,kNomMM5C2KOeQMq/RP5y3ViF26g=,6k8NhZmXyYpjIUNgJJS+yxu1/lI=
78,40,kNomMM5C2KOeQMq/RP5y3ViF26g=,6k8NhZmXyYpjIUNgJJS+yxu1/lI=
77,40,kNomMM5C2KOeQMq/RP5y3ViF26g=,6k8NhZmXyYpjIUNgJJS+yxu1/lI=
76,40,kNomMM5C2KOeQMq/RP5y3ViF26g=,6k8NhZmXyYpjIUNgJJS+yxu1/lI=
75,40,kNomMM5C2KOeQMq/RP5y3ViF26g=,6k8NhZmXyYpjIUNgJJS+yxu1/lI=
73,40,kNomMM5C2KOeQMq/RP5y3ViF26g=,6k8NhZmXyYpjIUNgJJS+yxu1/lI=
74,40,kNomMM5C2KOeQMq/RP5y3ViF26g=,6k8NhZmXyYpjIUNgJJS+yxu1/lI=
74,32,kNomMM5C2KOeQMq/RP5y3ViF26g=,6k8NhZmXyYpjIUNgJJS+yxu1/lI=
72,40,kNomMM5C2KOeQMq/RP5y3ViF26g=,6k8NhZmXyYpjIUNgJJS+yxu1/lI=
70,40,kNomMM5C2KOeQMq/RP5y3ViF26g=,6k8NhZmXyYpjIUNgJJS+yxu1/lI=
70,34,kNomMM5C2KOeQMq/RP5y3ViF26g=,6k8NhZmXyYpjIUNgJJS+yxu1/lI=
71,40,kNomMM5C2KOeQMq/RP5y3ViF26g=,6k8NhZmXyYpjIUNgJJS+yxu1/lI=
69,40,kNomMM5C2KOeQMq/RP5y3ViF26g=,6k8NhZmXyYpjIUNgJJS+yxu1/lI=
67,40,kNomMM5C2KOeQMq/RP5y3ViF26g=,6k8NhZmXyYpjIUNgJJS+yxu1/lI=
68,40,kNomMM5C2KOeQMq/RP5y3ViF26g=,6k8NhZmXyYpjIUNgJJS+yxu1/lI=
65,40,kNomMM5C2KOeQMq/RP5y3ViF26g=,6k8NhZmXyYpjIUNgJJS+yxu1/lI=
66,40,kNomMM5C2KOeQMq/RP5y3ViF26g=,6k8NhZmXyYpjIUNgJJS+yxu1/lI=
64,40,kNomMM5C2KOeQMq/RP5y3ViF26g=,6k8NhZmXyYpjIUNgJJS+yxu1/lI=
79,39,kNomMM5C2KOeQMq/RP5y3ViF26g=,6k8NhZmXyYpjIUNgJJS+yxu1/lI=
78,39,kNomMM5C2KOeQMq/RP5y3ViF26g=,6k8NhZmXyYpjIUNgJJS+yxu1/lI=
76,39,kNomMM5C2KOeQMq/RP5y3ViF26g=,6k8NhZmXyYpjIUNgJJS+yxu1/lI=
77,39,kNomMM5C2KOeQMq/RP5y3ViF26g=,6k8NhZmXyYpjIUNgJJS+yxu1/lI=
75,39,kNomMM5C2KOeQMq/RP5y3ViF26g=,6k8NhZmXyYpjIUNgJJS+yxu1/lI=
73,39,kNomMM5C2KOeQMq/RP5y3ViF26g=,6k8NhZmXyYpjIUNgJJS+yxu1/lI=
74,39,kNomMM5C2KOeQMq/RP5y3ViF26g=,6k8NhZmXyYpjIUNgJJS+yxu1/lI=
72,39,kNomMM5C2KOeQMq/RP5y3ViF26g=,6k8NhZmXyYpjIUNgJJS+yxu1/lI=
73,32,kNomMM5C2KOeQMq/RP5y3ViF26g=,6k8NhZmXyYpjIUNgJJS+yxu1/lI=
71,39,kNomMM5C2KOeQMq/RP5y3ViF26g=,6k8NhZmXyYpjIUNgJJS+yxu1/lI=
69,34,kNomMM5C2KOeQMq/RP5y3ViF26g=,6k8NhZmXyYpjIUNgJJS+yxu1/lI=
70,39,kNomMM5C2KOeQMq/RP5y3ViF26g=,6k8NhZmXyYpjIUNgJJS+yxu1/lI=
68,39,kNomMM5C2KOeQMq/RP5y3ViF26g=,6k8NhZmXyYpjIUNgJJS+yxu1/lI=
66,39,kNomMM5C2KOeQMq/RP5y3ViF26g=,6k8NhZmXyYpjIUNgJJS+yxu1/lI=
67,39,kNomMM5C2KOeQMq/RP5y3ViF26g=,6k8NhZmXyYpjIUNgJJS+yxu1/lI=
69,39,kNomMM5C2KOeQMq/RP5y3ViF26g=,6k8NhZmXyYpjIUNgJJS+yxu1/lI=
64,39,kNomMM5C2KOeQMq/RP5y3ViF26g=,6k8NhZmXyYpjIUNgJJS+yxu1/lI=
79,38,kNomMM5C2KOeQMq/RP5y3ViF26g=,6k8NhZmXyYpjIUNgJJS+yxu1/lI=
65,39,kNomMM5C2KOeQMq/RP5y3ViF26g=,6k8NhZmXyYpjIUNgJJS+yxu1/lI=
78,38,kNomMM5C2KOeQMq/RP5y3ViF26g=,6k8NhZmXyYpjIUNgJJS+yxu1/lI=
77,38,kNomMM5C2KOeQMq/RP5y3ViF26g=,6k8NhZmXyYpjIUNgJJS+yxu1/lI=
75,38,kNomMM5C2KOeQMq/RP5y3ViF26g=,6k8NhZmXyYpjIUNgJJS+yxu1/lI=
68,42,kNomMM5C2KOeQMq/RP5y3ViF26g=,6k8NhZmXyYpjIUNgJJS+yxu1/lI=
74,38,kNomMM5C2KOeQMq/RP5y3ViF26g=,6k8NhZmXyYpjIUNgJJS+yxu1/lI=
73,38,kNomMM5C2KOeQMq/RP5y3ViF26g=,6k8NhZmXyYpjIUNgJJS+yxu1/lI=
76,38,kNomMM5C2KOeQMq/RP5y3ViF26g=,6k8NhZmXyYpjIUNgJJS+yxu1/lI=
72,38,kNomMM5C2KOeQMq/RP5y3ViF26g=,6k8NhZmXyYpjIUNgJJS+yxu1/lI=
72,32,kNomMM5C2KOeQMq/RP5y3ViF26g=,6k8NhZmXyYpjIUNgJJS+yxu1/lI=
70,38,kNomMM5C2KOeQMq/RP5y3ViF26g=,6k8NhZmXyYpjIUNgJJS+yxu1/lI=
68,34,kNomMM5C2KOeQMq/RP5y3ViF26g=,6k8NhZmXyYpjIUNgJJS+yxu1/lI=
68,38,kNomMM5C2KOeQMq/RP5y3ViF26g=,6k8NhZmXyYpjIUNgJJS+yxu1/lI=
69,38,kNomMM5C2KOeQMq/RP5y3ViF26g=,6k8NhZmXyYpjIUNgJJS+yxu1/lI=
71,38,kNomMM5C2KOeQMq/RP5y3ViF26g=,6k8NhZmXyYpjIUNgJJS+yxu1/lI=
65,38,kNomMM5C2KOeQMq/RP5y3ViF26g=,6k8NhZmXyYpjIUNgJJS+yxu1/lI=
66,38,kNomMM5C2KOeQMq/RP5y3ViF26g=,6k8NhZmXyYpjIUNgJJS+yxu1/lI=
64,38,kNomMM5C2KOeQMq/RP5y3ViF26g=,6k8NhZmXyYpjIUNgJJS+yxu1/lI=
78,37,kNomMM5C2KOeQMq/RP5y3ViF26g=,6k8NhZmXyYpjIUNgJJS+yxu1/lI=
79,37,kNomMM5C2KOeQMq/RP5y3ViF26g=,6k8NhZmXyYpjIUNgJJS+yxu1/lI=
77,37,kNomMM5C2KOeQMq/RP5y3ViF26g=,6k8NhZmXyYpjIUNgJJS+yxu1/lI=
76,37,kNomMM5C2KOeQMq/RP5y3ViF26g=,6k8NhZmXyYpjIUNgJJS+yxu1/lI=
75,37,kNomMM5C2KOeQMq/RP5y3ViF26g=,6k8NhZmXyYpjIUNgJJS+yxu1/lI=
74,37,kNomMM5C2KOeQMq/RP5y3ViF26g=,6k8NhZmXyYpjIUNgJJS+yxu1/lI=
73,37,kNomMM5C2KOeQMq/RP5y3ViF26g=,6k8NhZmXyYpjIUNgJJS+yxu1/lI=
72,37,kNomMM5C2KOeQMq/RP5y3ViF26g=,6k8NhZmXyYpjIUNgJJS+yxu1/lI=
70,37,kNomMM5C2KOeQMq/RP5y3ViF26g=,6k8NhZmXyYpjIUNgJJS+yxu1/lI=
69,37,kNomMM5C2KOeQMq/RP5y3ViF26g=,6k8NhZmXyYpjIUNgJJS+yxu1/lI=
71,37,kNomMM5C2KOeQMq/RP5y3ViF26g=,6k8NhZmXyYpjIUNgJJS+yxu1/lI=
71,32,kNomMM5C2KOeQMq/RP5y3ViF26g=,6k8NhZmXyYpjIUNgJJS+yxu1/lI=
68,37,kNomMM5C2KOeQMq/RP5y3ViF26g=,6k8NhZmXyYpjIUNgJJS+yxu1/lI=
67,34,kNomMM5C2KOeQMq/RP5y3ViF26g=,6k8NhZmXyYpjIUNgJJS+yxu1/lI=
64,36,kNomMM5C2KOeQMq/RP5y3ViF26g=,6k8NhZmXyYpjIUNgJJS+yxu1/lI=
65,34,kNomMM5C2KOeQMq/RP5y3ViF26g=,6k8NhZmXyYpjIUNgJJS+yxu1/lI=
65,36,kNomMM5C2KOeQMq/RP5y3ViF26g=,6k8NhZmXyYpjIUNgJJS+yxu1/lI=
66,36,kNomMM5C2KOeQMq/RP5y3ViF26g=,6k8NhZmXyYpjIUNgJJS+yxu1/lI=
67,36,kNomMM5C2KOeQMq/RP5y3ViF26g=,6k8NhZmXyYpjIUNgJJS+yxu1/lI=
74,42,kNomMM5C2KOeQMq/RP5y3ViF26g=,6k8NhZmXyYpjIUNgJJS+yxu1/lI=
66,37,kNomMM5C2KOeQMq/RP5y3ViF26g=,6k8NhZmXyYpjIUNgJJS+yxu1/lI=
65,37,kNomMM5C2KOeQMq/RP5y3ViF26g=,6k8NhZmXyYpjIUNgJJS+yxu1/lI=
70,32,kNomMM5C2KOeQMq/RP5y3ViF26g=,6k8NhZmXyYpjIUNgJJS+yxu1/lI=
79,36,kNomMM5C2KOeQMq/RP5y3ViF26g=,6k8NhZmXyYpjIUNgJJS+yxu1/lI=
64,37,kNomMM5C2KOeQMq/RP5y3ViF26g=,6k8NhZmXyYpjIUNgJJS+yxu1/lI=
78,36,kNomMM5C2KOeQMq/RP5y3ViF26g=,6k8NhZmXyYpjIUNgJJS+yxu1/lI=
75,36,kNomMM5C2KOeQMq/RP5y3ViF26g=,6k8NhZmXyYpjIUNgJJS+yxu1/lI=
77,36,kNomMM5C2KOeQMq/RP5y3ViF26g=,6k8NhZmXyYpjIUNgJJS+yxu1/lI=
74,36,kNomMM5C2KOeQMq/RP5y3ViF26g=,6k8NhZmXyYpjIUNgJJS+yxu1/lI=
76,36,kNomMM5C2KOeQMq/RP5y3ViF26g=,6k8NhZmXyYpjIUNgJJS+yxu1/lI=
73,36,kNomMM5C2KOeQMq/RP5y3ViF26g=,6k8NhZmXyYpjIUNgJJS+yxu1/lI=
72,36,kNomMM5C2KOeQMq/RP5y3ViF26g=,6k8NhZmXyYpjIUNgJJS+yxu1/lI=
70,36,kNomMM5C2KOeQMq/RP5y3ViF26g=,6k8NhZmXyYpjIUNgJJS+yxu1/lI=
71,36,kNomMM5C2KOeQMq/RP5y3ViF26g=,6k8NhZmXyYpjIUNgJJS+yxu1/lI=
75,41,kNomMM5C2KOeQMq/RP5y3ViF26g=,6k8NhZmXyYpjIUNgJJS+yxu1/lI=
69,32,kNomMM5C2KOeQMq/RP5y3ViF26g=,6k8NhZmXyYpjIUNgJJS+yxu1/lI=
68,36,kNomMM5C2KOeQMq/RP5y3ViF26g=,6k8NhZmXyYpjIUNgJJS+yxu1/lI=
67,37,kNomMM5C2KOeQMq/RP5y3ViF26g=,6k8NhZmXyYpjIUNgJJS+yxu1/lI=
66,34,kNomMM5C2KOeQMq/RP5y3ViF26g=,6k8NhZmXyYpjIUNgJJS+yxu1/lI=
67,38,kNomMM5C2KOeQMq/RP5y3ViF26g=,6k8NhZmXyYpjIUNgJJS+yxu1/lI=
69,36,kNomMM5C2KOeQMq/RP5y3ViF26g=,6k8NhZmXyYpjIUNgJJS+yxu1/lI=
78,50,bhxbyb6oP6wNpISIh6cZhlfnaDA=,/73S8sZkL83Xn2t7teGuz67z3O4=
79,63,bhxbyb6oP6wNpISIh6cZhlfnaDA=,/73S8sZkL83Xn2t7teGuz67z3O4=
67,48,bhxbyb6oP6wNpISIh6cZhlfnaDA=,/73S8sZkL83Xn2t7teGuz67z3O4=
78,63,bhxbyb6oP6wNpISIh6cZhlfnaDA=,/73S8sZkL83Xn2t7teGuz67z3O4=
77,50,bhxbyb6oP6wNpISIh6cZhlfnaDA=,/73S8sZkL83Xn2t7teGuz67z3O4=
77,63,bhxbyb6oP6wNpISIh6cZhlfnaDA=,/73S8sZkL83Xn2t7teGuz67z3O4=
76,63,bhxbyb6oP6wNpISIh6cZhlfnaDA=,/73S8sZkL83Xn2t7teGuz67z3O4=
75,63,bhxbyb6oP6wNpISIh6cZhlfnaDA=,/73S8sZkL83Xn2t7teGuz67z3O4=
74,63,bhxbyb6oP6wNpISIh6cZhlfnaDA=,/73S8sZkL83Xn2t7teGuz67z3O4=
73,63,bhxbyb6oP6wNpISIh6cZhlfnaDA=,/73S8sZkL83Xn2t7teGuz67z3O4=
72,63,bhxbyb6oP6wNpISIh6cZhlfnaDA=,/73S8sZkL83Xn2t7teGuz67z3O4=
69,63,bhxbyb6oP6wNpISIh6cZhlfnaDA=,/73S8sZkL83Xn2t7teGuz67z3O4=
66,63,bhxbyb6oP6wNpISIh6cZhlfnaDA=,/73S8sZkL83Xn2t7teGuz67z3O4=
79,49,bhxbyb6oP6wNpISIh6cZhlfnaDA=,/73S8sZkL83Xn2t7teGuz67z3O4=
65,63,bhxbyb6oP6wNpISIh6cZhlfnaDA=,/73S8sZkL83Xn2t7teGuz67z3O4=
70,63,bhxbyb6oP6wNpISIh6cZhlfnaDA=,/73S8sZkL83Xn2t7teGuz67z3O4=
76,49,bhxbyb6oP6wNpISIh6cZhlfnaDA=,/73S8sZkL83Xn2t7teGuz67z3O4=
77,49,bhxbyb6oP6wNpISIh6cZhlfnaDA=,/73S8sZkL83Xn2t7teGuz67z3O4=
75,49,bhxbyb6oP6wNpISIh6cZhlfnaDA=,/73S8sZkL83Xn2t7teGuz67z3O4=
65,49,bhxbyb6oP6wNpISIh6cZhlfnaDA=,/73S8sZkL83Xn2t7teGuz67z3O4=
73,49,bhxbyb6oP6wNpISIh6cZhlfnaDA=,/73S8sZkL83Xn2t7teGuz67z3O4=
68,63,bhxbyb6oP6wNpISIh6cZhlfnaDA=,/73S8sZkL83Xn2t7teGuz67z3O4=
74,49,bhxbyb6oP6wNpISIh6cZhlfnaDA=,/73S8sZkL83Xn2t7teGuz67z3O4=
71,49,bhxbyb6oP6wNpISIh6cZhlfnaDA=,/73S8sZkL83Xn2t7teGuz67z3O4=
70,49,bhxbyb6oP6wNpISIh6cZhlfnaDA=,/73S8sZkL83Xn2t7teGuz67z3O4=
69,49,bhxbyb6oP6wNpISIh6cZhlfnaDA=,/73S8sZkL83Xn2t7teGuz67z3O4=
68,49,bhxbyb6oP6wNpISIh6cZhlfnaDA=,/73S8sZkL83Xn2t7teGuz67z3O4=
71,63,bhxbyb6oP6wNpISIh6cZhlfnaDA=,/73S8sZkL83Xn2t7teGuz67z3O4=
67,49,bhxbyb6oP6wNpISIh6cZhlfnaDA=,/73S8sZkL83Xn2t7teGuz67z3O4=
79,62,bhxbyb6oP6wNpISIh6cZhlfnaDA=,/73S8sZkL83Xn2t7teGuz67z3O4=
64,63,bhxbyb6oP6wNpISIh6cZhlfnaDA=,/73S8sZkL83Xn2t7teGuz67z3O4=
66,49,bhxbyb6oP6wNpISIh6cZhlfnaDA=,/73S8sZkL83Xn2t7teGuz67z3O4=
66,48,bhxbyb6oP6wNpISIh6cZhlfnaDA=,/73S8sZkL83Xn2t7teGuz67z3O4=
78,62,bhxbyb6oP6wNpISIh6cZhlfnaDA=,/73S8sZkL83Xn2t7teGuz67z3O4=
76,50,bhxbyb6oP6wNpISIh6cZhlfnaDA=,/73S8sZkL83Xn2t7teGuz67z3O4=
77,62,bhxbyb6oP6wNpISIh6cZhlfnaDA=,/73S8sZkL83Xn2t7teGuz67z3O4=
76,62,bhxbyb6oP6wNpISIh6cZhlfnaDA=,/73S8sZkL83Xn2t7teGuz67z3O4=
75,62,bhxbyb6oP6wNpISIh6cZhlfnaDA=,/73S8sZkL83Xn2t7teGuz67z3O4=
78,49,bhxbyb6oP6wNpISIh6cZhlfnaDA=,/73S8sZkL83Xn2t7teGuz67z3O4=
67,63,bhxbyb6oP6wNpISIh6cZhlfnaDA=,/73S8sZkL83Xn2t7teGuz67z3O4=
73,62,bhxbyb6oP6wNpISIh6cZhlfnaDA=,/73S8sZkL83Xn2t7teGuz67z3O4=
72,62,bhxbyb6oP6wNpISIh6cZhlfnaDA=,/73S8sZkL83Xn2t7teGuz67z3O4=
74,62,bhxbyb6oP6wNpISIh6cZhlfnaDA=,/73S8sZkL83Xn2t7teGuz67z3O4=
72,49,bhxbyb6oP6wNpISIh6cZhlfnaDA=,/73S8sZkL83Xn2t7teGuz67z3O4=
69,62,bhxbyb6oP6wNpISIh6cZhlfnaDA=,/73S8sZkL83Xn2t7teGuz67z3O4=
67,62,bhxbyb6oP6wNpISIh6cZhlfnaDA=,/73S8sZkL83Xn2t7teGuz67z3O4=
68,62,bhxbyb6oP6wNpISIh6cZhlfnaDA=,/73S8sZkL83Xn2t7teGuz67z3O4=
65,62,bhxbyb6oP6wNpISIh6cZhlfnaDA=,/73S8sZkL83Xn2t7teGuz67z3O4=
79,61,bhxbyb6oP6wNpISIh6cZhlfnaDA=,/73S8sZkL83Xn2t7teGuz67z3O4=
78,61,bhxbyb6oP6wNpISIh6cZhlfnaDA=,/73S8sZkL83Xn2t7teGuz67z3O4=
64,49,bhxbyb6oP6wNpISIh6cZhlfnaDA=,/73S8sZkL83Xn2t7teGuz67z3O4=
79,48,bhxbyb6oP6wNpISIh6cZhlfnaDA=,/73S8sZkL83Xn2t7teGuz67z3O4=
77,61,bhxbyb6oP6wNpISIh6cZhlfnaDA=,/73S8sZkL83Xn2t7teGuz67z3O4=
75,50,bhxbyb6oP6wNpISIh6cZhlfnaDA=,/73S8sZkL83Xn2t7teGuz67z3O4=
76,61,bhxbyb6oP6wNpISIh6cZhlfnaDA=,/73S8sZkL83Xn2t7teGuz67z3O4=
70,62,bhxbyb6oP6wNpISIh6cZhlfnaDA=,/73S8sZkL83Xn2t7teGuz67z3O4=
75,61,bhxbyb6oP6wNpISIh6cZhlfnaDA=,/73S8sZkL83Xn2t7teGuz67z3O4=
74,61,bhxbyb6oP6wNpISIh6cZhlfnaDA=,/73S8sZkL83Xn2t7teGuz67z3O4=
72,61,bhxbyb6oP6wNpISIh6cZhlfnaDA=,/73S8sZkL83Xn2t7teGuz67z3O4=
73,61,bhxbyb6oP6wNpISIh6cZhlfnaDA=,/73S8sZkL83Xn2t7teGuz67z3O4=
64,62,bhxbyb6oP6wNpISIh6cZhlfnaDA=,/73S8sZkL83Xn2t7teGuz67z3O4=
69,61,bhxbyb6oP6wNpISIh6cZhlfnaDA=,/73S8sZkL83Xn2t7teGuz67z3O4=
66,62,bhxbyb6oP6wNpISIh6cZhlfnaDA=,/73S8sZkL83Xn2t7teGuz67z3O4=
68,61,bhxbyb6oP6wNpISIh6cZhlfnaDA=,/73S8sZkL83Xn2t7teGuz67z3O4=
67,61,bhxbyb6oP6wNpISIh6cZhlfnaDA=,/73S8sZkL83Xn2t7teGuz67z3O4=
66,61,bhxbyb6oP6wNpISIh6cZhlfnaDA=,/73S8sZkL83Xn2t7teGuz67z3O4=
65,48,bhxbyb6oP6wNpISIh6cZhlfnaDA=,/73S8sZkL83Xn2t7teGuz67z3O4=
70,61,bhxbyb6oP6wNpISIh6cZhlfnaDA=,/73S8sZkL83Xn2t7teGuz67z3O4=
79,60,bhxbyb6oP6wNpISIh6cZhlfnaDA=,/73S8sZkL83Xn2t7teGuz67z3O4=
78,60,bhxbyb6oP6wNpISIh6cZhlfnaDA=,/73S8sZkL83Xn2t7teGuz67z3O4=
77,60,bhxbyb6oP6wNpISIh6cZhlfnaDA=,/73S8sZkL83Xn2t7teGuz67z3O4=
76,60,bhxbyb6oP6wNpISIh6cZhlfnaDA=,/73S8sZkL83Xn2t7teGuz67z3O4=
78,48,bhxbyb6oP6wNpISIh6cZhlfnaDA=,/73S8sZkL83Xn2t7teGuz67z3O4=
74,50,bhxbyb6oP6wNpISIh6cZhlfnaDA=,/73S8sZkL83Xn2t7teGuz67z3O4=
75,60,bhxbyb6oP6wNpISIh6cZhlfnaDA=,/73S8sZkL83Xn2t7teGuz67z3O4=
74,60,bhxbyb6oP6wNpISIh6cZhlfnaDA=,/73S8sZkL83Xn2t7teGuz67z3O4=
71,61,bhxbyb6oP6wNpISIh6cZhlfnaDA=,/73S8sZkL83Xn2t7teGuz67z3O4=
71,62,bhxbyb6oP6wNpISIh6cZhlfnaDA=,/73S8sZkL83Xn2t7teGuz67z3O4=
73,60,bhxbyb6oP6wNpISIh6cZhlfnaDA=,/73S8sZkL83Xn2t7teGuz67z3O4=
64,61,bhxbyb6oP6wNpISIh6cZhlfnaDA=,/73S8sZkL83Xn2t7teGuz67z3O4=
65,61,bhxbyb6oP6wNpISIh6cZhlfnaDA=,/73S8sZkL83Xn2t7teGuz67z3O4=
72,60,bhxbyb6oP6wNpISIh6cZhlfnaDA=,/73S8sZkL83Xn2t7teGuz67z3O4=
68,60,bhxbyb6oP6wNpISIh6cZhlfnaDA=,/73S8sZkL83Xn2t7teGuz67z3O4=
67,60,bhxbyb6oP6wNpISIh6cZhlfnaDA=,/73S8sZkL83Xn2t7teGuz67z3O4=
71,60,bhxbyb6oP6wNpISIh6cZhlfnaDA=,/73S8sZkL83Xn2t7teGuz67z3O4=
69,60,bhxbyb6oP6wNpISIh6cZhlfnaDA=,/73S8sZkL83Xn2t7teGuz67z3O4=
79,59,bhxbyb6oP6wNpISIh6cZhlfnaDA=,/73S8sZkL83Xn2t7teGuz67z3O4=
78,59,bhxbyb6oP6wNpISIh6cZhlfnaDA=,/73S8sZkL83Xn2t7teGuz67z3O4=
77,59,bhxbyb6oP6wNpISIh6cZhlfnaDA=,/73S8sZkL83Xn2t7teGuz67z3O4=
76,59,bhxbyb6oP6wNpISIh6cZhlfnaDA=,/73S8sZkL83Xn2t7teGuz67z3O4=
75,59,bhxbyb6oP6wNpISIh6cZhlfnaDA=,/73S8sZkL83Xn2t7teGuz67z3O4=
77,48,bhxbyb6oP6wNpISIh6cZhlfnaDA=,/73S8sZkL83Xn2t7teGuz67z3O4=
73,50,bhxbyb6oP6wNpISIh6cZhlfnaDA=,/73S8sZkL83Xn2t7teGuz67z3O4=
74,59,bhxbyb6oP6wNpISIh6cZhlfnaDA=,/73S8sZkL83Xn2t7teGuz67z3O4=
73,59,bhxbyb6oP6wNpISIh6cZhlfnaDA=,/73S8sZkL83Xn2t7teGuz67z3O4=
66,60,bhxbyb6oP6wNpISIh6cZhlfnaDA=,/73S8sZkL83Xn2t7teGuz67z3O4=
72,59,bhxbyb6oP6wNpISIh6cZhlfnaDA=,/73S8sZkL83Xn2t7teGuz67z3O4=
69,59,bhxbyb6oP6wNpISIh6cZhlfnaDA=,/73S8sZkL83Xn2t7teGuz67z3O4=
70,60,bhxbyb6oP6wNpISIh6cZhlfnaDA=,/73S8sZkL83Xn2t7teGuz67z3O4=
68,59,bhxbyb6oP6wNpISIh6cZhlfnaDA=,/73S8sZkL83Xn2t7teGuz67z3O4=
65,60,bhxbyb6oP6wNpISIh6cZhlfnaDA=,/73S8sZkL83Xn2t7teGuz67z3O4=
71,59,bhxbyb6oP6wNpISIh6cZhlfnaDA=,/73S8sZkL83Xn2t7teGuz67z3O4=
67,59,bhxbyb6oP6wNpISIh6cZhlfnaDA=,/73S8sZkL83Xn2t7teGuz67z3O4=
70,59,bhxbyb6oP6wNpISIh6cZhlfnaDA=,/73S8sZkL83Xn2t7teGuz67z3O4=
78,58,bhxbyb6oP6wNpISIh6cZhlfnaDA=,/73S8sZkL83Xn2t7teGuz67z3O4=
77,58,bhxbyb6oP6wNpISIh6cZhlfnaDA=,/73S8sZkL83Xn2t7teGuz67z3O4=
79,58,bhxbyb6oP6wNpISIh6cZhlfnaDA=,/73S8sZkL83Xn2t7teGuz67z3O4=
76,58,bhxbyb6oP6wNpISIh6cZhlfnaDA=,/73S8sZkL83Xn2t7teGuz67z3O4=
75,58,bhxbyb6oP6wNpISIh6cZhlfnaDA=,/73S8sZkL83Xn2t7teGuz67z3O4=
74,58,bhxbyb6oP6wNpISIh6cZhlfnaDA=,/73S8sZkL83Xn2t7teGuz67z3O4=
72,50,bhxbyb6oP6wNpISIh6cZhlfnaDA=,/73S8sZkL83Xn2t7teGuz67z3O4=
76,48,bhxbyb6oP6wNpISIh6cZhlfnaDA=,/73S8sZkL83Xn2t7teGuz67z3O4=
73,58,bhxbyb6oP6wNpISIh6cZhlfnaDA=,/73S8sZkL83Xn2t7teGuz67z3O4=
72,58,bhxbyb6oP6wNpISIh6cZhlfnaDA=,/73S8sZkL83Xn2t7teGuz67z3O4=
64,59,bhxbyb6oP6wNpISIh6cZhlfnaDA=,/73S8sZkL83Xn2t7teGuz67z3O4=
71,58,bhxbyb6oP6wNpISIh6cZhlfnaDA=,/73S8sZkL83Xn2t7teGuz67z3O4=
66,59,bhxbyb6oP6wNpISIh6cZhlfnaDA=,/73S8sZkL83Xn2t7teGuz67z3O4=
65,59,bhxbyb6oP6wNpISIh6cZhlfnaDA=,/73S8sZkL83Xn2t7teGuz67z3O4=
67,58,bhxbyb6oP6wNpISIh6cZhlfnaDA=,/73S8sZkL83Xn2t7teGuz67z3O4=
70,58,bhxbyb6oP6wNpISIh6cZhlfnaDA=,/73S8sZkL83Xn2t7teGuz67z3O4=
66,58,bhxbyb6oP6wNpISIh6cZhlfnaDA=,/73S8sZkL83Xn2t7teGuz67z3O4=
78,57,bhxbyb6oP6wNpISIh6cZhlfnaDA=,/73S8sZkL83Xn2t7teGuz67z3O4=
69,58,bhxbyb6oP6wNpISIh6cZhlfnaDA=,/73S8sZkL83Xn2t7teGuz67z3O4=
79,57,bhxbyb6oP6wNpISIh6cZhlfnaDA=,/73S8sZkL83Xn2t7teGuz67z3O4=
77,57,bhxbyb6oP6wNpISIh6cZhlfnaDA=,/73S8sZkL83Xn2t7teGuz67z3O4=
76,57,bhxbyb6oP6wNpISIh6cZhlfnaDA=,/73S8sZkL83Xn2t7teGuz67z3O4=
75,57,bhxbyb6oP6wNpISIh6cZhlfnaDA=,/73S8sZkL83Xn2t7teGuz67z3O4=
74,57,bhxbyb6oP6wNpISIh6cZhlfnaDA=,/73S8sZkL83Xn2t7teGuz67z3O4=
73,57,bhxbyb6oP6wNpISIh6cZhlfnaDA=,/73S8sZkL83Xn2t7teGuz67z3O4=
75,48,bhxbyb6oP6wNpISIh6cZhlfnaDA=,/73S8sZkL83Xn2t7teGuz67z3O4=
71,50,bhxbyb6oP6wNpISIh6cZhlfnaDA=,/73S8sZkL83Xn2t7teGuz67z3O4=
72,57,bhxbyb6oP6wNpISIh6cZhlfnaDA=,/73S8sZkL83Xn2t7teGuz67z3O4=
71,57,bhxbyb6oP6wNpISIh6cZhlfnaDA=,/73S8sZkL83Xn2t7teGuz67z3O4=
68,58,bhxbyb6oP6wNpISIh6cZhlfnaDA=,/73S8sZkL83Xn2t7teGuz67z3O4=
64,58,bhxbyb6oP6wNpISIh6cZhlfnaDA=,/73S8sZkL83Xn2t7teGuz67z3O4=
65,58,bhxbyb6oP6wNpISIh6cZhlfnaDA=,/73S8sZkL83Xn2t7teGuz67z3O4=
68,57,bhxbyb6oP6wNpISIh6cZhlfnaDA=,/73S8sZkL83Xn2t7teGuz67z3O4=
67,57,bhxbyb6oP6wNpISIh6cZhlfnaDA=,/73S8sZkL83Xn2t7teGuz67z3O4=
66,57,bhxbyb6oP6wNpISIh6cZhlfnaDA=,/73S8sZkL83Xn2t7teGuz67z3O4=
70,57,bhxbyb6oP6wNpISIh6cZhlfnaDA=,/73S8sZkL83Xn2t7teGuz67z3O4=
79,56,bhxbyb6oP6wNpISIh6cZhlfnaDA=,/73S8sZkL83Xn2t7teGuz67z3O4=
78,56,bhxbyb6oP6wNpISIh6cZhlfnaDA=,/73S8sZkL83Xn2t7teGuz67z3O4=
77,56,bhxbyb6oP6wNpISIh6cZhlfnaDA=,/73S8sZkL83Xn2t7teGuz67z3O4=
76,56,bhxbyb6oP6wNpISIh6cZhlfnaDA=,/73S8sZkL83Xn2t7teGuz67z3O4=
74,56,bhxbyb6oP6wNpISIh6cZhlfnaDA=,/73S8sZkL83Xn2t7teGuz67z3O4=
75,56,bhxbyb6oP6wNpISIh6cZhlfnaDA=,/73S8sZkL83Xn2t7teGuz67z3O4=
73,56,bhxbyb6oP6wNpISIh6cZhlfnaDA=,/73S8sZkL83Xn2t7teGuz67z3O4=
72,56,bhxbyb6oP6wNpISIh6cZhlfnaDA=,/73S8sZkL83Xn2t7teGuz67z3O4=
74,48,bhxbyb6oP6wNpISIh6cZhlfnaDA=,/73S8sZkL83Xn2t7teGuz67z3O4=
70,50,bhxbyb6oP6wNpISIh6cZhlfnaDA=,/73S8sZkL83Xn2t7teGuz67z3O4=
71,56,bhxbyb6oP6wNpISIh6cZhlfnaDA=,/73S8sZkL83Xn2t7teGuz67z3O4=
70,56,bhxbyb6oP6wNpISIh6cZhlfnaDA=,/73S8sZkL83Xn2t7teGuz67z3O4=
65,57,bhxbyb6oP6wNpISIh6cZhlfnaDA=,/73S8sZkL83Xn2t7teGuz67z3O4=
69,56,bhxbyb6oP6wNpISIh6cZhlfnaDA=,/73S8sZkL83Xn2t7teGuz67z3O4=
64,57,bhxbyb6oP6wNpISIh6cZhlfnaDA=,/73S8sZkL83Xn2t7teGuz67z3O4=
64,60,bhxbyb6oP6wNpISIh6cZhlfnaDA=,/73S8sZkL83Xn2t7teGuz67z3O4=
66,56,bhxbyb6oP6wNpISIh6cZhlfnaDA=,/73S8sZkL83Xn2t7teGuz67z3O4=
65,56,bhxbyb6oP6wNpISIh6cZhlfnaDA=,/73S8sZkL83Xn2t7teGuz67z3O4=
79,55,bhxbyb6oP6wNpISIh6cZhlfnaDA=,/73S8sZkL83Xn2t7teGuz67z3O4=
78,55,bhxbyb6oP6wNpISIh6cZhlfnaDA=,/73S8sZkL83Xn2t7teGuz67z3O4=
77,55,bhxbyb6oP6wNpISIh6cZhlfnaDA=,/73S8sZkL83Xn2t7teGuz67z3O4=
76,55,bhxbyb6oP6wNpISIh6cZhlfnaDA=,/73S8sZkL83Xn2t7teGuz67z3O4=
75,55,bhxbyb6oP6wNpISIh6cZhlfnaDA=,/73S8sZkL83Xn2t7teGuz67z3O4=
74,55,bhxbyb6oP6wNpISIh6cZhlfnaDA=,/73S8sZkL83Xn2t7teGuz67z3O4=
68,56,bhxbyb6oP6wNpISIh6cZhlfnaDA=,/73S8sZkL83Xn2t7teGuz67z3O4=
72,55,bhxbyb6oP6wNpISIh6cZhlfnaDA=,/73S8sZkL83Xn2t7teGuz67z3O4=
71,55,bhxbyb6oP6wNpISIh6cZhlfnaDA=,/73S8sZkL83Xn2t7teGuz67z3O4=
69,50,bhxbyb6oP6wNpISIh6cZhlfnaDA=,/73S8sZkL83Xn2t7teGuz67z3O4=
73,48,bhxbyb6oP6wNpISIh6cZhlfnaDA=,/73S8sZkL83Xn2t7teGuz67z3O4=
70,55,bhxbyb6oP6wNpISIh6cZhlfnaDA=,/73S8sZkL83Xn2t7teGuz67z3O4=
67,56,bhxbyb6oP6wNpISIh6cZhlfnaDA=,/73S8sZkL83Xn2t7teGuz67z3O4=
69,55,bhxbyb6oP6wNpISIh6cZhlfnaDA=,/73S8sZkL83Xn2t7teGuz67z3O4=
68,55,bhxbyb6oP6wNpISIh6cZhlfnaDA=,/73S8sZkL83Xn2t7teGuz67z3O4=
67,55,bhxbyb6oP6wNpISIh6cZhlfnaDA=,/73S8sZkL83Xn2t7teGuz67z3O4=
73,55,bhxbyb6oP6wNpISIh6cZhlfnaDA=,/73S8sZkL83Xn2t7teGuz67z3O4=
66,55,bhxbyb6oP6wNpISIh6cZhlfnaDA=,/73S8sZkL83Xn2t7teGuz67z3O4=
65,55,bhxbyb6oP6wNpISIh6cZhlfnaDA=,/73S8sZkL83Xn2t7teGuz67z3O4=
78,54,bhxbyb6oP6wNpISIh6cZhlfnaDA=,/73S8sZkL83Xn2t7teGuz67z3O4=
77,54,bhxbyb6oP6wNpISIh6cZhlfnaDA=,/73S8sZkL83Xn2t7teGuz67z3O4=
76,54,bhxbyb6oP6wNpISIh6cZhlfnaDA=,/73S8sZkL83Xn2t7teGuz67z3O4=
75,54,bhxbyb6oP6wNpISIh6cZhlfnaDA=,/73S8sZkL83Xn2t7teGuz67z3O4=
74,54,bhxbyb6oP6wNpISIh6cZhlfnaDA=,/73S8sZkL83Xn2t7teGuz67z3O4=
64,56,bhxbyb6oP6wNpISIh6cZhlfnaDA=,/73S8sZkL83Xn2t7teGuz67z3O4=
73,54,bhxbyb6oP6wNpISIh6cZhlfnaDA=,/73S8sZkL83Xn2t7teGuz67z3O4=
71,54,bhxbyb6oP6wNpISIh6cZhlfnaDA=,/73S8sZkL83Xn2t7teGuz67z3O4=
70,54,bhxbyb6oP6wNpISIh6cZhlfnaDA=,/73S8sZkL83Xn2t7teGuz67z3O4=
72,48,bhxbyb6oP6wNpISIh6cZhlfnaDA=,/73S8sZkL83Xn2t7teGuz67z3O4=
68,50,bhxbyb6oP6wNpISIh6cZhlfnaDA=,/73S8sZkL83Xn2t7teGuz67z3O4=
69,54,bhxbyb6oP6wNpISIh6cZhlfnaDA=,/73S8sZkL83Xn2t7teGuz67z3O4=
68,54,bhxbyb6oP6wNpISIh6cZhlfnaDA=,/73S8sZkL83Xn2t7teGuz67z3O4=
64,55,bhxbyb6oP6wNpISIh6cZhlfnaDA=,/73S8sZkL83Xn2t7teGuz67z3O4=
67,54,bhxbyb6oP6wNpISIh6cZhlfnaDA=,/73S8sZkL83Xn2t7teGuz67z3O4=
66,54,bhxbyb6oP6wNpISIh6cZhlfnaDA=,/73S8sZkL83Xn2t7teGuz67z3O4=
79,53,bhxbyb6oP6wNpISIh6cZhlfnaDA=,/73S8sZkL83Xn2t7teGuz67z3O4=
79,54,bhxbyb6oP6wNpISIh6cZhlfnaDA=,/73S8sZkL83Xn2t7teGuz67z3O4=
78,53,bhxbyb6oP6wNpISIh6cZhlfnaDA=,/73S8sZkL83Xn2t7teGuz67z3O4=
77,53,bhxbyb6oP6wNpISIh6cZhlfnaDA=,/73S8sZkL83Xn2t7teGuz67z3O4=
76,53,bhxbyb6oP6wNpISIh6cZhlfnaDA=,/73S8sZkL83Xn2t7teGuz67z3O4=
75,53,bhxbyb6oP6wNpISIh6cZhlfnaDA=,/73S8sZkL83Xn2t7teGuz67z3O4=
73,53,bhxbyb6oP6wNpISIh6cZhlfnaDA=,/73S8sZkL83Xn2t7teGuz67z3O4=
74,53,bhxbyb6oP6wNpISIh6cZhlfnaDA=,/73S8sZkL83Xn2t7teGuz67z3O4=
72,53,bhxbyb6oP6wNpISIh6cZhlfnaDA=,/73S8sZkL83Xn2t7teGuz67z3O4=
71,53,bhxbyb6oP6wNpISIh6cZhlfnaDA=,/73S8sZkL83Xn2t7teGuz67z3O4=
71,48,bhxbyb6oP6wNpISIh6cZhlfnaDA=,/73S8sZkL83Xn2t7teGuz67z3O4=
70,53,bhxbyb6oP6wNpISIh6cZhlfnaDA=,/73S8sZkL83Xn2t7teGuz67z3O4=
72,54,bhxbyb6oP6wNpISIh6cZhlfnaDA=,/73S8sZkL83Xn2t7teGuz67z3O4=
69,53,bhxbyb6oP6wNpISIh6cZhlfnaDA=,/73S8sZkL83Xn2t7teGuz67z3O4=
68,53,bhxbyb6oP6wNpISIh6cZhlfnaDA=,/73S8sZkL83Xn2t7teGuz67z3O4=
67,50,bhxbyb6oP6wNpISIh6cZhlfnaDA=,/73S8sZkL83Xn2t7teGuz67z3O4=
67,53,bhxbyb6oP6wNpISIh6cZhlfnaDA=,/73S8sZkL83Xn2t7teGuz67z3O4=
65,54,bhxbyb6oP6wNpISIh6cZhlfnaDA=,/73S8sZkL83Xn2t7teGuz67z3O4=
66,53,bhxbyb6oP6wNpISIh6cZhlfnaDA=,/73S8sZkL83Xn2t7teGuz67z3O4=
79,52,bhxbyb6oP6wNpISIh6cZhlfnaDA=,/73S8sZkL83Xn2t7teGuz67z3O4=
70,48,bhxbyb6oP6wNpISIh6cZhlfnaDA=,/73S8sZkL83Xn2t7teGuz67z3O4=
78,52,bhxbyb6oP6wNpISIh6cZhlfnaDA=,/73S8sZkL83Xn2t7teGuz67z3O4=
77,52,bhxbyb6oP6wNpISIh6cZhlfnaDA=,/73S8sZkL83Xn2t7teGuz67z3O4=
76,52,bhxbyb6oP6wNpISIh6cZhlfnaDA=,/73S8sZkL83Xn2t7teGuz67z3O4=
75,52,bhxbyb6oP6wNpISIh6cZhlfnaDA=,/73S8sZkL83Xn2t7teGuz67z3O4=
74,52,bhxbyb6oP6wNpISIh6cZhlfnaDA=,/73S8sZkL83Xn2t7teGuz67z3O4=
73,52,bhxbyb6oP6wNpISIh6cZhlfnaDA=,/73S8sZkL83Xn2t7teGuz67z3O4=
64,53,bhxbyb6oP6wNpISIh6cZhlfnaDA=,/73S8sZkL83Xn2t7teGuz67z3O4=
72,52,bhxbyb6oP6wNpISIh6cZhlfnaDA=,/73S8sZkL83Xn2t7teGuz67z3O4=
70,52,bhxbyb6oP6wNpISIh6cZhlfnaDA=,/73S8sZkL83Xn2t7teGuz67z3O4=
69,52,bhxbyb6oP6wNpISIh6cZhlfnaDA=,/73S8sZkL83Xn2t7teGuz67z3O4=
68,52,bhxbyb6oP6wNpISIh6cZhlfnaDA=,/73S8sZkL83Xn2t7teGuz67z3O4=
69,48,bhxbyb6oP6wNpISIh6cZhlfnaDA=,/73S8sZkL83Xn2t7teGuz67z3O4=
65,53,bhxbyb6oP6wNpISIh6cZhlfnaDA=,/73S8sZkL83Xn2t7teGuz67z3O4=
67,52,bhxbyb6oP6wNpISIh6cZhlfnaDA=,/73S8sZkL83Xn2t7teGuz67z3O4=
66,52,bhxbyb6oP6wNpISIh6cZhlfnaDA=,/73S8sZkL83Xn2t7teGuz67z3O4=
71,52,bhxbyb6oP6wNpISIh6cZhlfnaDA=,/73S8sZkL83Xn2t7teGuz67z3O4=
65,52,bhxbyb6oP6wNpISIh6cZhlfnaDA=,/73S8sZkL83Xn2t7teGuz67z3O4=
69,57,bhxbyb6oP6wNpISIh6cZhlfnaDA=,/73S8sZkL83Xn2t7teGuz67z3O4=
79,51,bhxbyb6oP6wNpISIh6cZhlfnaDA=,/73S8sZkL83Xn2t7teGuz67z3O4=
78,51,bhxbyb6oP6wNpISIh6cZhlfnaDA=,/73S8sZkL83Xn2t7teGuz67z3O4=
65,50,bhxbyb6oP6wNpISIh6cZhlfnaDA=,/73S8sZkL83Xn2t7teGuz67z3O4=
64,48,bhxbyb6oP6wNpISIh6cZhlfnaDA=,/73S8sZkL83Xn2t7teGuz67z3O4=
76,51,bhxbyb6oP6wNpISIh6cZhlfnaDA=,/73S8sZkL83Xn2t7teGuz67z3O4=
77,51,bhxbyb6oP6wNpISIh6cZhlfnaDA=,/73S8sZkL83Xn2t7teGuz67z3O4=
75,51,bhxbyb6oP6wNpISIh6cZhlfnaDA=,/73S8sZkL83Xn2t7teGuz67z3O4=
74,51,bhxbyb6oP6wNpISIh6cZhlfnaDA=,/73S8sZkL83Xn2t7teGuz67z3O4=
66,50,bhxbyb6oP6wNpISIh6cZhlfnaDA=,/73S8sZkL83Xn2t7teGuz67z3O4=
71,51,bhxbyb6oP6wNpISIh6cZhlfnaDA=,/73S8sZkL83Xn2t7teGuz67z3O4=
64,52,bhxbyb6oP6wNpISIh6cZhlfnaDA=,/73S8sZkL83Xn2t7teGuz67z3O4=
69,51,bhxbyb6oP6wNpISIh6cZhlfnaDA=,/73S8sZkL83Xn2t7teGuz67z3O4=
68,51,bhxbyb6oP6wNpISIh6cZhlfnaDA=,/73S8sZkL83Xn2t7teGuz67z3O4=
67,51,bhxbyb6oP6wNpISIh6cZhlfnaDA=,/73S8sZkL83Xn2t7teGuz67z3O4=
68,48,bhxbyb6oP6wNpISIh6cZhlfnaDA=,/73S8sZkL83Xn2t7teGuz67z3O4=
64,50,bhxbyb6oP6wNpISIh6cZhlfnaDA=,/73S8sZkL83Xn2t7teGuz67z3O4=
66,51,bhxbyb6oP6wNpISIh6cZhlfnaDA=,/73S8sZkL83Xn2t7teGuz67z3O4=
64,54,bhxbyb6oP6wNpISIh6cZhlfnaDA=,/73S8sZkL83Xn2t7teGuz67z3O4=
79,50,bhxbyb6oP6wNpISIh6cZhlfnaDA=,/73S8sZkL83Xn2t7teGuz67z3O4=
65,51,bhxbyb6oP6wNpISIh6cZhlfnaDA=,/73S8sZkL83Xn2t7teGuz67z3O4=
64,51,bhxbyb6oP6wNpISIh6cZhlfnaDA=,/73S8sZkL83Xn2t7teGuz67z3O4=
72,51,bhxbyb6oP6wNpISIh6cZhlfnaDA=,/73S8sZkL83Xn2t7teGuz67z3O4=
70,51,bhxbyb6oP6wNpISIh6cZhlfnaDA=,/73S8sZkL83Xn2t7teGuz67z3O4=
73,51,bhxbyb6oP6wNpISIh6cZhlfnaDA=,/73S8sZkL83Xn2t7teGuz67z3O4=
92,51,hMxN7H/EG8Fw7WhPNsehug13ZcA=,GY/rqtVOkWpJKTuGtRsiWN//DS0=
83,48,hMxN7H/EG8Fw7WhPNsehug13ZcA=,GY/rqtVOkWpJKTuGtRsiWN//DS0=
93,50,hMxN7H/EG8Fw7WhPNsehug13ZcA=,GY/rqtVOkWpJKTuGtRsiWN//DS0=
95,49,hMxN7H/EG8Fw7WhPNsehug13ZcA=,GY/rqtVOkWpJKTuGtRsiWN//DS0=
91,50,hMxN7H/EG8Fw7WhPNsehug13ZcA=,GY/rqtVOkWpJKTuGtRsiWN//DS0=
92,50,hMxN7H/EG8Fw7WhPNsehug13ZcA=,GY/rqtVOkWpJKTuGtRsiWN//DS0=
90,50,hMxN7H/EG8Fw7WhPNsehug13ZcA=,GY/rqtVOkWpJKTuGtRsiWN//DS0=
89,50,hMxN7H/EG8Fw7WhPNsehug13ZcA=,GY/rqtVOkWpJKTuGtRsiWN//DS0=
88,50,hMxN7H/EG8Fw7WhPNsehug13ZcA=,GY/rqtVOkWpJKTuGtRsiWN//DS0=
87,50,hMxN7H/EG8Fw7WhPNsehug13ZcA=,GY/rqtVOkWpJKTuGtRsiWN//DS0=
86,50,hMxN7H/EG8Fw7WhPNsehug13ZcA=,GY/rqtVOkWpJKTuGtRsiWN//DS0=
85,50,hMxN7H/EG8Fw7WhPNsehug13ZcA=,GY/rqtVOkWpJKTuGtRsiWN//DS0=
83,50,hMxN7H/EG8Fw7WhPNsehug13ZcA=,GY/rqtVOkWpJKTuGtRsiWN//DS0=
95,63,hMxN7H/EG8Fw7WhPNsehug13ZcA=,GY/rqtVOkWpJKTuGtRsiWN//DS0=
82,50,hMxN7H/EG8Fw7WhPNsehug13ZcA=,GY/rqtVOkWpJKTuGtRsiWN//DS0=
91,51,hMxN7H/EG8Fw7WhPNsehug13ZcA=,GY/rqtVOkWpJKTuGtRsiWN//DS0=
81,50,hMxN7H/EG8Fw7WhPNsehug13ZcA=,GY/rqtVOkWpJKTuGtRsiWN//DS0=
92,63,hMxN7H/EG8Fw7WhPNsehug13ZcA=,GY/rqtVOkWpJKTuGtRsiWN//DS0=
94,63,hMxN7H/EG8Fw7WhPNsehug13ZcA=,GY/rqtVOkWpJKTuGtRsiWN//DS0=
84,50,hMxN7H/EG8Fw7WhPNsehug13ZcA=,GY/rqtVOkWpJKTuGtRsiWN//DS0=
80,50,hMxN7H/EG8Fw7WhPNsehug13ZcA=,GY/rqtVOkWpJKTuGtRsiWN//DS0=
91,63,hMxN7H/EG8Fw7WhPNsehug13ZcA=,GY/rqtVOkWpJKTuGtRsiWN//DS0=
90,63,hMxN7H/EG8Fw7WhPNsehug13ZcA=,GY/rqtVOkWpJKTuGtRsiWN//DS0=
89,63,hMxN7H/EG8Fw7WhPNsehug13ZcA=,GY/rqtVOkWpJKTuGtRsiWN//DS0=
88,63,hMxN7H/EG8Fw7WhPNsehug13ZcA=,GY/rqtVOkWpJKTuGtRsiWN//DS0=
87,63,hMxN7H/EG8Fw7WhPNsehug13ZcA=,GY/rqtVOkWpJKTuGtRsiWN//DS0=
86,63,hMxN7H/EG8Fw7WhPNsehug13ZcA=,GY/rqtVOkWpJKTuGtRsiWN//DS0=
84,63,hMxN7H/EG8Fw7WhPNsehug13ZcA=,GY/rqtVOkWpJKTuGtRsiWN//DS0=
83,63,hMxN7H/EG8Fw7WhPNsehug13ZcA=,GY/rqtVOkWpJKTuGtRsiWN//DS0=
82,48,hMxN7H/EG8Fw7WhPNsehug13ZcA=,GY/rqtVOkWpJKTuGtRsiWN//DS0=
82,63,hMxN7H/EG8Fw7WhPNsehug13ZcA=,GY/rqtVOkWpJKTuGtRsiWN//DS0=
90,51,hMxN7H/EG8Fw7WhPNsehug13ZcA=,GY/rqtVOkWpJKTuGtRsiWN//DS0=
85,63,hMxN7H/EG8Fw7WhPNsehug13ZcA=,GY/rqtVOkWpJKTuGtRsiWN//DS0=
80,63,hMxN7H/EG8Fw7WhPNsehug13ZcA=,GY/rqtVOkWpJKTuGtRsiWN//DS0=
81,63,hMxN7H/EG8Fw7WhPNsehug13ZcA=,GY/rqtVOkWpJKTuGtRsiWN//DS0=
94,49,hMxN7H/EG8Fw7WhPNsehug13ZcA=,GY/rqtVOkWpJKTuGtRsiWN//DS0=
94,62,hMxN7H/EG8Fw7WhPNsehug13ZcA=,GY/rqtVOkWpJKTuGtRsiWN//DS0=
93,62,hMxN7H/EG8Fw7WhPNsehug13ZcA=,GY/rqtVOkWpJKTuGtRsiWN//DS0=
92,62,hMxN7H/EG8Fw7WhPNsehug13ZcA=,GY/rqtVOkWpJKTuGtRsiWN//DS0=
91,62,hMxN7H/EG8Fw7WhPNsehug13ZcA=,GY/rqtVOkWpJKTuGtRsiWN//DS0=
90,62,hMxN7H/EG8Fw7WhPNsehug13ZcA=,GY/rqtVOkWpJKTuGtRsiWN//DS0=
89,62,hMxN7H/EG8Fw7WhPNsehug13ZcA=,GY/rqtVOkWpJKTuGtRsiWN//DS0=
87,62,hMxN7H/EG8Fw7WhPNsehug13ZcA=,GY/rqtVOkWpJKTuGtRsiWN//DS0=
86,62,hMxN7H/EG8Fw7WhPNsehug13ZcA=,GY/rqtVOkWpJKTuGtRsiWN//DS0=
85,62,hMxN7H/EG8Fw7WhPNsehug13ZcA=,GY/rqtVOkWpJKTuGtRsiWN//DS0=
84,62,hMxN7H/EG8Fw7WhPNsehug13ZcA=,GY/rqtVOkWpJKTuGtRsiWN//DS0=
95,62,hMxN7H/EG8Fw7WhPNsehug13ZcA=,GY/rqtVOkWpJKTuGtRsiWN//DS0=
83,62,hMxN7H/EG8Fw7WhPNsehug13ZcA=,GY/rqtVOkWpJKTuGtRsiWN//DS0=
82,62,hMxN7H/EG8Fw7WhPNsehug13ZcA=,GY/rqtVOkWpJKTuGtRsiWN//DS0=
81,49,hMxN7H/EG8Fw7WhPNsehug13ZcA=,GY/rqtVOkWpJKTuGtRsiWN//DS0=
81,62,hMxN7H/EG8Fw7WhPNsehug13ZcA=,GY/rqtVOkWpJKTuGtRsiWN//DS0=
80,62,hMxN7H/EG8Fw7WhPNsehug13ZcA=,GY/rqtVOkWpJKTuGtRsiWN//DS0=
89,51,hMxN7H/EG8Fw7WhPNsehug13ZcA=,GY/rqtVOkWpJKTuGtRsiWN//DS0=
95,61,hMxN7H/EG8Fw7WhPNsehug13ZcA=,GY/rqtVOkWpJKTuGtRsiWN//DS0=
94,61,hMxN7H/EG8Fw7WhPNsehug13ZcA=,GY/rqtVOkWpJKTuGtRsiWN//DS0=
80,49,hMxN7H/EG8Fw7WhPNsehug13ZcA=,GY/rqtVOkWpJKTuGtRsiWN//DS0=
81,48,hMxN7H/EG8Fw7WhPNsehug13ZcA=,GY/rqtVOkWpJKTuGtRsiWN//DS0=
92,61,hMxN7H/EG8Fw7WhPNsehug13ZcA=,GY/rqtVOkWpJKTuGtRsiWN//DS0=
91,61,hMxN7H/EG8Fw7WhPNsehug13ZcA=,GY/rqtVOkWpJKTuGtRsiWN//DS0=
90,61,hMxN7H/EG8Fw7WhPNsehug13ZcA=,GY/rqtVOkWpJKTuGtRsiWN//DS0=
89,61,hMxN7H/EG8Fw7WhPNsehug13ZcA=,GY/rqtVOkWpJKTuGtRsiWN//DS0=
88,61,hMxN7H/EG8Fw7WhPNsehug13ZcA=,GY/rqtVOkWpJKTuGtRsiWN//DS0=
86,61,hMxN7H/EG8Fw7WhPNsehug13ZcA=,GY/rqtVOkWpJKTuGtRsiWN//DS0=
93,63,hMxN7H/EG8Fw7WhPNsehug13ZcA=,GY/rqtVOkWpJKTuGtRsiWN//DS0=
84,61,hMxN7H/EG8Fw7WhPNsehug13ZcA=,GY/rqtVOkWpJKTuGtRsiWN//DS0=
93,49,hMxN7H/EG8Fw7WhPNsehug13ZcA=,GY/rqtVOkWpJKTuGtRsiWN//DS0=
95,48,hMxN7H/EG8Fw7WhPNsehug13ZcA=,GY/rqtVOkWpJKTuGtRsiWN//DS0=
83,61,hMxN7H/EG8Fw7WhPNsehug13ZcA=,GY/rqtVOkWpJKTuGtRsiWN//DS0=
88,51,hMxN7H/EG8Fw7WhPNsehug13ZcA=,GY/rqtVOkWpJKTuGtRsiWN//DS0=
82,61,hMxN7H/EG8Fw7WhPNsehug13ZcA=,GY/rqtVOkWpJKTuGtRsiWN//DS0=
81,61,hMxN7H/EG8Fw7WhPNsehug13ZcA=,GY/rqtVOkWpJKTuGtRsiWN//DS0=
92,49,hMxN7H/EG8Fw7WhPNsehug13ZcA=,GY/rqtVOkWpJKTuGtRsiWN//DS0=
95,60,hMxN7H/EG8Fw7WhPNsehug13ZcA=,GY/rqtVOkWpJKTuGtRsiWN//DS0=
80,61,hMxN7H/EG8Fw7WhPNsehug13ZcA=,GY/rqtVOkWpJKTuGtRsiWN//DS0=
94,60,hMxN7H/EG8Fw7WhPNsehug13ZcA=,GY/rqtVOkWpJKTuGtRsiWN//DS0=
93,60,hMxN7H/EG8Fw7WhPNsehug13ZcA=,GY/rqtVOkWpJKTuGtRsiWN//DS0=
92,60,hMxN7H/EG8Fw7WhPNsehug13ZcA=,GY/rqtVOkWpJKTuGtRsiWN//DS0=
91,60,hMxN7H/EG8Fw7WhPNsehug13ZcA=,GY/rqtVOkWpJKTuGtRsiWN//DS0=
90,60,hMxN7H/EG8Fw7WhPNsehug13ZcA=,GY/rqtVOkWpJKTuGtRsiWN//DS0=
89,60,hMxN7H/EG8Fw7WhPNsehug13ZcA=,GY/rqtVOkWpJKTuGtRsiWN//DS0=
87,61,hMxN7H/EG8Fw7WhPNsehug13ZcA=,GY/rqtVOkWpJKTuGtRsiWN//DS0=
88,60,hMxN7H/EG8Fw7WhPNsehug13ZcA=,GY/rqtVOkWpJKTuGtRsiWN//DS0=
86,60,hMxN7H/EG8Fw7WhPNsehug13ZcA=,GY/rqtVOkWpJKTuGtRsiWN//DS0=
93,61,hMxN7H/EG8Fw7WhPNsehug13ZcA=,GY/rqtVOkWpJKTuGtRsiWN//DS0=
84,60,hMxN7H/EG8Fw7WhPNsehug13ZcA=,GY/rqtVOkWpJKTuGtRsiWN//DS0=
88,62,hMxN7H/EG8Fw7WhPNsehug13ZcA=,GY/rqtVOkWpJKTuGtRsiWN//DS0=
94,48,hMxN7H/EG8Fw7WhPNsehug13ZcA=,GY/rqtVOkWpJKTuGtRsiWN//DS0=
87,60,hMxN7H/EG8Fw7WhPNsehug13ZcA=,GY/rqtVOkWpJKTuGtRsiWN//DS0=
87,51,hMxN7H/EG8Fw7WhPNsehug13ZcA=,GY/rqtVOkWpJKTuGtRsiWN//DS0=
83,60,hMxN7H/EG8Fw7WhPNsehug13ZcA=,GY/rqtVOkWpJKTuGtRsiWN//DS0=
82,60,hMxN7H/EG8Fw7WhPNsehug13ZcA=,GY/rqtVOkWpJKTuGtRsiWN//DS0=
80,60,hMxN7H/EG8Fw7WhPNsehug13ZcA=,GY/rqtVOkWpJKTuGtRsiWN//DS0=
91,49,hMxN7H/EG8Fw7WhPNsehug13ZcA=,GY/rqtVOkWpJKTuGtRsiWN//DS0=
81,60,hMxN7H/EG8Fw7WhPNsehug13ZcA=,GY/rqtVOkWpJKTuGtRsiWN//DS0=
94,59,hMxN7H/EG8Fw7WhPNsehug13ZcA=,GY/rqtVOkWpJKTuGtRsiWN//DS0=
93,59,hMxN7H/EG8Fw7WhPNsehug13ZcA=,GY/rqtVOkWpJKTuGtRsiWN//DS0=
92,59,hMxN7H/EG8Fw7WhPNsehug13ZcA=,GY/rqtVOkWpJKTuGtRsiWN//DS0=
91,59,hMxN7H/EG8Fw7WhPNsehug13ZcA=,GY/rqtVOkWpJKTuGtRsiWN//DS0=
90,59,hMxN7H/EG8Fw7WhPNsehug13ZcA=,GY/rqtVOkWpJKTuGtRsiWN//DS0=
95,59,hMxN7H/EG8Fw7WhPNsehug13ZcA=,GY/rqtVOkWpJKTuGtRsiWN//DS0=
89,59,hMxN7H/EG8Fw7WhPNsehug13ZcA=,GY/rqtVOkWpJKTuGtRsiWN//DS0=
87,59,hMxN7H/EG8Fw7WhPNsehug13ZcA=,GY/rqtVOkWpJKTuGtRsiWN//DS0=
88,59,hMxN7H/EG8Fw7WhPNsehug13ZcA=,GY/rqtVOkWpJKTuGtRsiWN//DS0=
85,59,hMxN7H/EG8Fw7WhPNsehug13ZcA=,GY/rqtVOkWpJKTuGtRsiWN//DS0=
93,48,hMxN7H/EG8Fw7WhPNsehug13ZcA=,GY/rqtVOkWpJKTuGtRsiWN//DS0=
86,51,hMxN7H/EG8Fw7WhPNsehug13ZcA=,GY/rqtVOkWpJKTuGtRsiWN//DS0=
84,59,hMxN7H/EG8Fw7WhPNsehug13ZcA=,GY/rqtVOkWpJKTuGtRsiWN//DS0=
83,59,hMxN7H/EG8Fw7WhPNsehug13ZcA=,GY/rqtVOkWpJKTuGtRsiWN//DS0=
90,49,hMxN7H/EG8Fw7WhPNsehug13ZcA=,GY/rqtVOkWpJKTuGtRsiWN//DS0=
80,59,hMxN7H/EG8Fw7WhPNsehug13ZcA=,GY/rqtVOkWpJKTuGtRsiWN//DS0=
82,59,hMxN7H/EG8Fw7WhPNsehug13ZcA=,GY/rqtVOkWpJKTuGtRsiWN//DS0=
95,58,hMxN7H/EG8Fw7WhPNsehug13ZcA=,GY/rqtVOkWpJKTuGtRsiWN//DS0=
81,59,hMxN7H/EG8Fw7WhPNsehug13ZcA=,GY/rqtVOkWpJKTuGtRsiWN//DS0=
85,61,hMxN7H/EG8Fw7WhPNsehug13ZcA=,GY/rqtVOkWpJKTuGtRsiWN//DS0=
85,60,hMxN7H/EG8Fw7WhPNsehug13ZcA=,GY/rqtVOkWpJKTuGtRsiWN//DS0=
94,58,hMxN7H/EG8Fw7WhPNsehug13ZcA=,GY/rqtVOkWpJKTuGtRsiWN//DS0=
90,58,hMxN7H/EG8Fw7WhPNsehug13ZcA=,GY/rqtVOkWpJKTuGtRsiWN//DS0=
89,58,hMxN7H/EG8Fw7WhPNsehug13ZcA=,GY/rqtVOkWpJKTuGtRsiWN//DS0=
88,58,hMxN7H/EG8Fw7WhPNsehug13ZcA=,GY/rqtVOkWpJKTuGtRsiWN//DS0=
91,58,hMxN7H/EG8Fw7WhPNsehug13ZcA=,GY/rqtVOkWpJKTuGtRsiWN//DS0=
86,58,hMxN7H/EG8Fw7WhPNsehug13ZcA=,GY/rqtVOkWpJKTuGtRsiWN//DS0=
87,58,hMxN7H/EG8Fw7WhPNsehug13ZcA=,GY/rqtVOkWpJKTuGtRsiWN//DS0=
92,48,hMxN7H/EG8Fw7WhPNsehug13ZcA=,GY/rqtVOkWpJKTuGtRsiWN//DS0=
85,51,hMxN7H/EG8Fw7WhPNsehug13ZcA=,GY/rqtVOkWpJKTuGtRsiWN//DS0=
85,58,hMxN7H/EG8Fw7WhPNsehug13ZcA=,GY/rqtVOkWpJKTuGtRsiWN//DS0=
83,58,hMxN7H/EG8Fw7WhPNsehug13ZcA=,GY/rqtVOkWpJKTuGtRsiWN//DS0=
84,58,hMxN7H/EG8Fw7WhPNsehug13ZcA=,GY/rqtVOkWpJKTuGtRsiWN//DS0=
82,58,hMxN7H/EG8Fw7WhPNsehug13ZcA=,GY/rqtVOkWpJKTuGtRsiWN//DS0=
81,58,hMxN7H/EG8Fw7WhPNsehug13ZcA=,GY/rqtVOkWpJKTuGtRsiWN//DS0=
89,49,hMxN7H/EG8Fw7WhPNsehug13ZcA=,GY/rqtVOkWpJKTuGtRsiWN//DS0=
80,58,hMxN7H/EG8Fw7WhPNsehug13ZcA=,GY/rqtVOkWpJKTuGtRsiWN//DS0=
95,57,hMxN7H/EG8Fw7WhPNsehug13ZcA=,GY/rqtVOkWpJKTuGtRsiWN//DS0=
94,57,hMxN7H/EG8Fw7WhPNsehug13ZcA=,GY/rqtVOkWpJKTuGtRsiWN//DS0=
93,57,hMxN7H/EG8Fw7WhPNsehug13ZcA=,GY/rqtVOkWpJKTuGtRsiWN//DS0=
86,59,hMxN7H/EG8Fw7WhPNsehug13ZcA=,GY/rqtVOkWpJKTuGtRsiWN//DS0=
92,57,hMxN7H/EG8Fw7WhPNsehug13ZcA=,GY/rqtVOkWpJKTuGtRsiWN//DS0=
91,57,hMxN7H/EG8Fw7WhPNsehug13ZcA=,GY/rqtVOkWpJKTuGtRsiWN//DS0=
89,57,hMxN7H/EG8Fw7WhPNsehug13ZcA=,GY/rqtVOkWpJKTuGtRsiWN//DS0=
88,57,hMxN7H/EG8Fw7WhPNsehug13ZcA=,GY/rqtVOkWpJKTuGtRsiWN//DS0=
91,48,hMxN7H/EG8Fw7WhPNsehug13ZcA=,GY/rqtVOkWpJKTuGtRsiWN//DS0=
84,51,hMxN7H/EG8Fw7WhPNsehug13ZcA=,GY/rqtVOkWpJKTuGtRsiWN//DS0=
90,57,hMxN7H/EG8Fw7WhPNsehug13ZcA=,GY/rqtVOkWpJKTuGtRsiWN//DS0=
87,57,hMxN7H/EG8Fw7WhPNsehug13ZcA=,GY/rqtVOkWpJKTuGtRsiWN//DS0=
84,57,hMxN7H/EG8Fw7WhPNsehug13ZcA=,GY/rqtVOkWpJKTuGtRsiWN//DS0=
93,58,hMxN7H/EG8Fw7WhPNsehug13ZcA=,GY/rqtVOkWpJKTuGtRsiWN//DS0=
83,57,hMxN7H/EG8Fw7WhPNsehug13ZcA=,GY/rqtVOkWpJKTuGtRsiWN//DS0=
81,57,hMxN7H/EG8Fw7WhPNsehug13ZcA=,GY/rqtVOkWpJKTuGtRsiWN//DS0=
82,57,hMxN7H/EG8Fw7WhPNsehug13ZcA=,GY/rqtVOkWpJKTuGtRsiWN//DS0=
88,49,hMxN7H/EG8Fw7WhPNsehug13ZcA=,GY/rqtVOkWpJKTuGtRsiWN//DS0=
80,57,hMxN7H/EG8Fw7WhPNsehug13ZcA=,GY/rqtVOkWpJKTuGtRsiWN//DS0=
95,56,hMxN7H/EG8Fw7WhPNsehug13ZcA=,GY/rqtVOkWpJKTuGtRsiWN//DS0=
93,56,hMxN7H/EG8Fw7WhPNsehug13ZcA=,GY/rqtVOkWpJKTuGtRsiWN//DS0=
94,56,hMxN7H/EG8Fw7WhPNsehug13ZcA=,GY/rqtVOkWpJKTuGtRsiWN//DS0=
92,56,hMxN7H/EG8Fw7WhPNsehug13ZcA=,GY/rqtVOkWpJKTuGtRsiWN//DS0=
91,56,hMxN7H/EG8Fw7WhPNsehug13ZcA=,GY/rqtVOkWpJKTuGtRsiWN//DS0=
90,56,hMxN7H/EG8Fw7WhPNsehug13ZcA=,GY/rqtVOkWpJKTuGtRsiWN//DS0=
89,56,hMxN7H/EG8Fw7WhPNsehug13ZcA=,GY/rqtVOkWpJKTuGtRsiWN//DS0=
88,56,hMxN7H/EG8Fw7WhPNsehug13ZcA=,GY/rqtVOkWpJKTuGtRsiWN//DS0=
90,48,hMxN7H/EG8Fw7WhPNsehug13ZcA=,GY/rqtVOkWpJKTuGtRsiWN//DS0=
86,56,hMxN7H/EG8Fw7WhPNsehug13ZcA=,GY/rqtVOkWpJKTuGtRsiWN//DS0=
87,56,hMxN7H/EG8Fw7WhPNsehug13ZcA=,GY/rqtVOkWpJKTuGtRsiWN//DS0=
83,51,hMxN7H/EG8Fw7WhPNsehug13ZcA=,GY/rqtVOkWpJKTuGtRsiWN//DS0=
85,56,hMxN7H/EG8Fw7WhPNsehug13ZcA=,GY/rqtVOkWpJKTuGtRsiWN//DS0=
84,56,hMxN7H/EG8Fw7WhPNsehug13ZcA=,GY/rqtVOkWpJKTuGtRsiWN//DS0=
82,56,hMxN7H/EG8Fw7WhPNsehug13ZcA=,GY/rqtVOkWpJKTuGtRsiWN//DS0=
81,56,hMxN7H/EG8Fw7WhPNsehug13ZcA=,GY/rqtVOkWpJKTuGtRsiWN//DS0=
87,49,hMxN7H/EG8Fw7WhPNsehug13ZcA=,GY/rqtVOkWpJKTuGtRsiWN//DS0=
80,56,hMxN7H/EG8Fw7WhPNsehug13ZcA=,GY/rqtVOkWpJKTuGtRsiWN//DS0=
95,55,hMxN7H/EG8Fw7WhPNsehug13ZcA=,GY/rqtVOkWpJKTuGtRsiWN//DS0=
83,56,hMxN7H/EG8Fw7WhPNsehug13ZcA=,GY/rqtVOkWpJKTuGtRsiWN//DS0=
94,55,hMxN7H/EG8Fw7WhPNsehug13ZcA=,GY/rqtVOkWpJKTuGtRsiWN//DS0=
93,55,hMxN7H/EG8Fw7WhPNsehug13ZcA=,GY/rqtVOkWpJKTuGtRsiWN//DS0=
92,55,hMxN7H/EG8Fw7WhPNsehug13ZcA=,GY/rqtVOkWpJKTuGtRsiWN//DS0=
91,55,hMxN7H/EG8Fw7WhPNsehug13ZcA=,GY/rqtVOkWpJKTuGtRsiWN//DS0=
90,55,hMxN7H/EG8Fw7WhPNsehug13ZcA=,GY/rqtVOkWpJKTuGtRsiWN//DS0=
89,55,hMxN7H/EG8Fw7WhPNsehug13ZcA=,GY/rqtVOkWpJKTuGtRsiWN//DS0=
89,48,hMxN7H/EG8Fw7WhPNsehug13ZcA=,GY/rqtVOkWpJKTuGtRsiWN//DS0=
82,51,hMxN7H/EG8Fw7WhPNsehug13ZcA=,GY/rqtVOkWpJKTuGtRsiWN//DS0=
88,55,hMxN7H/EG8Fw7WhPNsehug13ZcA=,GY/rqtVOkWpJKTuGtRsiWN//DS0=
87,55,hMxN7H/EG8Fw7WhPNsehug13ZcA=,GY/rqtVOkWpJKTuGtRsiWN//DS0=
86,55,hMxN7H/EG8Fw7WhPNsehug13ZcA=,GY/rqtVOkWpJKTuGtRsiWN//DS0=
84,55,hMxN7H/EG8Fw7WhPNsehug13ZcA=,GY/rqtVOkWpJKTuGtRsiWN//DS0=
83,55,hMxN7H/EG8Fw7WhPNsehug13ZcA=,GY/rqtVOkWpJKTuGtRsiWN//DS0=
82,55,hMxN7H/EG8Fw7WhPNsehug13ZcA=,GY/rqtVOkWpJKTuGtRsiWN//DS0=
92,58,hMxN7H/EG8Fw7WhPNsehug13ZcA=,GY/rqtVOkWpJKTuGtRsiWN//DS0=
86,49,hMxN7H/EG8Fw7WhPNsehug13ZcA=,GY/rqtVOkWpJKTuGtRsiWN//DS0=
80,55,hMxN7H/EG8Fw7WhPNsehug13ZcA=,GY/rqtVOkWpJKTuGtRsiWN//DS0=
95,54,hMxN7H/EG8Fw7WhPNsehug13ZcA=,GY/rqtVOkWpJKTuGtRsiWN//DS0=
94,54,hMxN7H/EG8Fw7WhPNsehug13ZcA=,GY/rqtVOkWpJKTuGtRsiWN//DS0=
93,54,hMxN7H/EG8Fw7WhPNsehug13ZcA=,GY/rqtVOkWpJKTuGtRsiWN//DS0=
92,54,hMxN7H/EG8Fw7WhPNsehug13ZcA=,GY/rqtVOkWpJKTuGtRsiWN//DS0=
91,54,hMxN7H/EG8Fw7WhPNsehug13ZcA=,GY/rqtVOkWpJKTuGtRsiWN//DS0=
90,54,hMxN7H/EG8Fw7WhPNsehug13ZcA=,GY/rqtVOkWpJKTuGtRsiWN//DS0=
88,48,hMxN7H/EG8Fw7WhPNsehug13ZcA=,GY/rqtVOkWpJKTuGtRsiWN//DS0=
81,51,hMxN7H/EG8Fw7WhPNsehug13ZcA=,GY/rqtVOkWpJKTuGtRsiWN//DS0=
89,54,hMxN7H/EG8Fw7WhPNsehug13ZcA=,GY/rqtVOkWpJKTuGtRsiWN//DS0=
88,54,hMxN7H/EG8Fw7WhPNsehug13ZcA=,GY/rqtVOkWpJKTuGtRsiWN//DS0=
81,55,hMxN7H/EG8Fw7WhPNsehug13ZcA=,GY/rqtVOkWpJKTuGtRsiWN//DS0=
87,54,hMxN7H/EG8Fw7WhPNsehug13ZcA=,GY/rqtVOkWpJKTuGtRsiWN//DS0=
86,54,hMxN7H/EG8Fw7WhPNsehug13ZcA=,GY/rqtVOkWpJKTuGtRsiWN//DS0=
85,54,hMxN7H/EG8Fw7WhPNsehug13ZcA=,GY/rqtVOkWpJKTuGtRsiWN//DS0=
84,54,hMxN7H/EG8Fw7WhPNsehug13ZcA=,GY/rqtVOkWpJKTuGtRsiWN//DS0=
83,54,hMxN7H/EG8Fw7WhPNsehug13ZcA=,GY/rqtVOkWpJKTuGtRsiWN//DS0=
82,54,hMxN7H/EG8Fw7WhPNsehug13ZcA=,GY/rqtVOkWpJKTuGtRsiWN//DS0=
81,54,hMxN7H/EG8Fw7WhPNsehug13ZcA=,GY/rqtVOkWpJKTuGtRsiWN//DS0=
80,54,hMxN7H/EG8Fw7WhPNsehug13ZcA=,GY/rqtVOkWpJKTuGtRsiWN//DS0=
85,49,hMxN7H/EG8Fw7WhPNsehug13ZcA=,GY/rqtVOkWpJKTuGtRsiWN//DS0=
94,53,hMxN7H/EG8Fw7WhPNsehug13ZcA=,GY/rqtVOkWpJKTuGtRsiWN//DS0=
93,53,hMxN7H/EG8Fw7WhPNsehug13ZcA=,GY/rqtVOkWpJKTuGtRsiWN//DS0=
92,53,hMxN7H/EG8Fw7WhPNsehug13ZcA=,GY/rqtVOkWpJKTuGtRsiWN//DS0=
91,53,hMxN7H/EG8Fw7WhPNsehug13ZcA=,GY/rqtVOkWpJKTuGtRsiWN//DS0=
95,53,hMxN7H/EG8Fw7WhPNsehug13ZcA=,GY/rqtVOkWpJKTuGtRsiWN//DS0=
84,49,hMxN7H/EG8Fw7WhPNsehug13ZcA=,GY/rqtVOkWpJKTuGtRsiWN//DS0=
87,48,hMxN7H/EG8Fw7WhPNsehug13ZcA=,GY/rqtVOkWpJKTuGtRsiWN//DS0=
80,51,hMxN7H/EG8Fw7WhPNsehug13ZcA=,GY/rqtVOkWpJKTuGtRsiWN//DS0=
89,53,hMxN7H/EG8Fw7WhPNsehug13ZcA=,GY/rqtVOkWpJKTuGtRsiWN//DS0=
90,53,hMxN7H/EG8Fw7WhPNsehug13ZcA=,GY/rqtVOkWpJKTuGtRsiWN//DS0=
88,53,hMxN7H/EG8Fw7WhPNsehug13ZcA=,GY/rqtVOkWpJKTuGtRsiWN//DS0=
86,53,hMxN7H/EG8Fw7WhPNsehug13ZcA=,GY/rqtVOkWpJKTuGtRsiWN//DS0=
85,55,hMxN7H/EG8Fw7WhPNsehug13ZcA=,GY/rqtVOkWpJKTuGtRsiWN//DS0=
87,53,hMxN7H/EG8Fw7WhPNsehug13ZcA=,GY/rqtVOkWpJKTuGtRsiWN//DS0=
85,53,hMxN7H/EG8Fw7WhPNsehug13ZcA=,GY/rqtVOkWpJKTuGtRsiWN//DS0=
83,53,hMxN7H/EG8Fw7WhPNsehug13ZcA=,GY/rqtVOkWpJKTuGtRsiWN//DS0=
84,53,hMxN7H/EG8Fw7WhPNsehug13ZcA=,GY/rqtVOkWpJKTuGtRsiWN//DS0=
81,53,hMxN7H/EG8Fw7WhPNsehug13ZcA=,GY/rqtVOkWpJKTuGtRsiWN//DS0=
83,49,hMxN7H/EG8Fw7WhPNsehug13ZcA=,GY/rqtVOkWpJKTuGtRsiWN//DS0=
80,53,hMxN7H/EG8Fw7WhPNsehug13ZcA=,GY/rqtVOkWpJKTuGtRsiWN//DS0=
95,52,hMxN7H/EG8Fw7WhPNsehug13ZcA=,GY/rqtVOkWpJKTuGtRsiWN//DS0=
94,52,hMxN7H/EG8Fw7WhPNsehug13ZcA=,GY/rqtVOkWpJKTuGtRsiWN//DS0=
92,52,hMxN7H/EG8Fw7WhPNsehug13ZcA=,GY/rqtVOkWpJKTuGtRsiWN//DS0=
93,52,hMxN7H/EG8Fw7WhPNsehug13ZcA=,GY/rqtVOkWpJKTuGtRsiWN//DS0=
91,52,hMxN7H/EG8Fw7WhPNsehug13ZcA=,GY/rqtVOkWpJKTuGtRsiWN//DS0=
86,57,hMxN7H/EG8Fw7WhPNsehug13ZcA=,GY/rqtVOkWpJKTuGtRsiWN//DS0=
95,50,hMxN7H/EG8Fw7WhPNsehug13ZcA=,GY/rqtVOkWpJKTuGtRsiWN//DS0=
90,52,hMxN7H/EG8Fw7WhPNsehug13ZcA=,GY/rqtVOkWpJKTuGtRsiWN//DS0=
80,48,hMxN7H/EG8Fw7WhPNsehug13ZcA=,GY/rqtVOkWpJKTuGtRsiWN//DS0=
86,48,hMxN7H/EG8Fw7WhPNsehug13ZcA=,GY/rqtVOkWpJKTuGtRsiWN//DS0=
89,52,hMxN7H/EG8Fw7WhPNsehug13ZcA=,GY/rqtVOkWpJKTuGtRsiWN//DS0=
86,52,hMxN7H/EG8Fw7WhPNsehug13ZcA=,GY/rqtVOkWpJKTuGtRsiWN//DS0=
87,52,hMxN7H/EG8Fw7WhPNsehug13ZcA=,GY/rqtVOkWpJKTuGtRsiWN//DS0=
88,52,hMxN7H/EG8Fw7WhPNsehug13ZcA=,GY/rqtVOkWpJKTuGtRsiWN//DS0=
84,52,hMxN7H/EG8Fw7WhPNsehug13ZcA=,GY/rqtVOkWpJKTuGtRsiWN//DS0=
82,52,hMxN7H/EG8Fw7WhPNsehug13ZcA=,GY/rqtVOkWpJKTuGtRsiWN//DS0=
81,52,hMxN7H/EG8Fw7WhPNsehug13ZcA=,GY/rqtVOkWpJKTuGtRsiWN//DS0=
82,49,hMxN7H/EG8Fw7WhPNsehug13ZcA=,GY/rqtVOkWpJKTuGtRsiWN//DS0=
85,52,hMxN7H/EG8Fw7WhPNsehug13ZcA=,GY/rqtVOkWpJKTuGtRsiWN//DS0=
85,48,hMxN7H/EG8Fw7WhPNsehug13ZcA=,GY/rqtVOkWpJKTuGtRsiWN//DS0=
80,52,hMxN7H/EG8Fw7WhPNsehug13ZcA=,GY/rqtVOkWpJKTuGtRsiWN//DS0=
95,51,hMxN7H/EG8Fw7WhPNsehug13ZcA=,GY/rqtVOkWpJKTuGtRsiWN//DS0=
94,51,hMxN7H/EG8Fw7WhPNsehug13ZcA=,GY/rqtVOkWpJKTuGtRsiWN//DS0=
84,48,hMxN7H/EG8Fw7WhPNsehug13ZcA=,GY/rqtVOkWpJKTuGtRsiWN//DS0=
94,50,hMxN7H/EG8Fw7WhPNsehug13ZcA=,GY/rqtVOkWpJKTuGtRsiWN//DS0=
93,51,hMxN7H/EG8Fw7WhPNsehug13ZcA=,GY/rqtVOkWpJKTuGtRsiWN//DS0=
83,52,hMxN7H/EG8Fw7WhPNsehug13ZcA=,GY/rqtVOkWpJKTuGtRsiWN//DS0=
82,53,hMxN7H/EG8Fw7WhPNsehug13ZcA=,GY/rqtVOkWpJKTuGtRsiWN//DS0=
85,57,hMxN7H/EG8Fw7WhPNsehug13ZcA=,GY/rqtVOkWpJKTuGtRsiWN//DS0=
