11,13,CICC66mM4aY9dEPL0YDTlh+KZno=,S6D2K1MOByA8+DGGgtb+MN0Db0M=
11,10,CICC66mM4aY9dEPL0YDTlh+KZno=,S6D2K1MOByA8+DGGgtb+MN0Db0M=
15,7,CICC66mM4aY9dEPL0YDTlh+KZno=,S6D2K1MOByA8+DGGgtb+MN0Db0M=
14,1,CICC66mM4aY9dEPL0YDTlh+KZno=,S6D2K1MOByA8+DGGgtb+MN0Db0M=
10,10,CICC66mM4aY9dEPL0YDTlh+KZno=,S6D2K1MOByA8+DGGgtb+MN0Db0M=
15,1,CICC66mM4aY9dEPL0YDTlh+KZno=,S6D2K1MOByA8+DGGgtb+MN0Db0M=
9,10,CICC66mM4aY9dEPL0YDTlh+KZno=,S6D2K1MOByA8+DGGgtb+MN0Db0M=
8,10,CICC66mM4aY9dEPL0YDTlh+KZno=,S6D2K1MOByA8+DGGgtb+MN0Db0M=
7,10,CICC66mM4aY9dEPL0YDTlh+KZno=,S6D2K1MOByA8+DGGgtb+MN0Db0M=
14,7,CICC66mM4aY9dEPL0YDTlh+KZno=,S6D2K1MOByA8+DGGgtb+MN0Db0M=
11,2,CICC66mM4aY9dEPL0YDTlh+KZno=,S6D2K1MOByA8+DGGgtb+MN0Db0M=
13,7,CICC66mM4aY9dEPL0YDTlh+KZno=,S6D2K1MOByA8+DGGgtb+MN0Db0M=
6,10,CICC66mM4aY9dEPL0YDTlh+KZno=,S6D2K1MOByA8+DGGgtb+MN0Db0M=
5,10,CICC66mM4aY9dEPL0YDTlh+KZno=,S6D2K1MOByA8+DGGgtb+MN0Db0M=
4,10,CICC66mM4aY9dEPL0YDTlh+KZno=,S6D2K1MOByA8+DGGgtb+MN0Db0M=
3,10,CICC66mM4aY9dEPL0YDTlh+KZno=,S6D2K1MOByA8+DGGgtb+MN0Db0M=
10,13,CICC66mM4aY9dEPL0YDTlh+KZno=,S6D2K1MOByA8+DGGgtb+MN0Db0M=
15,9,CICC66mM4aY9dEPL0YDTlh+KZno=,S6D2K1MOByA8+DGGgtb+MN0Db0M=
15,0,CICC66mM4aY9dEPL0YDTlh+KZno=,S6D2K1MOByA8+DGGgtb+MN0Db0M=
14,9,CICC66mM4aY9dEPL0YDTlh+KZno=,S6D2K1MOByA8+DGGgtb+MN0Db0M=
10,2,CICC66mM4aY9dEPL0YDTlh+KZno=,S6D2K1MOByA8+DGGgtb+MN0Db0M=
9,2,CICC66mM4aY9dEPL0YDTlh+KZno=,S6D2K1MOByA8+DGGgtb+MN0Db0M=
12,7,CICC66mM4aY9dEPL0YDTlh+KZno=,S6D2K1MOByA8+DGGgtb+MN0Db0M=
13,9,CICC66mM4aY9dEPL0YDTlh+KZno=,S6D2K1MOByA8+DGGgtb+MN0Db0M=
12,9,CICC66mM4aY9dEPL0YDTlh+KZno=,S6D2K1MOByA8+DGGgtb+MN0Db0M=
11,9,CICC66mM4aY9dEPL0YDTlh+KZno=,S6D2K1MOByA8+DGGgtb+MN0Db0M=
0,2,CICC66mM4aY9dEPL0YDTlh+KZno=,S6D2K1MOByA8+DGGgtb+MN0Db0M=
12,5,CICC66mM4aY9dEPL0YDTlh+KZno=,S6D2K1MOByA8+DGGgtb+MN0Db0M=
12,13,CICC66mM4aY9dEPL0YDTlh+KZno=,S6D2K1MOByA8+DGGgtb+MN0Db0M=
2,10,CICC66mM4aY9dEPL0YDTlh+KZno=,S6D2K1MOByA8+DGGgtb+MN0Db0M=
10,9,CICC66mM4aY9dEPL0YDTlh+KZno=,S6D2K1MOByA8+DGGgtb+MN0Db0M=
9,13,CICC66mM4aY9dEPL0YDTlh+KZno=,S6D2K1MOByA8+DGGgtb+MN0Db0M=
9,9,CICC66mM4aY9dEPL0YDTlh+KZno=,S6D2K1MOByA8+DGGgtb+MN0Db0M=
8,13,CICC66mM4aY9dEPL0YDTlh+KZno=,S6D2K1MOByA8+DGGgtb+MN0Db0M=
11,5,q1BeWij6rS20US4Xbjq97N9eEKU=,S6D2K1MOByA8+DGGgtb+MN0Db0M=
11,7,q1BeWij6rS20US4Xbjq97N9eEKU=,S6D2K1MOByA8+DGGgtb+MN0Db0M=
10,7,q1BeWij6rS20US4Xbjq97N9eEKU=,S6D2K1MOByA8+DGGgtb+MN0Db0M=
9,7,q1BeWij6rS20US4Xbjq97N9eEKU=,S6D2K1MOByA8+DGGgtb+MN0Db0M=
9,0,q1BeWij6rS20US4Xbjq97N9eEKU=,S6D2K1MOByA8+DGGgtb+MN0Db0M=
1,10,q1BeWij6rS20US4Xbjq97N9eEKU=,S6D2K1MOByA8+DGGgtb+MN0Db0M=
10,5,q1BeWij6rS20US4Xbjq97N9eEKU=,S6D2K1MOByA8+DGGgtb+MN0Db0M=
15,15,q1BeWij6rS20US4Xbjq97N9eEKU=,S6D2K1MOByA8+DGGgtb+MN0Db0M=
14,15,q1BeWij6rS20US4Xbjq97N9eEKU=,S6D2K1MOByA8+DGGgtb+MN0Db0M=
7,13,q1BeWij6rS20US4Xbjq97N9eEKU=,S6D2K1MOByA8+DGGgtb+MN0Db0M=
13,15,q1BeWij6rS20US4Xbjq97N9eEKU=,S6D2K1MOByA8+DGGgtb+MN0Db0M=
6,13,q1BeWij6rS20US4Xbjq97N9eEKU=,S6D2K1MOByA8+DGGgtb+MN0Db0M=
8,7,q1BeWij6rS20US4Xbjq97N9eEKU=,S6D2K1MOByA8+DGGgtb+MN0Db0M=
9,5,q1BeWij6rS20US4Xbjq97N9eEKU=,S6D2K1MOByA8+DGGgtb+MN0Db0M=
5,13,q1BeWij6rS20US4Xbjq97N9eEKU=,S6D2K1MOByA8+DGGgtb+MN0Db0M=
12,15,q1BeWij6rS20US4Xbjq97N9eEKU=,S6D2K1MOByA8+DGGgtb+MN0Db0M=
11,15,q1BeWij6rS20US4Xbjq97N9eEKU=,S6D2K1MOByA8+DGGgtb+MN0Db0M=
0,10,q1BeWij6rS20US4Xbjq97N9eEKU=,S6D2K1MOByA8+DGGgtb+MN0Db0M=
4,2,q1BeWij6rS20US4Xbjq97N9eEKU=,S6D2K1MOByA8+DGGgtb+MN0Db0M=
1,2,q1BeWij6rS20US4Xbjq97N9eEKU=,S6D2K1MOByA8+DGGgtb+MN0Db0M=
8,1,q1BeWij6rS20US4Xbjq97N9eEKU=,S6D2K1MOByA8+DGGgtb+MN0Db0M=
13,13,q1BeWij6rS20US4Xbjq97N9eEKU=,S6D2K1MOByA8+DGGgtb+MN0Db0M=
14,13,q1BeWij6rS20US4Xbjq97N9eEKU=,S6D2K1MOByA8+DGGgtb+MN0Db0M=
15,13,q1BeWij6rS20US4Xbjq97N9eEKU=,S6D2K1MOByA8+DGGgtb+MN0Db0M=
0,14,q1BeWij6rS20US4Xbjq97N9eEKU=,S6D2K1MOByA8+DGGgtb+MN0Db0M=
7,5,q1BeWij6rS20US4Xbjq97N9eEKU=,S6D2K1MOByA8+DGGgtb+MN0Db0M=
6,5,q1BeWij6rS20US4Xbjq97N9eEKU=,S6D2K1MOByA8+DGGgtb+MN0Db0M=
5,2,q1BeWij6rS20US4Xbjq97N9eEKU=,S6D2K1MOByA8+DGGgtb+MN0Db0M=
8,5,q1BeWij6rS20US4Xbjq97N9eEKU=,S6D2K1MOByA8+DGGgtb+MN0Db0M=
0,0,q1BeWij6rS20US4Xbjq97N9eEKU=,S6D2K1MOByA8+DGGgtb+MN0Db0M=
13,5,q1BeWij6rS20US4Xbjq97N9eEKU=,S6D2K1MOByA8+DGGgtb+MN0Db0M=
14,5,q1BeWij6rS20US4Xbjq97N9eEKU=,S6D2K1MOByA8+DGGgtb+MN0Db0M=
15,5,q1BeWij6rS20US4Xbjq97N9eEKU=,S6D2K1MOByA8+DGGgtb+MN0Db0M=
7,7,q1BeWij6rS20US4Xbjq97N9eEKU=,S6D2K1MOByA8+DGGgtb+MN0Db0M=
4,13,q1BeWij6rS20US4Xbjq97N9eEKU=,S6D2K1MOByA8+DGGgtb+MN0Db0M=
10,15,q1BeWij6rS20US4Xbjq97N9eEKU=,S6D2K1MOByA8+DGGgtb+MN0Db0M=
8,0,q1BeWij6rS20US4Xbjq97N9eEKU=,S6D2K1MOByA8+DGGgtb+MN0Db0M=
4,5,q1BeWij6rS20US4Xbjq97N9eEKU=,S6D2K1MOByA8+DGGgtb+MN0Db0M=
13,1,q1BeWij6rS20US4Xbjq97N9eEKU=,S6D2K1MOByA8+DGGgtb+MN0Db0M=
8,9,q1BeWij6rS20US4Xbjq97N9eEKU=,S6D2K1MOByA8+DGGgtb+MN0Db0M=
5,5,q1BeWij6rS20US4Xbjq97N9eEKU=,S6D2K1MOByA8+DGGgtb+MN0Db0M=
3,13,q1BeWij6rS20US4Xbjq97N9eEKU=,S6D2K1MOByA8+DGGgtb+MN0Db0M=
7,9,q1BeWij6rS20US4Xbjq97N9eEKU=,S6D2K1MOByA8+DGGgtb+MN0Db0M=
3,2,q1BeWij6rS20US4Xbjq97N9eEKU=,S6D2K1MOByA8+DGGgtb+MN0Db0M=
0,1,q1BeWij6rS20US4Xbjq97N9eEKU=,S6D2K1MOByA8+DGGgtb+MN0Db0M=
6,9,q1BeWij6rS20US4Xbjq97N9eEKU=,S6D2K1MOByA8+DGGgtb+MN0Db0M=
2,5,q1BeWij6rS20US4Xbjq97N9eEKU=,S6D2K1MOByA8+DGGgtb+MN0Db0M=
2,13,q1BeWij6rS20US4Xbjq97N9eEKU=,S6D2K1MOByA8+DGGgtb+MN0Db0M=
1,13,q1BeWij6rS20US4Xbjq97N9eEKU=,S6D2K1MOByA8+DGGgtb+MN0Db0M=
6,7,q1BeWij6rS20US4Xbjq97N9eEKU=,S6D2K1MOByA8+DGGgtb+MN0Db0M=
9,15,q1BeWij6rS20US4Xbjq97N9eEKU=,S6D2K1MOByA8+DGGgtb+MN0Db0M=
5,9,q1BeWij6rS20US4Xbjq97N9eEKU=,S6D2K1MOByA8+DGGgtb+MN0Db0M=
3,5,q1BeWij6rS20US4Xbjq97N9eEKU=,S6D2K1MOByA8+DGGgtb+MN0Db0M=
0,13,q1BeWij6rS20US4Xbjq97N9eEKU=,S6D2K1MOByA8+DGGgtb+MN0Db0M=
0,6,q1BeWij6rS20US4Xbjq97N9eEKU=,S6D2K1MOByA8+DGGgtb+MN0Db0M=
4,9,q1BeWij6rS20US4Xbjq97N9eEKU=,S6D2K1MOByA8+DGGgtb+MN0Db0M=
1,5,q1BeWij6rS20US4Xbjq97N9eEKU=,S6D2K1MOByA8+DGGgtb+MN0Db0M=
3,9,q1BeWij6rS20US4Xbjq97N9eEKU=,S6D2K1MOByA8+DGGgtb+MN0Db0M=
15,4,q1BeWij6rS20US4Xbjq97N9eEKU=,S6D2K1MOByA8+DGGgtb+MN0Db0M=
15,12,q1BeWij6rS20US4Xbjq97N9eEKU=,S6D2K1MOByA8+DGGgtb+MN0Db0M=
0,5,q1BeWij6rS20US4Xbjq97N9eEKU=,S6D2K1MOByA8+DGGgtb+MN0Db0M=
13,12,q1BeWij6rS20US4Xbjq97N9eEKU=,S6D2K1MOByA8+DGGgtb+MN0Db0M=
14,12,q1BeWij6rS20US4Xbjq97N9eEKU=,S6D2K1MOByA8+DGGgtb+MN0Db0M=
2,9,q1BeWij6rS20US4Xbjq97N9eEKU=,S6D2K1MOByA8+DGGgtb+MN0Db0M=
12,12,q1BeWij6rS20US4Xbjq97N9eEKU=,S6D2K1MOByA8+DGGgtb+MN0Db0M=
14,0,q1BeWij6rS20US4Xbjq97N9eEKU=,S6D2K1MOByA8+DGGgtb+MN0Db0M=
8,15,q1BeWij6rS20US4Xbjq97N9eEKU=,S6D2K1MOByA8+DGGgtb+MN0Db0M=
15,8,q1BeWij6rS20US4Xbjq97N9eEKU=,S6D2K1MOByA8+DGGgtb+MN0Db0M=
11,12,q1BeWij6rS20US4Xbjq97N9eEKU=,S6D2K1MOByA8+DGGgtb+MN0Db0M=
10,12,q1BeWij6rS20US4Xbjq97N9eEKU=,S6D2K1MOByA8+DGGgtb+MN0Db0M=
7,15,q1BeWij6rS20US4Xbjq97N9eEKU=,S6D2K1MOByA8+DGGgtb+MN0Db0M=
14,8,q1BeWij6rS20US4Xbjq97N9eEKU=,S6D2K1MOByA8+DGGgtb+MN0Db0M=
9,12,q1BeWij6rS20US4Xbjq97N9eEKU=,S6D2K1MOByA8+DGGgtb+MN0Db0M=
5,7,q1BeWij6rS20US4Xbjq97N9eEKU=,S6D2K1MOByA8+DGGgtb+MN0Db0M=
8,12,q1BeWij6rS20US4Xbjq97N9eEKU=,S6D2K1MOByA8+DGGgtb+MN0Db0M=
14,4,q1BeWij6rS20US4Xbjq97N9eEKU=,S6D2K1MOByA8+DGGgtb+MN0Db0M=
7,12,q1BeWij6rS20US4Xbjq97N9eEKU=,S6D2K1MOByA8+DGGgtb+MN0Db0M=
6,12,q1BeWij6rS20US4Xbjq97N9eEKU=,S6D2K1MOByA8+DGGgtb+MN0Db0M=
0,9,q1BeWij6rS20US4Xbjq97N9eEKU=,S6D2K1MOByA8+DGGgtb+MN0Db0M=
5,12,q1BeWij6rS20US4Xbjq97N9eEKU=,S6D2K1MOByA8+DGGgtb+MN0Db0M=
13,8,q1BeWij6rS20US4Xbjq97N9eEKU=,S6D2K1MOByA8+DGGgtb+MN0Db0M=
1,6,q1BeWij6rS20US4Xbjq97N9eEKU=,S6D2K1MOByA8+DGGgtb+MN0Db0M=
1,9,q1BeWij6rS20US4Xbjq97N9eEKU=,S6D2K1MOByA8+DGGgtb+MN0Db0M=
3,12,q1BeWij6rS20US4Xbjq97N9eEKU=,S6D2K1MOByA8+DGGgtb+MN0Db0M=
12,8,q1BeWij6rS20US4Xbjq97N9eEKU=,S6D2K1MOByA8+DGGgtb+MN0Db0M=
2,12,q1BeWij6rS20US4Xbjq97N9eEKU=,S6D2K1MOByA8+DGGgtb+MN0Db0M=
11,8,q1BeWij6rS20US4Xbjq97N9eEKU=,S6D2K1MOByA8+DGGgtb+MN0Db0M=
1,12,q1BeWij6rS20US4Xbjq97N9eEKU=,S6D2K1MOByA8+DGGgtb+MN0Db0M=
4,12,q1BeWij6rS20US4Xbjq97N9eEKU=,S6D2K1MOByA8+DGGgtb+MN0Db0M=
0,12,q1BeWij6rS20US4Xbjq97N9eEKU=,S6D2K1MOByA8+DGGgtb+MN0Db0M=
13,4,q1BeWij6rS20US4Xbjq97N9eEKU=,S6D2K1MOByA8+DGGgtb+MN0Db0M=
13,0,q1BeWij6rS20US4Xbjq97N9eEKU=,S6D2K1MOByA8+DGGgtb+MN0Db0M=
10,8,q1BeWij6rS20US4Xbjq97N9eEKU=,S6D2K1MOByA8+DGGgtb+MN0Db0M=
15,11,q1BeWij6rS20US4Xbjq97N9eEKU=,S6D2K1MOByA8+DGGgtb+MN0Db0M=
9,8,q1BeWij6rS20US4Xbjq97N9eEKU=,S6D2K1MOByA8+DGGgtb+MN0Db0M=
13,11,q1BeWij6rS20US4Xbjq97N9eEKU=,S6D2K1MOByA8+DGGgtb+MN0Db0M=
12,11,q1BeWij6rS20US4Xbjq97N9eEKU=,S6D2K1MOByA8+DGGgtb+MN0Db0M=
8,8,q1BeWij6rS20US4Xbjq97N9eEKU=,S6D2K1MOByA8+DGGgtb+MN0Db0M=
14,11,q1BeWij6rS20US4Xbjq97N9eEKU=,S6D2K1MOByA8+DGGgtb+MN0Db0M=
10,11,q1BeWij6rS20US4Xbjq97N9eEKU=,S6D2K1MOByA8+DGGgtb+MN0Db0M=
12,4,q1BeWij6rS20US4Xbjq97N9eEKU=,S6D2K1MOByA8+DGGgtb+MN0Db0M=
11,11,q1BeWij6rS20US4Xbjq97N9eEKU=,S6D2K1MOByA8+DGGgtb+MN0Db0M=
2,2,q1BeWij6rS20US4Xbjq97N9eEKU=,S6D2K1MOByA8+DGGgtb+MN0Db0M=
7,8,q1BeWij6rS20US4Xbjq97N9eEKU=,S6D2K1MOByA8+DGGgtb+MN0Db0M=
11,4,q1BeWij6rS20US4Xbjq97N9eEKU=,S6D2K1MOByA8+DGGgtb+MN0Db0M=
3,0,q1BeWij6rS20US4Xbjq97N9eEKU=,S6D2K1MOByA8+DGGgtb+MN0Db0M=
6,15,q1BeWij6rS20US4Xbjq97N9eEKU=,S6D2K1MOByA8+DGGgtb+MN0Db0M=
9,11,q1BeWij6rS20US4Xbjq97N9eEKU=,S6D2K1MOByA8+DGGgtb+MN0Db0M=
8,11,q1BeWij6rS20US4Xbjq97N9eEKU=,S6D2K1MOByA8+DGGgtb+MN0Db0M=
10,4,q1BeWij6rS20US4Xbjq97N9eEKU=,S6D2K1MOByA8+DGGgtb+MN0Db0M=
7,11,q1BeWij6rS20US4Xbjq97N9eEKU=,S6D2K1MOByA8+DGGgtb+MN0Db0M=
6,11,q1BeWij6rS20US4Xbjq97N9eEKU=,S6D2K1MOByA8+DGGgtb+MN0Db0M=
5,15,q1BeWij6rS20US4Xbjq97N9eEKU=,S6D2K1MOByA8+DGGgtb+MN0Db0M=
9,4,q1BeWij6rS20US4Xbjq97N9eEKU=,S6D2K1MOByA8+DGGgtb+MN0Db0M=
4,11,q1BeWij6rS20US4Xbjq97N9eEKU=,S6D2K1MOByA8+DGGgtb+MN0Db0M=
5,11,q1BeWij6rS20US4Xbjq97N9eEKU=,S6D2K1MOByA8+DGGgtb+MN0Db0M=
2,6,q1BeWij6rS20US4Xbjq97N9eEKU=,S6D2K1MOByA8+DGGgtb+MN0Db0M=
1,14,q1BeWij6rS20US4Xbjq97N9eEKU=,S6D2K1MOByA8+DGGgtb+MN0Db0M=
7,0,q1BeWij6rS20US4Xbjq97N9eEKU=,S6D2K1MOByA8+DGGgtb+MN0Db0M=
12,2,q1BeWij6rS20US4Xbjq97N9eEKU=,S6D2K1MOByA8+DGGgtb+MN0Db0M=
3,11,q1BeWij6rS20US4Xbjq97N9eEKU=,S6D2K1MOByA8+DGGgtb+MN0Db0M=
6,8,q1BeWij6rS20US4Xbjq97N9eEKU=,S6D2K1MOByA8+DGGgtb+MN0Db0M=
5,8,q1BeWij6rS20US4Xbjq97N9eEKU=,S6D2K1MOByA8+DGGgtb+MN0Db0M=
7,1,q1BeWij6rS20US4Xbjq97N9eEKU=,S6D2K1MOByA8+DGGgtb+MN0Db0M=
2,14,q1BeWij6rS20US4Xbjq97N9eEKU=,S6D2K1MOByA8+DGGgtb+MN0Db0M=
4,15,q1BeWij6rS20US4Xbjq97N9eEKU=,S6D2K1MOByA8+DGGgtb+MN0Db0M=
4,7,q1BeWij6rS20US4Xbjq97N9eEKU=,S6D2K1MOByA8+DGGgtb+MN0Db0M=
8,4,q1BeWij6rS20US4Xbjq97N9eEKU=,S6D2K1MOByA8+DGGgtb+MN0Db0M=
3,6,q1BeWij6rS20US4Xbjq97N9eEKU=,S6D2K1MOByA8+DGGgtb+MN0Db0M=
3,7,q1BeWij6rS20US4Xbjq97N9eEKU=,S6D2K1MOByA8+DGGgtb+MN0Db0M=
2,7,q1BeWij6rS20US4Xbjq97N9eEKU=,S6D2K1MOByA8+DGGgtb+MN0Db0M=
15,6,q1BeWij6rS20US4Xbjq97N9eEKU=,S6D2K1MOByA8+DGGgtb+MN0Db0M=
13,6,q1BeWij6rS20US4Xbjq97N9eEKU=,S6D2K1MOByA8+DGGgtb+MN0Db0M=
12,6,q1BeWij6rS20US4Xbjq97N9eEKU=,S6D2K1MOByA8+DGGgtb+MN0Db0M=
14,6,q1BeWij6rS20US4Xbjq97N9eEKU=,S6D2K1MOByA8+DGGgtb+MN0Db0M=
1,1,q1BeWij6rS20US4Xbjq97N9eEKU=,S6D2K1MOByA8+DGGgtb+MN0Db0M=
12,0,q1BeWij6rS20US4Xbjq97N9eEKU=,S6D2K1MOByA8+DGGgtb+MN0Db0M=
3,14,q1BeWij6rS20US4Xbjq97N9eEKU=,S6D2K1MOByA8+DGGgtb+MN0Db0M=
12,10,q1BeWij6rS20US4Xbjq97N9eEKU=,S6D2K1MOByA8+DGGgtb+MN0Db0M=
1,7,q1BeWij6rS20US4Xbjq97N9eEKU=,S6D2K1MOByA8+DGGgtb+MN0Db0M=
7,4,q1BeWij6rS20US4Xbjq97N9eEKU=,S6D2K1MOByA8+DGGgtb+MN0Db0M=
10,6,q1BeWij6rS20US4Xbjq97N9eEKU=,S6D2K1MOByA8+DGGgtb+MN0Db0M=
11,6,q1BeWij6rS20US4Xbjq97N9eEKU=,S6D2K1MOByA8+DGGgtb+MN0Db0M=
9,6,q1BeWij6rS20US4Xbjq97N9eEKU=,S6D2K1MOByA8+DGGgtb+MN0Db0M=
11,0,q1BeWij6rS20US4Xbjq97N9eEKU=,S6D2K1MOByA8+DGGgtb+MN0Db0M=
8,6,q1BeWij6rS20US4Xbjq97N9eEKU=,S6D2K1MOByA8+DGGgtb+MN0Db0M=
0,7,q1BeWij6rS20US4Xbjq97N9eEKU=,S6D2K1MOByA8+DGGgtb+MN0Db0M=
6,4,q1BeWij6rS20US4Xbjq97N9eEKU=,S6D2K1MOByA8+DGGgtb+MN0Db0M=
5,4,q1BeWij6rS20US4Xbjq97N9eEKU=,S6D2K1MOByA8+DGGgtb+MN0Db0M=
4,4,q1BeWij6rS20US4Xbjq97N9eEKU=,S6D2K1MOByA8+DGGgtb+MN0Db0M=
4,14,q1BeWij6rS20US4Xbjq97N9eEKU=,S6D2K1MOByA8+DGGgtb+MN0Db0M=
4,6,q1BeWij6rS20US4Xbjq97N9eEKU=,S6D2K1MOByA8+DGGgtb+MN0Db0M=
3,8,q1BeWij6rS20US4Xbjq97N9eEKU=,S6D2K1MOByA8+DGGgtb+MN0Db0M=
5,14,q1BeWij6rS20US4Xbjq97N9eEKU=,S6D2K1MOByA8+DGGgtb+MN0Db0M=
5,6,q1BeWij6rS20US4Xbjq97N9eEKU=,S6D2K1MOByA8+DGGgtb+MN0Db0M=
4,8,q1BeWij6rS20US4Xbjq97N9eEKU=,S6D2K1MOByA8+DGGgtb+MN0Db0M=
6,0,q1BeWij6rS20US4Xbjq97N9eEKU=,S6D2K1MOByA8+DGGgtb+MN0Db0M=
6,14,q1BeWij6rS20US4Xbjq97N9eEKU=,S6D2K1MOByA8+DGGgtb+MN0Db0M=
2,8,q1BeWij6rS20US4Xbjq97N9eEKU=,S6D2K1MOByA8+DGGgtb+MN0Db0M=
3,4,q1BeWij6rS20US4Xbjq97N9eEKU=,S6D2K1MOByA8+DGGgtb+MN0Db0M=
1,8,q1BeWij6rS20US4Xbjq97N9eEKU=,S6D2K1MOByA8+DGGgtb+MN0Db0M=
8,2,q1BeWij6rS20US4Xbjq97N9eEKU=,S6D2K1MOByA8+DGGgtb+MN0Db0M=
0,8,q1BeWij6rS20US4Xbjq97N9eEKU=,S6D2K1MOByA8+DGGgtb+MN0Db0M=
2,1,q1BeWij6rS20US4Xbjq97N9eEKU=,S6D2K1MOByA8+DGGgtb+MN0Db0M=
2,0,q1BeWij6rS20US4Xbjq97N9eEKU=,S6D2K1MOByA8+DGGgtb+MN0Db0M=
7,14,q1BeWij6rS20US4Xbjq97N9eEKU=,S6D2K1MOByA8+DGGgtb+MN0Db0M=
10,14,q1BeWij6rS20US4Xbjq97N9eEKU=,S6D2K1MOByA8+DGGgtb+MN0Db0M=
8,14,q1BeWij6rS20US4Xbjq97N9eEKU=,S6D2K1MOByA8+DGGgtb+MN0Db0M=
9,14,q1BeWij6rS20US4Xbjq97N9eEKU=,S6D2K1MOByA8+DGGgtb+MN0Db0M=
9,1,q1BeWij6rS20US4Xbjq97N9eEKU=,S6D2K1MOByA8+DGGgtb+MN0Db0M=
11,14,q1BeWij6rS20US4Xbjq97N9eEKU=,S6D2K1MOByA8+DGGgtb+MN0Db0M=
13,10,q1BeWij6rS20US4Xbjq97N9eEKU=,S6D2K1MOByA8+DGGgtb+MN0Db0M=
12,14,q1BeWij6rS20US4Xbjq97N9eEKU=,S6D2K1MOByA8+DGGgtb+MN0Db0M=
13,14,q1BeWij6rS20US4Xbjq97N9eEKU=,S6D2K1MOByA8+DGGgtb+MN0Db0M=
14,3,q1BeWij6rS20US4Xbjq97N9eEKU=,S6D2K1MOByA8+DGGgtb+MN0Db0M=
2,4,q1BeWij6rS20US4Xbjq97N9eEKU=,S6D2K1MOByA8+DGGgtb+MN0Db0M=
13,3,q1BeWij6rS20US4Xbjq97N9eEKU=,S6D2K1MOByA8+DGGgtb+MN0Db0M=
12,3,q1BeWij6rS20US4Xbjq97N9eEKU=,S6D2K1MOByA8+DGGgtb+MN0Db0M=
15,3,q1BeWij6rS20US4Xbjq97N9eEKU=,S6D2K1MOByA8+DGGgtb+MN0Db0M=
7,2,q1BeWij6rS20US4Xbjq97N9eEKU=,S6D2K1MOByA8+DGGgtb+MN0Db0M=
12,1,q1BeWij6rS20US4Xbjq97N9eEKU=,S6D2K1MOByA8+DGGgtb+MN0Db0M=
11,3,q1BeWij6rS20US4Xbjq97N9eEKU=,S6D2K1MOByA8+DGGgtb+MN0Db0M=
0,4,q1BeWij6rS20US4Xbjq97N9eEKU=,S6D2K1MOByA8+DGGgtb+MN0Db0M=
3,15,q1BeWij6rS20US4Xbjq97N9eEKU=,S6D2K1MOByA8+DGGgtb+MN0Db0M=
2,15,q1BeWij6rS20US4Xbjq97N9eEKU=,S6D2K1MOByA8+DGGgtb+MN0Db0M=
10,3,q1BeWij6rS20US4Xbjq97N9eEKU=,S6D2K1MOByA8+DGGgtb+MN0Db0M=
10,0,q1BeWij6rS20US4Xbjq97N9eEKU=,S6D2K1MOByA8+DGGgtb+MN0Db0M=
1,4,q1BeWij6rS20US4Xbjq97N9eEKU=,S6D2K1MOByA8+DGGgtb+MN0Db0M=
1,11,q1BeWij6rS20US4Xbjq97N9eEKU=,S6D2K1MOByA8+DGGgtb+MN0Db0M=
7,6,q1BeWij6rS20US4Xbjq97N9eEKU=,S6D2K1MOByA8+DGGgtb+MN0Db0M=
2,11,q1BeWij6rS20US4Xbjq97N9eEKU=,S6D2K1MOByA8+DGGgtb+MN0Db0M=
0,11,q1BeWij6rS20US4Xbjq97N9eEKU=,S6D2K1MOByA8+DGGgtb+MN0Db0M=
15,10,q1BeWij6rS20US4Xbjq97N9eEKU=,S6D2K1MOByA8+DGGgtb+MN0Db0M=
9,3,q1BeWij6rS20US4Xbjq97N9eEKU=,S6D2K1MOByA8+DGGgtb+MN0Db0M=
5,0,q1BeWij6rS20US4Xbjq97N9eEKU=,S6D2K1MOByA8+DGGgtb+MN0Db0M=
8,3,q1BeWij6rS20US4Xbjq97N9eEKU=,S6D2K1MOByA8+DGGgtb+MN0Db0M=
3,1,q1BeWij6rS20US4Xbjq97N9eEKU=,S6D2K1MOByA8+DGGgtb+MN0Db0M=
6,6,q1BeWij6rS20US4Xbjq97N9eEKU=,S6D2K1MOByA8+DGGgtb+MN0Db0M=
11,1,q1BeWij6rS20US4Xbjq97N9eEKU=,S6D2K1MOByA8+DGGgtb+MN0Db0M=
6,2,q1BeWij6rS20US4Xbjq97N9eEKU=,S6D2K1MOByA8+DGGgtb+MN0Db0M=
4,1,q1BeWij6rS20US4Xbjq97N9eEKU=,S6D2K1MOByA8+DGGgtb+MN0Db0M=
6,3,q1BeWij6rS20US4Xbjq97N9eEKU=,S6D2K1MOByA8+DGGgtb+MN0Db0M=
7,3,q1BeWij6rS20US4Xbjq97N9eEKU=,S6D2K1MOByA8+DGGgtb+MN0Db0M=
0,15,q1BeWij6rS20US4Xbjq97N9eEKU=,S6D2K1MOByA8+DGGgtb+MN0Db0M=
5,3,q1BeWij6rS20US4Xbjq97N9eEKU=,S6D2K1MOByA8+DGGgtb+MN0Db0M=
1,15,q1BeWij6rS20US4Xbjq97N9eEKU=,S6D2K1MOByA8+DGGgtb+MN0Db0M=
4,0,q1BeWij6rS20US4Xbjq97N9eEKU=,S6D2K1MOByA8+DGGgtb+MN0Db0M=
5,1,q1BeWij6rS20US4Xbjq97N9eEKU=,S6D2K1MOByA8+DGGgtb+MN0Db0M=
4,3,q1BeWij6rS20US4Xbjq97N9eEKU=,S6D2K1MOByA8+DGGgtb+MN0Db0M=
0,3,q1BeWij6rS20US4Xbjq97N9eEKU=,S6D2K1MOByA8+DGGgtb+MN0Db0M=
15,2,q1BeWij6rS20US4Xbjq97N9eEKU=,S6D2K1MOByA8+DGGgtb+MN0Db0M=
10,1,q1BeWij6rS20US4Xbjq97N9eEKU=,S6D2K1MOByA8+DGGgtb+MN0Db0M=
14,2,q1BeWij6rS20US4Xbjq97N9eEKU=,S6D2K1MOByA8+DGGgtb+MN0Db0M=
15,14,q1BeWij6rS20US4Xbjq97N9eEKU=,S6D2K1MOByA8+DGGgtb+MN0Db0M=
14,14,q1BeWij6rS20US4Xbjq97N9eEKU=,S6D2K1MOByA8+DGGgtb+MN0Db0M=
14,10,q1BeWij6rS20US4Xbjq97N9eEKU=,S6D2K1MOByA8+DGGgtb+MN0Db0M=
3,3,q1BeWij6rS20US4Xbjq97N9eEKU=,S6D2K1MOByA8+DGGgtb+MN0Db0M=
2,3,q1BeWij6rS20US4Xbjq97N9eEKU=,S6D2K1MOByA8+DGGgtb+MN0Db0M=
13,2,q1BeWij6rS20US4Xbjq97N9eEKU=,S6D2K1MOByA8+DGGgtb+MN0Db0M=
1,0,q1BeWij6rS20US4Xbjq97N9eEKU=,S6D2K1MOByA8+DGGgtb+MN0Db0M=
1,3,q1BeWij6rS20US4Xbjq97N9eEKU=,S6D2K1MOByA8+DGGgtb+MN0Db0M=
6,1,q1BeWij6rS20US4Xbjq97N9eEKU=,S6D2K1MOByA8+DGGgtb+MN0Db0M=
