12,-29,uKshyD+HmlmRpEfbFNdOAQ8LAN0=,vjcITlJYamqbpY1kLSlKUt7kxG4=
15,-17,uKshyD+HmlmRpEfbFNdOAQ8LAN0=,vjcITlJYamqbpY1kLSlKUt7kxG4=
14,-17,uKshyD+HmlmRpEfbFNdOAQ8LAN0=,vjcITlJYamqbpY1kLSlKUt7kxG4=
13,-17,uKshyD+HmlmRpEfbFNdOAQ8LAN0=,vjcITlJYamqbpY1kLSlKUt7kxG4=
12,-17,uKshyD+HmlmRpEfbFNdOAQ8LAN0=,vjcITlJYamqbpY1kLSlKUt7kxG4=
11,-29,uKshyD+HmlmRpEfbFNdOAQ8LAN0=,vjcITlJYamqbpY1kLSlKUt7kxG4=
11,-17,uKshyD+HmlmRpEfbFNdOAQ8LAN0=,vjcITlJYamqbpY1kLSlKUt7kxG4=
10,-17,uKshyD+HmlmRpEfbFNdOAQ8LAN0=,vjcITlJYamqbpY1kLSlKUt7kxG4=
9,-17,uKshyD+HmlmRpEfbFNdOAQ8LAN0=,vjcITlJYamqbpY1kLSlKUt7kxG4=
8,-17,uKshyD+HmlmRpEfbFNdOAQ8LAN0=,vjcITlJYamqbpY1kLSlKUt7kxG4=
7,-17,uKshyD+HmlmRpEfbFNdOAQ8LAN0=,vjcITlJYamqbpY1kLSlKUt7kxG4=
5,-17,uKshyD+HmlmRpEfbFNdOAQ8LAN0=,vjcITlJYamqbpY1kLSlKUt7kxG4=
6,-17,uKshyD+HmlmRpEfbFNdOAQ8LAN0=,vjcITlJYamqbpY1kLSlKUt7kxG4=
4,-17,uKshyD+HmlmRpEfbFNdOAQ8LAN0=,vjcITlJYamqbpY1kLSlKUt7kxG4=
15,-18,uKshyD+HmlmRpEfbFNdOAQ8LAN0=,vjcITlJYamqbpY1kLSlKUt7kxG4=
14,-18,uKshyD+HmlmRpEfbFNdOAQ8LAN0=,vjcITlJYamqbpY1kLSlKUt7kxG4=
13,-30,uKshyD+HmlmRpEfbFNdOAQ8LAN0=,vjcITlJYamqbpY1kLSlKUt7kxG4=
13,-18,uKshyD+HmlmRpEfbFNdOAQ8LAN0=,vjcITlJYamqbpY1kLSlKUt7kxG4=
12,-18,uKshyD+HmlmRpEfbFNdOAQ8LAN0=,vjcITlJYamqbpY1kLSlKUt7kxG4=
11,-18,uKshyD+HmlmRpEfbFNdOAQ8LAN0=,vjcITlJYamqbpY1kLSlKUt7kxG4=
10,-29,uKshyD+HmlmRpEfbFNdOAQ8LAN0=,vjcITlJYamqbpY1kLSlKUt7kxG4=
10,-18,uKshyD+HmlmRpEfbFNdOAQ8LAN0=,vjcITlJYamqbpY1kLSlKUt7kxG4=
9,-18,uKshyD+HmlmRpEfbFNdOAQ8LAN0=,vjcITlJYamqbpY1kLSlKUt7kxG4=
8,-18,uKshyD+HmlmRpEfbFNdOAQ8LAN0=,vjcITlJYamqbpY1kLSlKUt7kxG4=
7,-18,uKshyD+HmlmRpEfbFNdOAQ8LAN0=,vjcITlJYamqbpY1kLSlKUt7kxG4=
6,-18,uKshyD+HmlmRpEfbFNdOAQ8LAN0=,vjcITlJYamqbpY1kLSlKUt7kxG4=
4,-18,uKshyD+HmlmRpEfbFNdOAQ8LAN0=,vjcITlJYamqbpY1kLSlKUt7kxG4=
3,-18,uKshyD+HmlmRpEfbFNdOAQ8LAN0=,vjcITlJYamqbpY1kLSlKUt7kxG4=
3,-17,uKshyD+HmlmRpEfbFNdOAQ8LAN0=,vjcITlJYamqbpY1kLSlKUt7kxG4=
1,-17,uKshyD+HmlmRpEfbFNdOAQ8LAN0=,vjcITlJYamqbpY1kLSlKUt7kxG4=
5,-18,uKshyD+HmlmRpEfbFNdOAQ8LAN0=,vjcITlJYamqbpY1kLSlKUt7kxG4=
3,-32,uKshyD+HmlmRpEfbFNdOAQ8LAN0=,vjcITlJYamqbpY1kLSlKUt7kxG4=
0,-17,uKshyD+HmlmRpEfbFNdOAQ8LAN0=,vjcITlJYamqbpY1kLSlKUt7kxG4=
15,-19,uKshyD+HmlmRpEfbFNdOAQ8LAN0=,vjcITlJYamqbpY1kLSlKUt7kxG4=
14,-19,uKshyD+HmlmRpEfbFNdOAQ8LAN0=,vjcITlJYamqbpY1kLSlKUt7kxG4=
14,-31,uKshyD+HmlmRpEfbFNdOAQ8LAN0=,vjcITlJYamqbpY1kLSlKUt7kxG4=
2,-32,uKshyD+HmlmRpEfbFNdOAQ8LAN0=,vjcITlJYamqbpY1kLSlKUt7kxG4=
1,-31,uKshyD+HmlmRpEfbFNdOAQ8LAN0=,vjcITlJYamqbpY1kLSlKUt7kxG4=
0,-31,uKshyD+HmlmRpEfbFNdOAQ8LAN0=,vjcITlJYamqbpY1kLSlKUt7kxG4=
13,-19,uKshyD+HmlmRpEfbFNdOAQ8LAN0=,vjcITlJYamqbpY1kLSlKUt7kxG4=
15,-31,uKshyD+HmlmRpEfbFNdOAQ8LAN0=,vjcITlJYamqbpY1kLSlKUt7kxG4=
11,-19,uKshyD+HmlmRpEfbFNdOAQ8LAN0=,vjcITlJYamqbpY1kLSlKUt7kxG4=
12,-19,uKshyD+HmlmRpEfbFNdOAQ8LAN0=,vjcITlJYamqbpY1kLSlKUt7kxG4=
15,-32,uKshyD+HmlmRpEfbFNdOAQ8LAN0=,vjcITlJYamqbpY1kLSlKUt7kxG4=
10,-19,uKshyD+HmlmRpEfbFNdOAQ8LAN0=,vjcITlJYamqbpY1kLSlKUt7kxG4=
9,-19,uKshyD+HmlmRpEfbFNdOAQ8LAN0=,vjcITlJYamqbpY1kLSlKUt7kxG4=
7,-19,uKshyD+HmlmRpEfbFNdOAQ8LAN0=,vjcITlJYamqbpY1kLSlKUt7kxG4=
8,-19,uKshyD+HmlmRpEfbFNdOAQ8LAN0=,vjcITlJYamqbpY1kLSlKUt7kxG4=
6,-19,uKshyD+HmlmRpEfbFNdOAQ8LAN0=,vjcITlJYamqbpY1kLSlKUt7kxG4=
14,-32,uKshyD+HmlmRpEfbFNdOAQ8LAN0=,vjcITlJYamqbpY1kLSlKUt7kxG4=
2,-17,uKshyD+HmlmRpEfbFNdOAQ8LAN0=,vjcITlJYamqbpY1kLSlKUt7kxG4=
12,-31,uKshyD+HmlmRpEfbFNdOAQ8LAN0=,vjcITlJYamqbpY1kLSlKUt7kxG4=
5,-19,uKshyD+HmlmRpEfbFNdOAQ8LAN0=,vjcITlJYamqbpY1kLSlKUt7kxG4=
13,-31,uKshyD+HmlmRpEfbFNdOAQ8LAN0=,vjcITlJYamqbpY1kLSlKUt7kxG4=
4,-19,uKshyD+HmlmRpEfbFNdOAQ8LAN0=,vjcITlJYamqbpY1kLSlKUt7kxG4=
3,-19,uKshyD+HmlmRpEfbFNdOAQ8LAN0=,vjcITlJYamqbpY1kLSlKUt7kxG4=
13,-32,uKshyD+HmlmRpEfbFNdOAQ8LAN0=,vjcITlJYamqbpY1kLSlKUt7kxG4=
2,-18,uKshyD+HmlmRpEfbFNdOAQ8LAN0=,vjcITlJYamqbpY1kLSlKUt7kxG4=
2,-19,uKshyD+HmlmRpEfbFNdOAQ8LAN0=,vjcITlJYamqbpY1kLSlKUt7kxG4=
15,-20,uKshyD+HmlmRpEfbFNdOAQ8LAN0=,vjcITlJYamqbpY1kLSlKUt7kxG4=
14,-20,uKshyD+HmlmRpEfbFNdOAQ8LAN0=,vjcITlJYamqbpY1kLSlKUt7kxG4=
13,-20,uKshyD+HmlmRpEfbFNdOAQ8LAN0=,vjcITlJYamqbpY1kLSlKUt7kxG4=
12,-20,uKshyD+HmlmRpEfbFNdOAQ8LAN0=,vjcITlJYamqbpY1kLSlKUt7kxG4=
11,-20,uKshyD+HmlmRpEfbFNdOAQ8LAN0=,vjcITlJYamqbpY1kLSlKUt7kxG4=
12,-30,uKshyD+HmlmRpEfbFNdOAQ8LAN0=,vjcITlJYamqbpY1kLSlKUt7kxG4=
10,-20,uKshyD+HmlmRpEfbFNdOAQ8LAN0=,vjcITlJYamqbpY1kLSlKUt7kxG4=
9,-29,uKshyD+HmlmRpEfbFNdOAQ8LAN0=,vjcITlJYamqbpY1kLSlKUt7kxG4=
9,-20,uKshyD+HmlmRpEfbFNdOAQ8LAN0=,vjcITlJYamqbpY1kLSlKUt7kxG4=
8,-20,uKshyD+HmlmRpEfbFNdOAQ8LAN0=,vjcITlJYamqbpY1kLSlKUt7kxG4=
7,-20,uKshyD+HmlmRpEfbFNdOAQ8LAN0=,vjcITlJYamqbpY1kLSlKUt7kxG4=
6,-20,uKshyD+HmlmRpEfbFNdOAQ8LAN0=,vjcITlJYamqbpY1kLSlKUt7kxG4=
11,-30,uKshyD+HmlmRpEfbFNdOAQ8LAN0=,vjcITlJYamqbpY1kLSlKUt7kxG4=
12,-32,uKshyD+HmlmRpEfbFNdOAQ8LAN0=,vjcITlJYamqbpY1kLSlKUt7kxG4=
5,-20,uKshyD+HmlmRpEfbFNdOAQ8LAN0=,vjcITlJYamqbpY1kLSlKUt7kxG4=
4,-20,uKshyD+HmlmRpEfbFNdOAQ8LAN0=,vjcITlJYamqbpY1kLSlKUt7kxG4=
3,-20,uKshyD+HmlmRpEfbFNdOAQ8LAN0=,vjcITlJYamqbpY1kLSlKUt7kxG4=
2,-20,uKshyD+HmlmRpEfbFNdOAQ8LAN0=,vjcITlJYamqbpY1kLSlKUt7kxG4=
0,-18,uKshyD+HmlmRpEfbFNdOAQ8LAN0=,vjcITlJYamqbpY1kLSlKUt7kxG4=
8,-29,uKshyD+HmlmRpEfbFNdOAQ8LAN0=,vjcITlJYamqbpY1kLSlKUt7kxG4=
1,-18,uKshyD+HmlmRpEfbFNdOAQ8LAN0=,vjcITlJYamqbpY1kLSlKUt7kxG4=
10,-30,uKshyD+HmlmRpEfbFNdOAQ8LAN0=,vjcITlJYamqbpY1kLSlKUt7kxG4=
15,-21,uKshyD+HmlmRpEfbFNdOAQ8LAN0=,vjcITlJYamqbpY1kLSlKUt7kxG4=
11,-32,uKshyD+HmlmRpEfbFNdOAQ8LAN0=,vjcITlJYamqbpY1kLSlKUt7kxG4=
10,-32,uKshyD+HmlmRpEfbFNdOAQ8LAN0=,vjcITlJYamqbpY1kLSlKUt7kxG4=
7,-29,uKshyD+HmlmRpEfbFNdOAQ8LAN0=,vjcITlJYamqbpY1kLSlKUt7kxG4=
14,-21,uKshyD+HmlmRpEfbFNdOAQ8LAN0=,vjcITlJYamqbpY1kLSlKUt7kxG4=
13,-21,uKshyD+HmlmRpEfbFNdOAQ8LAN0=,vjcITlJYamqbpY1kLSlKUt7kxG4=
9,-32,uKshyD+HmlmRpEfbFNdOAQ8LAN0=,vjcITlJYamqbpY1kLSlKUt7kxG4=
12,-21,uKshyD+HmlmRpEfbFNdOAQ8LAN0=,vjcITlJYamqbpY1kLSlKUt7kxG4=
11,-21,uKshyD+HmlmRpEfbFNdOAQ8LAN0=,vjcITlJYamqbpY1kLSlKUt7kxG4=
10,-21,uKshyD+HmlmRpEfbFNdOAQ8LAN0=,vjcITlJYamqbpY1kLSlKUt7kxG4=
9,-21,uKshyD+HmlmRpEfbFNdOAQ8LAN0=,vjcITlJYamqbpY1kLSlKUt7kxG4=
8,-21,uKshyD+HmlmRpEfbFNdOAQ8LAN0=,vjcITlJYamqbpY1kLSlKUt7kxG4=
7,-21,uKshyD+HmlmRpEfbFNdOAQ8LAN0=,vjcITlJYamqbpY1kLSlKUt7kxG4=
6,-21,uKshyD+HmlmRpEfbFNdOAQ8LAN0=,vjcITlJYamqbpY1kLSlKUt7kxG4=
5,-21,uKshyD+HmlmRpEfbFNdOAQ8LAN0=,vjcITlJYamqbpY1kLSlKUt7kxG4=
4,-21,uKshyD+HmlmRpEfbFNdOAQ8LAN0=,vjcITlJYamqbpY1kLSlKUt7kxG4=
3,-21,uKshyD+HmlmRpEfbFNdOAQ8LAN0=,vjcITlJYamqbpY1kLSlKUt7kxG4=
2,-21,uKshyD+HmlmRpEfbFNdOAQ8LAN0=,vjcITlJYamqbpY1kLSlKUt7kxG4=
1,-21,uKshyD+HmlmRpEfbFNdOAQ8LAN0=,vjcITlJYamqbpY1kLSlKUt7kxG4=
1,-19,uKshyD+HmlmRpEfbFNdOAQ8LAN0=,vjcITlJYamqbpY1kLSlKUt7kxG4=
15,-22,uKshyD+HmlmRpEfbFNdOAQ8LAN0=,vjcITlJYamqbpY1kLSlKUt7kxG4=
14,-22,uKshyD+HmlmRpEfbFNdOAQ8LAN0=,vjcITlJYamqbpY1kLSlKUt7kxG4=
0,-19,uKshyD+HmlmRpEfbFNdOAQ8LAN0=,vjcITlJYamqbpY1kLSlKUt7kxG4=
13,-22,uKshyD+HmlmRpEfbFNdOAQ8LAN0=,vjcITlJYamqbpY1kLSlKUt7kxG4=
11,-31,uKshyD+HmlmRpEfbFNdOAQ8LAN0=,vjcITlJYamqbpY1kLSlKUt7kxG4=
12,-22,uKshyD+HmlmRpEfbFNdOAQ8LAN0=,vjcITlJYamqbpY1kLSlKUt7kxG4=
9,-30,uKshyD+HmlmRpEfbFNdOAQ8LAN0=,vjcITlJYamqbpY1kLSlKUt7kxG4=
11,-22,uKshyD+HmlmRpEfbFNdOAQ8LAN0=,vjcITlJYamqbpY1kLSlKUt7kxG4=
9,-22,uKshyD+HmlmRpEfbFNdOAQ8LAN0=,vjcITlJYamqbpY1kLSlKUt7kxG4=
8,-22,uKshyD+HmlmRpEfbFNdOAQ8LAN0=,vjcITlJYamqbpY1kLSlKUt7kxG4=
6,-29,uKshyD+HmlmRpEfbFNdOAQ8LAN0=,vjcITlJYamqbpY1kLSlKUt7kxG4=
10,-22,uKshyD+HmlmRpEfbFNdOAQ8LAN0=,vjcITlJYamqbpY1kLSlKUt7kxG4=
7,-22,uKshyD+HmlmRpEfbFNdOAQ8LAN0=,vjcITlJYamqbpY1kLSlKUt7kxG4=
6,-22,uKshyD+HmlmRpEfbFNdOAQ8LAN0=,vjcITlJYamqbpY1kLSlKUt7kxG4=
4,-22,uKshyD+HmlmRpEfbFNdOAQ8LAN0=,vjcITlJYamqbpY1kLSlKUt7kxG4=
3,-22,uKshyD+HmlmRpEfbFNdOAQ8LAN0=,vjcITlJYamqbpY1kLSlKUt7kxG4=
5,-22,uKshyD+HmlmRpEfbFNdOAQ8LAN0=,vjcITlJYamqbpY1kLSlKUt7kxG4=
2,-22,uKshyD+HmlmRpEfbFNdOAQ8LAN0=,vjcITlJYamqbpY1kLSlKUt7kxG4=
1,-22,uKshyD+HmlmRpEfbFNdOAQ8LAN0=,vjcITlJYamqbpY1kLSlKUt7kxG4=
0,-22,uKshyD+HmlmRpEfbFNdOAQ8LAN0=,vjcITlJYamqbpY1kLSlKUt7kxG4=
13,-23,uKshyD+HmlmRpEfbFNdOAQ8LAN0=,vjcITlJYamqbpY1kLSlKUt7kxG4=
14,-23,uKshyD+HmlmRpEfbFNdOAQ8LAN0=,vjcITlJYamqbpY1kLSlKUt7kxG4=
12,-23,uKshyD+HmlmRpEfbFNdOAQ8LAN0=,vjcITlJYamqbpY1kLSlKUt7kxG4=
11,-23,uKshyD+HmlmRpEfbFNdOAQ8LAN0=,vjcITlJYamqbpY1kLSlKUt7kxG4=
10,-23,uKshyD+HmlmRpEfbFNdOAQ8LAN0=,vjcITlJYamqbpY1kLSlKUt7kxG4=
15,-23,uKshyD+HmlmRpEfbFNdOAQ8LAN0=,vjcITlJYamqbpY1kLSlKUt7kxG4=
8,-23,uKshyD+HmlmRpEfbFNdOAQ8LAN0=,vjcITlJYamqbpY1kLSlKUt7kxG4=
9,-23,uKshyD+HmlmRpEfbFNdOAQ8LAN0=,vjcITlJYamqbpY1kLSlKUt7kxG4=
7,-23,uKshyD+HmlmRpEfbFNdOAQ8LAN0=,vjcITlJYamqbpY1kLSlKUt7kxG4=
5,-23,uKshyD+HmlmRpEfbFNdOAQ8LAN0=,vjcITlJYamqbpY1kLSlKUt7kxG4=
6,-23,uKshyD+HmlmRpEfbFNdOAQ8LAN0=,vjcITlJYamqbpY1kLSlKUt7kxG4=
8,-32,uKshyD+HmlmRpEfbFNdOAQ8LAN0=,vjcITlJYamqbpY1kLSlKUt7kxG4=
3,-23,uKshyD+HmlmRpEfbFNdOAQ8LAN0=,vjcITlJYamqbpY1kLSlKUt7kxG4=
4,-23,uKshyD+HmlmRpEfbFNdOAQ8LAN0=,vjcITlJYamqbpY1kLSlKUt7kxG4=
5,-29,uKshyD+HmlmRpEfbFNdOAQ8LAN0=,vjcITlJYamqbpY1kLSlKUt7kxG4=
2,-23,uKshyD+HmlmRpEfbFNdOAQ8LAN0=,vjcITlJYamqbpY1kLSlKUt7kxG4=
7,-32,uKshyD+HmlmRpEfbFNdOAQ8LAN0=,vjcITlJYamqbpY1kLSlKUt7kxG4=
0,-23,uKshyD+HmlmRpEfbFNdOAQ8LAN0=,vjcITlJYamqbpY1kLSlKUt7kxG4=
15,-24,uKshyD+HmlmRpEfbFNdOAQ8LAN0=,vjcITlJYamqbpY1kLSlKUt7kxG4=
10,-31,uKshyD+HmlmRpEfbFNdOAQ8LAN0=,vjcITlJYamqbpY1kLSlKUt7kxG4=
14,-24,uKshyD+HmlmRpEfbFNdOAQ8LAN0=,vjcITlJYamqbpY1kLSlKUt7kxG4=
8,-30,uKshyD+HmlmRpEfbFNdOAQ8LAN0=,vjcITlJYamqbpY1kLSlKUt7kxG4=
11,-24,uKshyD+HmlmRpEfbFNdOAQ8LAN0=,vjcITlJYamqbpY1kLSlKUt7kxG4=
12,-24,uKshyD+HmlmRpEfbFNdOAQ8LAN0=,vjcITlJYamqbpY1kLSlKUt7kxG4=
13,-24,uKshyD+HmlmRpEfbFNdOAQ8LAN0=,vjcITlJYamqbpY1kLSlKUt7kxG4=
10,-24,uKshyD+HmlmRpEfbFNdOAQ8LAN0=,vjcITlJYamqbpY1kLSlKUt7kxG4=
9,-24,uKshyD+HmlmRpEfbFNdOAQ8LAN0=,vjcITlJYamqbpY1kLSlKUt7kxG4=
8,-24,uKshyD+HmlmRpEfbFNdOAQ8LAN0=,vjcITlJYamqbpY1kLSlKUt7kxG4=
9,-31,uKshyD+HmlmRpEfbFNdOAQ8LAN0=,vjcITlJYamqbpY1kLSlKUt7kxG4=
7,-24,uKshyD+HmlmRpEfbFNdOAQ8LAN0=,vjcITlJYamqbpY1kLSlKUt7kxG4=
6,-24,uKshyD+HmlmRpEfbFNdOAQ8LAN0=,vjcITlJYamqbpY1kLSlKUt7kxG4=
4,-24,uKshyD+HmlmRpEfbFNdOAQ8LAN0=,vjcITlJYamqbpY1kLSlKUt7kxG4=
3,-24,uKshyD+HmlmRpEfbFNdOAQ8LAN0=,vjcITlJYamqbpY1kLSlKUt7kxG4=
2,-24,uKshyD+HmlmRpEfbFNdOAQ8LAN0=,vjcITlJYamqbpY1kLSlKUt7kxG4=
1,-24,uKshyD+HmlmRpEfbFNdOAQ8LAN0=,vjcITlJYamqbpY1kLSlKUt7kxG4=
5,-24,uKshyD+HmlmRpEfbFNdOAQ8LAN0=,vjcITlJYamqbpY1kLSlKUt7kxG4=
0,-24,uKshyD+HmlmRpEfbFNdOAQ8LAN0=,vjcITlJYamqbpY1kLSlKUt7kxG4=
15,-25,uKshyD+HmlmRpEfbFNdOAQ8LAN0=,vjcITlJYamqbpY1kLSlKUt7kxG4=
7,-30,uKshyD+HmlmRpEfbFNdOAQ8LAN0=,vjcITlJYamqbpY1kLSlKUt7kxG4=
7,-31,uKshyD+HmlmRpEfbFNdOAQ8LAN0=,vjcITlJYamqbpY1kLSlKUt7kxG4=
8,-31,uKshyD+HmlmRpEfbFNdOAQ8LAN0=,vjcITlJYamqbpY1kLSlKUt7kxG4=
14,-25,uKshyD+HmlmRpEfbFNdOAQ8LAN0=,vjcITlJYamqbpY1kLSlKUt7kxG4=
6,-31,uKshyD+HmlmRpEfbFNdOAQ8LAN0=,vjcITlJYamqbpY1kLSlKUt7kxG4=
12,-25,uKshyD+HmlmRpEfbFNdOAQ8LAN0=,vjcITlJYamqbpY1kLSlKUt7kxG4=
13,-25,uKshyD+HmlmRpEfbFNdOAQ8LAN0=,vjcITlJYamqbpY1kLSlKUt7kxG4=
6,-30,uKshyD+HmlmRpEfbFNdOAQ8LAN0=,vjcITlJYamqbpY1kLSlKUt7kxG4=
4,-29,uKshyD+HmlmRpEfbFNdOAQ8LAN0=,vjcITlJYamqbpY1kLSlKUt7kxG4=
11,-25,uKshyD+HmlmRpEfbFNdOAQ8LAN0=,vjcITlJYamqbpY1kLSlKUt7kxG4=
10,-25,uKshyD+HmlmRpEfbFNdOAQ8LAN0=,vjcITlJYamqbpY1kLSlKUt7kxG4=
9,-25,uKshyD+HmlmRpEfbFNdOAQ8LAN0=,vjcITlJYamqbpY1kLSlKUt7kxG4=
5,-31,uKshyD+HmlmRpEfbFNdOAQ8LAN0=,vjcITlJYamqbpY1kLSlKUt7kxG4=
8,-25,uKshyD+HmlmRpEfbFNdOAQ8LAN0=,vjcITlJYamqbpY1kLSlKUt7kxG4=
7,-25,uKshyD+HmlmRpEfbFNdOAQ8LAN0=,vjcITlJYamqbpY1kLSlKUt7kxG4=
6,-25,uKshyD+HmlmRpEfbFNdOAQ8LAN0=,vjcITlJYamqbpY1kLSlKUt7kxG4=
1,-20,uKshyD+HmlmRpEfbFNdOAQ8LAN0=,vjcITlJYamqbpY1kLSlKUt7kxG4=
5,-25,uKshyD+HmlmRpEfbFNdOAQ8LAN0=,vjcITlJYamqbpY1kLSlKUt7kxG4=
4,-31,uKshyD+HmlmRpEfbFNdOAQ8LAN0=,vjcITlJYamqbpY1kLSlKUt7kxG4=
5,-32,uKshyD+HmlmRpEfbFNdOAQ8LAN0=,vjcITlJYamqbpY1kLSlKUt7kxG4=
4,-25,uKshyD+HmlmRpEfbFNdOAQ8LAN0=,vjcITlJYamqbpY1kLSlKUt7kxG4=
2,-25,uKshyD+HmlmRpEfbFNdOAQ8LAN0=,vjcITlJYamqbpY1kLSlKUt7kxG4=
3,-25,uKshyD+HmlmRpEfbFNdOAQ8LAN0=,vjcITlJYamqbpY1kLSlKUt7kxG4=
6,-32,uKshyD+HmlmRpEfbFNdOAQ8LAN0=,vjcITlJYamqbpY1kLSlKUt7kxG4=
0,-25,uKshyD+HmlmRpEfbFNdOAQ8LAN0=,vjcITlJYamqbpY1kLSlKUt7kxG4=
1,-25,uKshyD+HmlmRpEfbFNdOAQ8LAN0=,vjcITlJYamqbpY1kLSlKUt7kxG4=
15,-26,uKshyD+HmlmRpEfbFNdOAQ8LAN0=,vjcITlJYamqbpY1kLSlKUt7kxG4=
5,-30,uKshyD+HmlmRpEfbFNdOAQ8LAN0=,vjcITlJYamqbpY1kLSlKUt7kxG4=
3,-29,uKshyD+HmlmRpEfbFNdOAQ8LAN0=,vjcITlJYamqbpY1kLSlKUt7kxG4=
3,-31,uKshyD+HmlmRpEfbFNdOAQ8LAN0=,vjcITlJYamqbpY1kLSlKUt7kxG4=
14,-26,uKshyD+HmlmRpEfbFNdOAQ8LAN0=,vjcITlJYamqbpY1kLSlKUt7kxG4=
13,-26,uKshyD+HmlmRpEfbFNdOAQ8LAN0=,vjcITlJYamqbpY1kLSlKUt7kxG4=
10,-26,uKshyD+HmlmRpEfbFNdOAQ8LAN0=,vjcITlJYamqbpY1kLSlKUt7kxG4=
11,-26,uKshyD+HmlmRpEfbFNdOAQ8LAN0=,vjcITlJYamqbpY1kLSlKUt7kxG4=
12,-26,uKshyD+HmlmRpEfbFNdOAQ8LAN0=,vjcITlJYamqbpY1kLSlKUt7kxG4=
2,-31,uKshyD+HmlmRpEfbFNdOAQ8LAN0=,vjcITlJYamqbpY1kLSlKUt7kxG4=
4,-32,uKshyD+HmlmRpEfbFNdOAQ8LAN0=,vjcITlJYamqbpY1kLSlKUt7kxG4=
1,-32,uKshyD+HmlmRpEfbFNdOAQ8LAN0=,vjcITlJYamqbpY1kLSlKUt7kxG4=
9,-26,uKshyD+HmlmRpEfbFNdOAQ8LAN0=,vjcITlJYamqbpY1kLSlKUt7kxG4=
7,-26,uKshyD+HmlmRpEfbFNdOAQ8LAN0=,vjcITlJYamqbpY1kLSlKUt7kxG4=
8,-26,uKshyD+HmlmRpEfbFNdOAQ8LAN0=,vjcITlJYamqbpY1kLSlKUt7kxG4=
4,-30,uKshyD+HmlmRpEfbFNdOAQ8LAN0=,vjcITlJYamqbpY1kLSlKUt7kxG4=
2,-29,uKshyD+HmlmRpEfbFNdOAQ8LAN0=,vjcITlJYamqbpY1kLSlKUt7kxG4=
6,-26,uKshyD+HmlmRpEfbFNdOAQ8LAN0=,vjcITlJYamqbpY1kLSlKUt7kxG4=
5,-26,uKshyD+HmlmRpEfbFNdOAQ8LAN0=,vjcITlJYamqbpY1kLSlKUt7kxG4=
1,-29,uKshyD+HmlmRpEfbFNdOAQ8LAN0=,vjcITlJYamqbpY1kLSlKUt7kxG4=
4,-26,uKshyD+HmlmRpEfbFNdOAQ8LAN0=,vjcITlJYamqbpY1kLSlKUt7kxG4=
2,-26,uKshyD+HmlmRpEfbFNdOAQ8LAN0=,vjcITlJYamqbpY1kLSlKUt7kxG4=
3,-26,uKshyD+HmlmRpEfbFNdOAQ8LAN0=,vjcITlJYamqbpY1kLSlKUt7kxG4=
0,-32,uKshyD+HmlmRpEfbFNdOAQ8LAN0=,vjcITlJYamqbpY1kLSlKUt7kxG4=
1,-26,uKshyD+HmlmRpEfbFNdOAQ8LAN0=,vjcITlJYamqbpY1kLSlKUt7kxG4=
0,-26,uKshyD+HmlmRpEfbFNdOAQ8LAN0=,vjcITlJYamqbpY1kLSlKUt7kxG4=
15,-27,uKshyD+HmlmRpEfbFNdOAQ8LAN0=,vjcITlJYamqbpY1kLSlKUt7kxG4=
14,-27,uKshyD+HmlmRpEfbFNdOAQ8LAN0=,vjcITlJYamqbpY1kLSlKUt7kxG4=
13,-27,uKshyD+HmlmRpEfbFNdOAQ8LAN0=,vjcITlJYamqbpY1kLSlKUt7kxG4=
12,-27,uKshyD+HmlmRpEfbFNdOAQ8LAN0=,vjcITlJYamqbpY1kLSlKUt7kxG4=
11,-27,uKshyD+HmlmRpEfbFNdOAQ8LAN0=,vjcITlJYamqbpY1kLSlKUt7kxG4=
10,-27,uKshyD+HmlmRpEfbFNdOAQ8LAN0=,vjcITlJYamqbpY1kLSlKUt7kxG4=
9,-27,uKshyD+HmlmRpEfbFNdOAQ8LAN0=,vjcITlJYamqbpY1kLSlKUt7kxG4=
8,-27,uKshyD+HmlmRpEfbFNdOAQ8LAN0=,vjcITlJYamqbpY1kLSlKUt7kxG4=
7,-27,uKshyD+HmlmRpEfbFNdOAQ8LAN0=,vjcITlJYamqbpY1kLSlKUt7kxG4=
6,-27,uKshyD+HmlmRpEfbFNdOAQ8LAN0=,vjcITlJYamqbpY1kLSlKUt7kxG4=
5,-27,uKshyD+HmlmRpEfbFNdOAQ8LAN0=,vjcITlJYamqbpY1kLSlKUt7kxG4=
4,-27,uKshyD+HmlmRpEfbFNdOAQ8LAN0=,vjcITlJYamqbpY1kLSlKUt7kxG4=
3,-27,uKshyD+HmlmRpEfbFNdOAQ8LAN0=,vjcITlJYamqbpY1kLSlKUt7kxG4=
2,-27,uKshyD+HmlmRpEfbFNdOAQ8LAN0=,vjcITlJYamqbpY1kLSlKUt7kxG4=
1,-27,uKshyD+HmlmRpEfbFNdOAQ8LAN0=,vjcITlJYamqbpY1kLSlKUt7kxG4=
15,-28,uKshyD+HmlmRpEfbFNdOAQ8LAN0=,vjcITlJYamqbpY1kLSlKUt7kxG4=
14,-28,uKshyD+HmlmRpEfbFNdOAQ8LAN0=,vjcITlJYamqbpY1kLSlKUt7kxG4=
0,-27,uKshyD+HmlmRpEfbFNdOAQ8LAN0=,vjcITlJYamqbpY1kLSlKUt7kxG4=
13,-28,uKshyD+HmlmRpEfbFNdOAQ8LAN0=,vjcITlJYamqbpY1kLSlKUt7kxG4=
12,-28,uKshyD+HmlmRpEfbFNdOAQ8LAN0=,vjcITlJYamqbpY1kLSlKUt7kxG4=
11,-28,uKshyD+HmlmRpEfbFNdOAQ8LAN0=,vjcITlJYamqbpY1kLSlKUt7kxG4=
10,-28,uKshyD+HmlmRpEfbFNdOAQ8LAN0=,vjcITlJYamqbpY1kLSlKUt7kxG4=
9,-28,uKshyD+HmlmRpEfbFNdOAQ8LAN0=,vjcITlJYamqbpY1kLSlKUt7kxG4=
8,-28,uKshyD+HmlmRpEfbFNdOAQ8LAN0=,vjcITlJYamqbpY1kLSlKUt7kxG4=
7,-28,uKshyD+HmlmRpEfbFNdOAQ8LAN0=,vjcITlJYamqbpY1kLSlKUt7kxG4=
5,-28,uKshyD+HmlmRpEfbFNdOAQ8LAN0=,vjcITlJYamqbpY1kLSlKUt7kxG4=
6,-28,uKshyD+HmlmRpEfbFNdOAQ8LAN0=,vjcITlJYamqbpY1kLSlKUt7kxG4=
3,-30,uKshyD+HmlmRpEfbFNdOAQ8LAN0=,vjcITlJYamqbpY1kLSlKUt7kxG4=
2,-30,uKshyD+HmlmRpEfbFNdOAQ8LAN0=,vjcITlJYamqbpY1kLSlKUt7kxG4=
0,-29,uKshyD+HmlmRpEfbFNdOAQ8LAN0=,vjcITlJYamqbpY1kLSlKUt7kxG4=
4,-28,uKshyD+HmlmRpEfbFNdOAQ8LAN0=,vjcITlJYamqbpY1kLSlKUt7kxG4=
3,-28,uKshyD+HmlmRpEfbFNdOAQ8LAN0=,vjcITlJYamqbpY1kLSlKUt7kxG4=
1,-30,uKshyD+HmlmRpEfbFNdOAQ8LAN0=,vjcITlJYamqbpY1kLSlKUt7kxG4=
15,-30,uKshyD+HmlmRpEfbFNdOAQ8LAN0=,vjcITlJYamqbpY1kLSlKUt7kxG4=
2,-28,uKshyD+HmlmRpEfbFNdOAQ8LAN0=,vjcITlJYamqbpY1kLSlKUt7kxG4=
1,-28,uKshyD+HmlmRpEfbFNdOAQ8LAN0=,vjcITlJYamqbpY1kLSlKUt7kxG4=
0,-28,uKshyD+HmlmRpEfbFNdOAQ8LAN0=,vjcITlJYamqbpY1kLSlKUt7kxG4=
15,-29,uKshyD+HmlmRpEfbFNdOAQ8LAN0=,vjcITlJYamqbpY1kLSlKUt7kxG4=
14,-29,uKshyD+HmlmRpEfbFNdOAQ8LAN0=,vjcITlJYamqbpY1kLSlKUt7kxG4=
13,-29,uKshyD+HmlmRpEfbFNdOAQ8LAN0=,vjcITlJYamqbpY1kLSlKUt7kxG4=
0,-30,uKshyD+HmlmRpEfbFNdOAQ8LAN0=,vjcITlJYamqbpY1kLSlKUt7kxG4=
14,-30,uKshyD+HmlmRpEfbFNdOAQ8LAN0=,vjcITlJYamqbpY1kLSlKUt7kxG4=
1,-23,uKshyD+HmlmRpEfbFNdOAQ8LAN0=,vjcITlJYamqbpY1kLSlKUt7kxG4=
0,-21,uKshyD+HmlmRpEfbFNdOAQ8LAN0=,vjcITlJYamqbpY1kLSlKUt7kxG4=
0,-20,uKshyD+HmlmRpEfbFNdOAQ8LAN0=,vjcITlJYamqbpY1kLSlKUt7kxG4=
12,-13,uKshyD+HmlmRpEfbFNdOAQ8LAN0=,AYM4xfcYGsSrB9f0Q4HGnzcaKr4=
13,-14,uKshyD+HmlmRpEfbFNdOAQ8LAN0=,AYM4xfcYGsSrB9f0Q4HGnzcaKr4=
12,-14,uKshyD+HmlmRpEfbFNdOAQ8LAN0=,AYM4xfcYGsSrB9f0Q4HGnzcaKr4=
15,-1,uKshyD+HmlmRpEfbFNdOAQ8LAN0=,AYM4xfcYGsSrB9f0Q4HGnzcaKr4=
9,-14,uKshyD+HmlmRpEfbFNdOAQ8LAN0=,AYM4xfcYGsSrB9f0Q4HGnzcaKr4=
11,-14,uKshyD+HmlmRpEfbFNdOAQ8LAN0=,AYM4xfcYGsSrB9f0Q4HGnzcaKr4=
6,-14,uKshyD+HmlmRpEfbFNdOAQ8LAN0=,AYM4xfcYGsSrB9f0Q4HGnzcaKr4=
10,-14,uKshyD+HmlmRpEfbFNdOAQ8LAN0=,AYM4xfcYGsSrB9f0Q4HGnzcaKr4=
7,-14,uKshyD+HmlmRpEfbFNdOAQ8LAN0=,AYM4xfcYGsSrB9f0Q4HGnzcaKr4=
8,-14,uKshyD+HmlmRpEfbFNdOAQ8LAN0=,AYM4xfcYGsSrB9f0Q4HGnzcaKr4=
5,-14,uKshyD+HmlmRpEfbFNdOAQ8LAN0=,AYM4xfcYGsSrB9f0Q4HGnzcaKr4=
4,-14,uKshyD+HmlmRpEfbFNdOAQ8LAN0=,AYM4xfcYGsSrB9f0Q4HGnzcaKr4=
3,-14,uKshyD+HmlmRpEfbFNdOAQ8LAN0=,AYM4xfcYGsSrB9f0Q4HGnzcaKr4=
3,-16,uKshyD+HmlmRpEfbFNdOAQ8LAN0=,AYM4xfcYGsSrB9f0Q4HGnzcaKr4=
2,-14,uKshyD+HmlmRpEfbFNdOAQ8LAN0=,AYM4xfcYGsSrB9f0Q4HGnzcaKr4=
14,-1,uKshyD+HmlmRpEfbFNdOAQ8LAN0=,AYM4xfcYGsSrB9f0Q4HGnzcaKr4=
13,-1,kDIcTwDtad8H8JzoqMqjHigUCK0=,AYM4xfcYGsSrB9f0Q4HGnzcaKr4=
12,-1,kDIcTwDtad8H8JzoqMqjHigUCK0=,AYM4xfcYGsSrB9f0Q4HGnzcaKr4=
11,-1,kDIcTwDtad8H8JzoqMqjHigUCK0=,AYM4xfcYGsSrB9f0Q4HGnzcaKr4=
10,-1,kDIcTwDtad8H8JzoqMqjHigUCK0=,AYM4xfcYGsSrB9f0Q4HGnzcaKr4=
11,-13,kDIcTwDtad8H8JzoqMqjHigUCK0=,AYM4xfcYGsSrB9f0Q4HGnzcaKr4=
9,-1,kDIcTwDtad8H8JzoqMqjHigUCK0=,AYM4xfcYGsSrB9f0Q4HGnzcaKr4=
1,-14,kDIcTwDtad8H8JzoqMqjHigUCK0=,AYM4xfcYGsSrB9f0Q4HGnzcaKr4=
2,-16,kDIcTwDtad8H8JzoqMqjHigUCK0=,AYM4xfcYGsSrB9f0Q4HGnzcaKr4=
0,-14,kDIcTwDtad8H8JzoqMqjHigUCK0=,AYM4xfcYGsSrB9f0Q4HGnzcaKr4=
6,-1,kDIcTwDtad8H8JzoqMqjHigUCK0=,AYM4xfcYGsSrB9f0Q4HGnzcaKr4=
5,-1,kDIcTwDtad8H8JzoqMqjHigUCK0=,AYM4xfcYGsSrB9f0Q4HGnzcaKr4=
7,-1,kDIcTwDtad8H8JzoqMqjHigUCK0=,AYM4xfcYGsSrB9f0Q4HGnzcaKr4=
4,-1,kDIcTwDtad8H8JzoqMqjHigUCK0=,AYM4xfcYGsSrB9f0Q4HGnzcaKr4=
10,-13,kDIcTwDtad8H8JzoqMqjHigUCK0=,AYM4xfcYGsSrB9f0Q4HGnzcaKr4=
8,-1,kDIcTwDtad8H8JzoqMqjHigUCK0=,AYM4xfcYGsSrB9f0Q4HGnzcaKr4=
15,-2,kDIcTwDtad8H8JzoqMqjHigUCK0=,AYM4xfcYGsSrB9f0Q4HGnzcaKr4=
2,-1,kDIcTwDtad8H8JzoqMqjHigUCK0=,AYM4xfcYGsSrB9f0Q4HGnzcaKr4=
15,-15,kDIcTwDtad8H8JzoqMqjHigUCK0=,AYM4xfcYGsSrB9f0Q4HGnzcaKr4=
9,-13,kDIcTwDtad8H8JzoqMqjHigUCK0=,AYM4xfcYGsSrB9f0Q4HGnzcaKr4=
14,-2,kDIcTwDtad8H8JzoqMqjHigUCK0=,AYM4xfcYGsSrB9f0Q4HGnzcaKr4=
13,-2,kDIcTwDtad8H8JzoqMqjHigUCK0=,AYM4xfcYGsSrB9f0Q4HGnzcaKr4=
3,-1,kDIcTwDtad8H8JzoqMqjHigUCK0=,AYM4xfcYGsSrB9f0Q4HGnzcaKr4=
12,-2,kDIcTwDtad8H8JzoqMqjHigUCK0=,AYM4xfcYGsSrB9f0Q4HGnzcaKr4=
14,-15,kDIcTwDtad8H8JzoqMqjHigUCK0=,AYM4xfcYGsSrB9f0Q4HGnzcaKr4=
11,-2,kDIcTwDtad8H8JzoqMqjHigUCK0=,AYM4xfcYGsSrB9f0Q4HGnzcaKr4=
10,-2,kDIcTwDtad8H8JzoqMqjHigUCK0=,AYM4xfcYGsSrB9f0Q4HGnzcaKr4=
1,-1,kDIcTwDtad8H8JzoqMqjHigUCK0=,AYM4xfcYGsSrB9f0Q4HGnzcaKr4=
0,-1,kDIcTwDtad8H8JzoqMqjHigUCK0=,AYM4xfcYGsSrB9f0Q4HGnzcaKr4=
1,-15,kDIcTwDtad8H8JzoqMqjHigUCK0=,AYM4xfcYGsSrB9f0Q4HGnzcaKr4=
9,-2,kDIcTwDtad8H8JzoqMqjHigUCK0=,AYM4xfcYGsSrB9f0Q4HGnzcaKr4=
0,-15,kDIcTwDtad8H8JzoqMqjHigUCK0=,AYM4xfcYGsSrB9f0Q4HGnzcaKr4=
1,-16,kDIcTwDtad8H8JzoqMqjHigUCK0=,AYM4xfcYGsSrB9f0Q4HGnzcaKr4=
6,-2,kDIcTwDtad8H8JzoqMqjHigUCK0=,AYM4xfcYGsSrB9f0Q4HGnzcaKr4=
15,-16,kDIcTwDtad8H8JzoqMqjHigUCK0=,AYM4xfcYGsSrB9f0Q4HGnzcaKr4=
8,-2,kDIcTwDtad8H8JzoqMqjHigUCK0=,AYM4xfcYGsSrB9f0Q4HGnzcaKr4=
5,-2,kDIcTwDtad8H8JzoqMqjHigUCK0=,AYM4xfcYGsSrB9f0Q4HGnzcaKr4=
7,-2,kDIcTwDtad8H8JzoqMqjHigUCK0=,AYM4xfcYGsSrB9f0Q4HGnzcaKr4=
3,-2,kDIcTwDtad8H8JzoqMqjHigUCK0=,AYM4xfcYGsSrB9f0Q4HGnzcaKr4=
15,-3,kDIcTwDtad8H8JzoqMqjHigUCK0=,AYM4xfcYGsSrB9f0Q4HGnzcaKr4=
14,-3,kDIcTwDtad8H8JzoqMqjHigUCK0=,AYM4xfcYGsSrB9f0Q4HGnzcaKr4=
14,-16,kDIcTwDtad8H8JzoqMqjHigUCK0=,AYM4xfcYGsSrB9f0Q4HGnzcaKr4=
13,-3,kDIcTwDtad8H8JzoqMqjHigUCK0=,AYM4xfcYGsSrB9f0Q4HGnzcaKr4=
13,-15,kDIcTwDtad8H8JzoqMqjHigUCK0=,AYM4xfcYGsSrB9f0Q4HGnzcaKr4=
8,-13,kDIcTwDtad8H8JzoqMqjHigUCK0=,AYM4xfcYGsSrB9f0Q4HGnzcaKr4=
12,-3,kDIcTwDtad8H8JzoqMqjHigUCK0=,AYM4xfcYGsSrB9f0Q4HGnzcaKr4=
10,-3,kDIcTwDtad8H8JzoqMqjHigUCK0=,AYM4xfcYGsSrB9f0Q4HGnzcaKr4=
11,-3,kDIcTwDtad8H8JzoqMqjHigUCK0=,AYM4xfcYGsSrB9f0Q4HGnzcaKr4=
2,-2,kDIcTwDtad8H8JzoqMqjHigUCK0=,AYM4xfcYGsSrB9f0Q4HGnzcaKr4=
9,-3,kDIcTwDtad8H8JzoqMqjHigUCK0=,AYM4xfcYGsSrB9f0Q4HGnzcaKr4=
8,-3,kDIcTwDtad8H8JzoqMqjHigUCK0=,AYM4xfcYGsSrB9f0Q4HGnzcaKr4=
1,-2,kDIcTwDtad8H8JzoqMqjHigUCK0=,AYM4xfcYGsSrB9f0Q4HGnzcaKr4=
13,-16,kDIcTwDtad8H8JzoqMqjHigUCK0=,AYM4xfcYGsSrB9f0Q4HGnzcaKr4=
3,-3,kDIcTwDtad8H8JzoqMqjHigUCK0=,AYM4xfcYGsSrB9f0Q4HGnzcaKr4=
15,-4,kDIcTwDtad8H8JzoqMqjHigUCK0=,AYM4xfcYGsSrB9f0Q4HGnzcaKr4=
14,-4,kDIcTwDtad8H8JzoqMqjHigUCK0=,AYM4xfcYGsSrB9f0Q4HGnzcaKr4=
12,-4,kDIcTwDtad8H8JzoqMqjHigUCK0=,AYM4xfcYGsSrB9f0Q4HGnzcaKr4=
13,-4,kDIcTwDtad8H8JzoqMqjHigUCK0=,AYM4xfcYGsSrB9f0Q4HGnzcaKr4=
11,-4,kDIcTwDtad8H8JzoqMqjHigUCK0=,AYM4xfcYGsSrB9f0Q4HGnzcaKr4=
12,-15,kDIcTwDtad8H8JzoqMqjHigUCK0=,AYM4xfcYGsSrB9f0Q4HGnzcaKr4=
7,-13,kDIcTwDtad8H8JzoqMqjHigUCK0=,AYM4xfcYGsSrB9f0Q4HGnzcaKr4=
10,-4,kDIcTwDtad8H8JzoqMqjHigUCK0=,AYM4xfcYGsSrB9f0Q4HGnzcaKr4=
12,-16,kDIcTwDtad8H8JzoqMqjHigUCK0=,AYM4xfcYGsSrB9f0Q4HGnzcaKr4=
11,-16,kDIcTwDtad8H8JzoqMqjHigUCK0=,AYM4xfcYGsSrB9f0Q4HGnzcaKr4=
7,-3,kDIcTwDtad8H8JzoqMqjHigUCK0=,AYM4xfcYGsSrB9f0Q4HGnzcaKr4=
9,-4,kDIcTwDtad8H8JzoqMqjHigUCK0=,AYM4xfcYGsSrB9f0Q4HGnzcaKr4=
10,-16,kDIcTwDtad8H8JzoqMqjHigUCK0=,AYM4xfcYGsSrB9f0Q4HGnzcaKr4=
0,-2,kDIcTwDtad8H8JzoqMqjHigUCK0=,AYM4xfcYGsSrB9f0Q4HGnzcaKr4=
0,-3,kDIcTwDtad8H8JzoqMqjHigUCK0=,AYM4xfcYGsSrB9f0Q4HGnzcaKr4=
1,-3,kDIcTwDtad8H8JzoqMqjHigUCK0=,AYM4xfcYGsSrB9f0Q4HGnzcaKr4=
4,-3,kDIcTwDtad8H8JzoqMqjHigUCK0=,AYM4xfcYGsSrB9f0Q4HGnzcaKr4=
7,-4,kDIcTwDtad8H8JzoqMqjHigUCK0=,AYM4xfcYGsSrB9f0Q4HGnzcaKr4=
6,-4,kDIcTwDtad8H8JzoqMqjHigUCK0=,AYM4xfcYGsSrB9f0Q4HGnzcaKr4=
6,-3,kDIcTwDtad8H8JzoqMqjHigUCK0=,AYM4xfcYGsSrB9f0Q4HGnzcaKr4=
5,-4,kDIcTwDtad8H8JzoqMqjHigUCK0=,AYM4xfcYGsSrB9f0Q4HGnzcaKr4=
15,-5,kDIcTwDtad8H8JzoqMqjHigUCK0=,AYM4xfcYGsSrB9f0Q4HGnzcaKr4=
4,-4,kDIcTwDtad8H8JzoqMqjHigUCK0=,AYM4xfcYGsSrB9f0Q4HGnzcaKr4=
14,-5,kDIcTwDtad8H8JzoqMqjHigUCK0=,AYM4xfcYGsSrB9f0Q4HGnzcaKr4=
12,-5,kDIcTwDtad8H8JzoqMqjHigUCK0=,AYM4xfcYGsSrB9f0Q4HGnzcaKr4=
11,-5,kDIcTwDtad8H8JzoqMqjHigUCK0=,AYM4xfcYGsSrB9f0Q4HGnzcaKr4=
11,-15,kDIcTwDtad8H8JzoqMqjHigUCK0=,AYM4xfcYGsSrB9f0Q4HGnzcaKr4=
10,-5,kDIcTwDtad8H8JzoqMqjHigUCK0=,AYM4xfcYGsSrB9f0Q4HGnzcaKr4=
6,-13,kDIcTwDtad8H8JzoqMqjHigUCK0=,AYM4xfcYGsSrB9f0Q4HGnzcaKr4=
3,-4,kDIcTwDtad8H8JzoqMqjHigUCK0=,AYM4xfcYGsSrB9f0Q4HGnzcaKr4=
1,-4,kDIcTwDtad8H8JzoqMqjHigUCK0=,AYM4xfcYGsSrB9f0Q4HGnzcaKr4=
2,-4,kDIcTwDtad8H8JzoqMqjHigUCK0=,AYM4xfcYGsSrB9f0Q4HGnzcaKr4=
13,-5,kDIcTwDtad8H8JzoqMqjHigUCK0=,AYM4xfcYGsSrB9f0Q4HGnzcaKr4=
5,-3,kDIcTwDtad8H8JzoqMqjHigUCK0=,AYM4xfcYGsSrB9f0Q4HGnzcaKr4=
9,-5,kDIcTwDtad8H8JzoqMqjHigUCK0=,AYM4xfcYGsSrB9f0Q4HGnzcaKr4=
8,-4,kDIcTwDtad8H8JzoqMqjHigUCK0=,AYM4xfcYGsSrB9f0Q4HGnzcaKr4=
6,-5,kDIcTwDtad8H8JzoqMqjHigUCK0=,AYM4xfcYGsSrB9f0Q4HGnzcaKr4=
8,-5,kDIcTwDtad8H8JzoqMqjHigUCK0=,AYM4xfcYGsSrB9f0Q4HGnzcaKr4=
15,-6,kDIcTwDtad8H8JzoqMqjHigUCK0=,AYM4xfcYGsSrB9f0Q4HGnzcaKr4=
5,-5,kDIcTwDtad8H8JzoqMqjHigUCK0=,AYM4xfcYGsSrB9f0Q4HGnzcaKr4=
12,-6,kDIcTwDtad8H8JzoqMqjHigUCK0=,AYM4xfcYGsSrB9f0Q4HGnzcaKr4=
14,-6,kDIcTwDtad8H8JzoqMqjHigUCK0=,AYM4xfcYGsSrB9f0Q4HGnzcaKr4=
13,-6,kDIcTwDtad8H8JzoqMqjHigUCK0=,AYM4xfcYGsSrB9f0Q4HGnzcaKr4=
11,-6,kDIcTwDtad8H8JzoqMqjHigUCK0=,AYM4xfcYGsSrB9f0Q4HGnzcaKr4=
2,-5,kDIcTwDtad8H8JzoqMqjHigUCK0=,AYM4xfcYGsSrB9f0Q4HGnzcaKr4=
10,-15,kDIcTwDtad8H8JzoqMqjHigUCK0=,AYM4xfcYGsSrB9f0Q4HGnzcaKr4=
9,-6,kDIcTwDtad8H8JzoqMqjHigUCK0=,AYM4xfcYGsSrB9f0Q4HGnzcaKr4=
2,-3,kDIcTwDtad8H8JzoqMqjHigUCK0=,AYM4xfcYGsSrB9f0Q4HGnzcaKr4=
1,-5,kDIcTwDtad8H8JzoqMqjHigUCK0=,AYM4xfcYGsSrB9f0Q4HGnzcaKr4=
10,-6,kDIcTwDtad8H8JzoqMqjHigUCK0=,AYM4xfcYGsSrB9f0Q4HGnzcaKr4=
0,-5,kDIcTwDtad8H8JzoqMqjHigUCK0=,AYM4xfcYGsSrB9f0Q4HGnzcaKr4=
7,-6,kDIcTwDtad8H8JzoqMqjHigUCK0=,AYM4xfcYGsSrB9f0Q4HGnzcaKr4=
9,-16,kDIcTwDtad8H8JzoqMqjHigUCK0=,AYM4xfcYGsSrB9f0Q4HGnzcaKr4=
7,-5,kDIcTwDtad8H8JzoqMqjHigUCK0=,AYM4xfcYGsSrB9f0Q4HGnzcaKr4=
15,-7,kDIcTwDtad8H8JzoqMqjHigUCK0=,AYM4xfcYGsSrB9f0Q4HGnzcaKr4=
6,-6,kDIcTwDtad8H8JzoqMqjHigUCK0=,AYM4xfcYGsSrB9f0Q4HGnzcaKr4=
14,-7,kDIcTwDtad8H8JzoqMqjHigUCK0=,AYM4xfcYGsSrB9f0Q4HGnzcaKr4=
13,-7,kDIcTwDtad8H8JzoqMqjHigUCK0=,AYM4xfcYGsSrB9f0Q4HGnzcaKr4=
12,-7,kDIcTwDtad8H8JzoqMqjHigUCK0=,AYM4xfcYGsSrB9f0Q4HGnzcaKr4=
11,-7,kDIcTwDtad8H8JzoqMqjHigUCK0=,AYM4xfcYGsSrB9f0Q4HGnzcaKr4=
4,-6,kDIcTwDtad8H8JzoqMqjHigUCK0=,AYM4xfcYGsSrB9f0Q4HGnzcaKr4=
8,-16,kDIcTwDtad8H8JzoqMqjHigUCK0=,AYM4xfcYGsSrB9f0Q4HGnzcaKr4=
9,-15,kDIcTwDtad8H8JzoqMqjHigUCK0=,AYM4xfcYGsSrB9f0Q4HGnzcaKr4=
2,-6,kDIcTwDtad8H8JzoqMqjHigUCK0=,AYM4xfcYGsSrB9f0Q4HGnzcaKr4=
10,-7,kDIcTwDtad8H8JzoqMqjHigUCK0=,AYM4xfcYGsSrB9f0Q4HGnzcaKr4=
9,-7,kDIcTwDtad8H8JzoqMqjHigUCK0=,AYM4xfcYGsSrB9f0Q4HGnzcaKr4=
1,-6,kDIcTwDtad8H8JzoqMqjHigUCK0=,AYM4xfcYGsSrB9f0Q4HGnzcaKr4=
8,-7,kDIcTwDtad8H8JzoqMqjHigUCK0=,AYM4xfcYGsSrB9f0Q4HGnzcaKr4=
3,-5,kDIcTwDtad8H8JzoqMqjHigUCK0=,AYM4xfcYGsSrB9f0Q4HGnzcaKr4=
7,-7,kDIcTwDtad8H8JzoqMqjHigUCK0=,AYM4xfcYGsSrB9f0Q4HGnzcaKr4=
0,-4,kDIcTwDtad8H8JzoqMqjHigUCK0=,AYM4xfcYGsSrB9f0Q4HGnzcaKr4=
8,-6,kDIcTwDtad8H8JzoqMqjHigUCK0=,AYM4xfcYGsSrB9f0Q4HGnzcaKr4=
5,-13,kDIcTwDtad8H8JzoqMqjHigUCK0=,AYM4xfcYGsSrB9f0Q4HGnzcaKr4=
5,-6,kDIcTwDtad8H8JzoqMqjHigUCK0=,AYM4xfcYGsSrB9f0Q4HGnzcaKr4=
15,-8,kDIcTwDtad8H8JzoqMqjHigUCK0=,AYM4xfcYGsSrB9f0Q4HGnzcaKr4=
13,-8,kDIcTwDtad8H8JzoqMqjHigUCK0=,AYM4xfcYGsSrB9f0Q4HGnzcaKr4=
14,-8,kDIcTwDtad8H8JzoqMqjHigUCK0=,AYM4xfcYGsSrB9f0Q4HGnzcaKr4=
11,-8,kDIcTwDtad8H8JzoqMqjHigUCK0=,AYM4xfcYGsSrB9f0Q4HGnzcaKr4=
12,-8,kDIcTwDtad8H8JzoqMqjHigUCK0=,AYM4xfcYGsSrB9f0Q4HGnzcaKr4=
4,-7,kDIcTwDtad8H8JzoqMqjHigUCK0=,AYM4xfcYGsSrB9f0Q4HGnzcaKr4=
8,-15,kDIcTwDtad8H8JzoqMqjHigUCK0=,AYM4xfcYGsSrB9f0Q4HGnzcaKr4=
9,-8,kDIcTwDtad8H8JzoqMqjHigUCK0=,AYM4xfcYGsSrB9f0Q4HGnzcaKr4=
10,-8,kDIcTwDtad8H8JzoqMqjHigUCK0=,AYM4xfcYGsSrB9f0Q4HGnzcaKr4=
8,-8,kDIcTwDtad8H8JzoqMqjHigUCK0=,AYM4xfcYGsSrB9f0Q4HGnzcaKr4=
1,-7,kDIcTwDtad8H8JzoqMqjHigUCK0=,AYM4xfcYGsSrB9f0Q4HGnzcaKr4=
0,-7,kDIcTwDtad8H8JzoqMqjHigUCK0=,AYM4xfcYGsSrB9f0Q4HGnzcaKr4=
2,-7,kDIcTwDtad8H8JzoqMqjHigUCK0=,AYM4xfcYGsSrB9f0Q4HGnzcaKr4=
5,-7,kDIcTwDtad8H8JzoqMqjHigUCK0=,AYM4xfcYGsSrB9f0Q4HGnzcaKr4=
3,-13,kDIcTwDtad8H8JzoqMqjHigUCK0=,AYM4xfcYGsSrB9f0Q4HGnzcaKr4=
3,-6,kDIcTwDtad8H8JzoqMqjHigUCK0=,AYM4xfcYGsSrB9f0Q4HGnzcaKr4=
4,-5,kDIcTwDtad8H8JzoqMqjHigUCK0=,AYM4xfcYGsSrB9f0Q4HGnzcaKr4=
7,-8,kDIcTwDtad8H8JzoqMqjHigUCK0=,AYM4xfcYGsSrB9f0Q4HGnzcaKr4=
15,-9,kDIcTwDtad8H8JzoqMqjHigUCK0=,AYM4xfcYGsSrB9f0Q4HGnzcaKr4=
14,-9,kDIcTwDtad8H8JzoqMqjHigUCK0=,AYM4xfcYGsSrB9f0Q4HGnzcaKr4=
12,-9,kDIcTwDtad8H8JzoqMqjHigUCK0=,AYM4xfcYGsSrB9f0Q4HGnzcaKr4=
13,-9,kDIcTwDtad8H8JzoqMqjHigUCK0=,AYM4xfcYGsSrB9f0Q4HGnzcaKr4=
11,-9,kDIcTwDtad8H8JzoqMqjHigUCK0=,AYM4xfcYGsSrB9f0Q4HGnzcaKr4=
9,-9,kDIcTwDtad8H8JzoqMqjHigUCK0=,AYM4xfcYGsSrB9f0Q4HGnzcaKr4=
10,-9,kDIcTwDtad8H8JzoqMqjHigUCK0=,AYM4xfcYGsSrB9f0Q4HGnzcaKr4=
8,-9,kDIcTwDtad8H8JzoqMqjHigUCK0=,AYM4xfcYGsSrB9f0Q4HGnzcaKr4=
7,-16,kDIcTwDtad8H8JzoqMqjHigUCK0=,AYM4xfcYGsSrB9f0Q4HGnzcaKr4=
6,-16,kDIcTwDtad8H8JzoqMqjHigUCK0=,AYM4xfcYGsSrB9f0Q4HGnzcaKr4=
4,-13,kDIcTwDtad8H8JzoqMqjHigUCK0=,AYM4xfcYGsSrB9f0Q4HGnzcaKr4=
7,-9,kDIcTwDtad8H8JzoqMqjHigUCK0=,AYM4xfcYGsSrB9f0Q4HGnzcaKr4=
0,-8,kDIcTwDtad8H8JzoqMqjHigUCK0=,AYM4xfcYGsSrB9f0Q4HGnzcaKr4=
4,-8,kDIcTwDtad8H8JzoqMqjHigUCK0=,AYM4xfcYGsSrB9f0Q4HGnzcaKr4=
7,-15,kDIcTwDtad8H8JzoqMqjHigUCK0=,AYM4xfcYGsSrB9f0Q4HGnzcaKr4=
3,-7,kDIcTwDtad8H8JzoqMqjHigUCK0=,AYM4xfcYGsSrB9f0Q4HGnzcaKr4=
6,-7,kDIcTwDtad8H8JzoqMqjHigUCK0=,AYM4xfcYGsSrB9f0Q4HGnzcaKr4=
4,-2,kDIcTwDtad8H8JzoqMqjHigUCK0=,AYM4xfcYGsSrB9f0Q4HGnzcaKr4=
2,-13,kDIcTwDtad8H8JzoqMqjHigUCK0=,AYM4xfcYGsSrB9f0Q4HGnzcaKr4=
14,-10,kDIcTwDtad8H8JzoqMqjHigUCK0=,AYM4xfcYGsSrB9f0Q4HGnzcaKr4=
15,-10,kDIcTwDtad8H8JzoqMqjHigUCK0=,AYM4xfcYGsSrB9f0Q4HGnzcaKr4=
12,-10,kDIcTwDtad8H8JzoqMqjHigUCK0=,AYM4xfcYGsSrB9f0Q4HGnzcaKr4=
13,-10,kDIcTwDtad8H8JzoqMqjHigUCK0=,AYM4xfcYGsSrB9f0Q4HGnzcaKr4=
11,-10,kDIcTwDtad8H8JzoqMqjHigUCK0=,AYM4xfcYGsSrB9f0Q4HGnzcaKr4=
3,-8,kDIcTwDtad8H8JzoqMqjHigUCK0=,AYM4xfcYGsSrB9f0Q4HGnzcaKr4=
5,-16,kDIcTwDtad8H8JzoqMqjHigUCK0=,AYM4xfcYGsSrB9f0Q4HGnzcaKr4=
9,-10,kDIcTwDtad8H8JzoqMqjHigUCK0=,AYM4xfcYGsSrB9f0Q4HGnzcaKr4=
8,-10,kDIcTwDtad8H8JzoqMqjHigUCK0=,AYM4xfcYGsSrB9f0Q4HGnzcaKr4=
7,-10,kDIcTwDtad8H8JzoqMqjHigUCK0=,AYM4xfcYGsSrB9f0Q4HGnzcaKr4=
5,-8,kDIcTwDtad8H8JzoqMqjHigUCK0=,AYM4xfcYGsSrB9f0Q4HGnzcaKr4=
0,-9,kDIcTwDtad8H8JzoqMqjHigUCK0=,AYM4xfcYGsSrB9f0Q4HGnzcaKr4=
1,-9,kDIcTwDtad8H8JzoqMqjHigUCK0=,AYM4xfcYGsSrB9f0Q4HGnzcaKr4=
0,-6,kDIcTwDtad8H8JzoqMqjHigUCK0=,AYM4xfcYGsSrB9f0Q4HGnzcaKr4=
4,-16,kDIcTwDtad8H8JzoqMqjHigUCK0=,AYM4xfcYGsSrB9f0Q4HGnzcaKr4=
10,-10,kDIcTwDtad8H8JzoqMqjHigUCK0=,AYM4xfcYGsSrB9f0Q4HGnzcaKr4=
6,-9,kDIcTwDtad8H8JzoqMqjHigUCK0=,AYM4xfcYGsSrB9f0Q4HGnzcaKr4=
5,-10,kDIcTwDtad8H8JzoqMqjHigUCK0=,AYM4xfcYGsSrB9f0Q4HGnzcaKr4=
1,-8,kDIcTwDtad8H8JzoqMqjHigUCK0=,AYM4xfcYGsSrB9f0Q4HGnzcaKr4=
4,-9,kDIcTwDtad8H8JzoqMqjHigUCK0=,AYM4xfcYGsSrB9f0Q4HGnzcaKr4=
6,-15,kDIcTwDtad8H8JzoqMqjHigUCK0=,AYM4xfcYGsSrB9f0Q4HGnzcaKr4=
15,-11,kDIcTwDtad8H8JzoqMqjHigUCK0=,AYM4xfcYGsSrB9f0Q4HGnzcaKr4=
3,-10,kDIcTwDtad8H8JzoqMqjHigUCK0=,AYM4xfcYGsSrB9f0Q4HGnzcaKr4=
14,-11,kDIcTwDtad8H8JzoqMqjHigUCK0=,AYM4xfcYGsSrB9f0Q4HGnzcaKr4=
13,-11,kDIcTwDtad8H8JzoqMqjHigUCK0=,AYM4xfcYGsSrB9f0Q4HGnzcaKr4=
11,-11,kDIcTwDtad8H8JzoqMqjHigUCK0=,AYM4xfcYGsSrB9f0Q4HGnzcaKr4=
10,-11,kDIcTwDtad8H8JzoqMqjHigUCK0=,AYM4xfcYGsSrB9f0Q4HGnzcaKr4=
12,-11,kDIcTwDtad8H8JzoqMqjHigUCK0=,AYM4xfcYGsSrB9f0Q4HGnzcaKr4=
9,-11,kDIcTwDtad8H8JzoqMqjHigUCK0=,AYM4xfcYGsSrB9f0Q4HGnzcaKr4=
8,-11,kDIcTwDtad8H8JzoqMqjHigUCK0=,AYM4xfcYGsSrB9f0Q4HGnzcaKr4=
7,-11,kDIcTwDtad8H8JzoqMqjHigUCK0=,AYM4xfcYGsSrB9f0Q4HGnzcaKr4=
2,-8,kDIcTwDtad8H8JzoqMqjHigUCK0=,AYM4xfcYGsSrB9f0Q4HGnzcaKr4=
1,-10,kDIcTwDtad8H8JzoqMqjHigUCK0=,AYM4xfcYGsSrB9f0Q4HGnzcaKr4=
6,-11,kDIcTwDtad8H8JzoqMqjHigUCK0=,AYM4xfcYGsSrB9f0Q4HGnzcaKr4=
0,-16,kDIcTwDtad8H8JzoqMqjHigUCK0=,AYM4xfcYGsSrB9f0Q4HGnzcaKr4=
6,-8,kDIcTwDtad8H8JzoqMqjHigUCK0=,AYM4xfcYGsSrB9f0Q4HGnzcaKr4=
1,-13,kDIcTwDtad8H8JzoqMqjHigUCK0=,AYM4xfcYGsSrB9f0Q4HGnzcaKr4=
5,-9,kDIcTwDtad8H8JzoqMqjHigUCK0=,AYM4xfcYGsSrB9f0Q4HGnzcaKr4=
5,-11,kDIcTwDtad8H8JzoqMqjHigUCK0=,AYM4xfcYGsSrB9f0Q4HGnzcaKr4=
4,-11,kDIcTwDtad8H8JzoqMqjHigUCK0=,AYM4xfcYGsSrB9f0Q4HGnzcaKr4=
15,-12,kDIcTwDtad8H8JzoqMqjHigUCK0=,AYM4xfcYGsSrB9f0Q4HGnzcaKr4=
14,-12,kDIcTwDtad8H8JzoqMqjHigUCK0=,AYM4xfcYGsSrB9f0Q4HGnzcaKr4=
13,-12,kDIcTwDtad8H8JzoqMqjHigUCK0=,AYM4xfcYGsSrB9f0Q4HGnzcaKr4=
12,-12,kDIcTwDtad8H8JzoqMqjHigUCK0=,AYM4xfcYGsSrB9f0Q4HGnzcaKr4=
11,-12,kDIcTwDtad8H8JzoqMqjHigUCK0=,AYM4xfcYGsSrB9f0Q4HGnzcaKr4=
9,-12,kDIcTwDtad8H8JzoqMqjHigUCK0=,AYM4xfcYGsSrB9f0Q4HGnzcaKr4=
10,-12,kDIcTwDtad8H8JzoqMqjHigUCK0=,AYM4xfcYGsSrB9f0Q4HGnzcaKr4=
8,-12,kDIcTwDtad8H8JzoqMqjHigUCK0=,AYM4xfcYGsSrB9f0Q4HGnzcaKr4=
6,-12,kDIcTwDtad8H8JzoqMqjHigUCK0=,AYM4xfcYGsSrB9f0Q4HGnzcaKr4=
7,-12,kDIcTwDtad8H8JzoqMqjHigUCK0=,AYM4xfcYGsSrB9f0Q4HGnzcaKr4=
6,-10,kDIcTwDtad8H8JzoqMqjHigUCK0=,AYM4xfcYGsSrB9f0Q4HGnzcaKr4=
5,-15,kDIcTwDtad8H8JzoqMqjHigUCK0=,AYM4xfcYGsSrB9f0Q4HGnzcaKr4=
1,-11,kDIcTwDtad8H8JzoqMqjHigUCK0=,AYM4xfcYGsSrB9f0Q4HGnzcaKr4=
4,-10,kDIcTwDtad8H8JzoqMqjHigUCK0=,AYM4xfcYGsSrB9f0Q4HGnzcaKr4=
2,-10,kDIcTwDtad8H8JzoqMqjHigUCK0=,AYM4xfcYGsSrB9f0Q4HGnzcaKr4=
15,-14,kDIcTwDtad8H8JzoqMqjHigUCK0=,AYM4xfcYGsSrB9f0Q4HGnzcaKr4=
4,-15,kDIcTwDtad8H8JzoqMqjHigUCK0=,AYM4xfcYGsSrB9f0Q4HGnzcaKr4=
3,-9,kDIcTwDtad8H8JzoqMqjHigUCK0=,AYM4xfcYGsSrB9f0Q4HGnzcaKr4=
3,-15,kDIcTwDtad8H8JzoqMqjHigUCK0=,AYM4xfcYGsSrB9f0Q4HGnzcaKr4=
14,-14,kDIcTwDtad8H8JzoqMqjHigUCK0=,AYM4xfcYGsSrB9f0Q4HGnzcaKr4=
15,-13,kDIcTwDtad8H8JzoqMqjHigUCK0=,AYM4xfcYGsSrB9f0Q4HGnzcaKr4=
14,-13,kDIcTwDtad8H8JzoqMqjHigUCK0=,AYM4xfcYGsSrB9f0Q4HGnzcaKr4=
2,-12,kDIcTwDtad8H8JzoqMqjHigUCK0=,AYM4xfcYGsSrB9f0Q4HGnzcaKr4=
13,-13,kDIcTwDtad8H8JzoqMqjHigUCK0=,AYM4xfcYGsSrB9f0Q4HGnzcaKr4=
0,-12,kDIcTwDtad8H8JzoqMqjHigUCK0=,AYM4xfcYGsSrB9f0Q4HGnzcaKr4=
1,-12,kDIcTwDtad8H8JzoqMqjHigUCK0=,AYM4xfcYGsSrB9f0Q4HGnzcaKr4=
2,-11,kDIcTwDtad8H8JzoqMqjHigUCK0=,AYM4xfcYGsSrB9f0Q4HGnzcaKr4=
4,-12,kDIcTwDtad8H8JzoqMqjHigUCK0=,AYM4xfcYGsSrB9f0Q4HGnzcaKr4=
5,-12,kDIcTwDtad8H8JzoqMqjHigUCK0=,AYM4xfcYGsSrB9f0Q4HGnzcaKr4=
2,-9,kDIcTwDtad8H8JzoqMqjHigUCK0=,AYM4xfcYGsSrB9f0Q4HGnzcaKr4=
0,-13,kDIcTwDtad8H8JzoqMqjHigUCK0=,AYM4xfcYGsSrB9f0Q4HGnzcaKr4=
2,-15,kDIcTwDtad8H8JzoqMqjHigUCK0=,AYM4xfcYGsSrB9f0Q4HGnzcaKr4=
3,-11,kDIcTwDtad8H8JzoqMqjHigUCK0=,AYM4xfcYGsSrB9f0Q4HGnzcaKr4=
0,-10,kDIcTwDtad8H8JzoqMqjHigUCK0=,AYM4xfcYGsSrB9f0Q4HGnzcaKr4=
3,-12,kDIcTwDtad8H8JzoqMqjHigUCK0=,AYM4xfcYGsSrB9f0Q4HGnzcaKr4=
0,-11,kDIcTwDtad8H8JzoqMqjHigUCK0=,AYM4xfcYGsSrB9f0Q4HGnzcaKr4=
30,-14,kDIcTwDtad8H8JzoqMqjHigUCK0=,uOOjOyufPRoN4NSD6r8WyS4nC3M=
31,-1,kDIcTwDtad8H8JzoqMqjHigUCK0=,uOOjOyufPRoN4NSD6r8WyS4nC3M=
30,-1,kDIcTwDtad8H8JzoqMqjHigUCK0=,uOOjOyufPRoN4NSD6r8WyS4nC3M=
29,-1,kDIcTwDtad8H8JzoqMqjHigUCK0=,uOOjOyufPRoN4NSD6r8WyS4nC3M=
19,-16,kDIcTwDtad8H8JzoqMqjHigUCK0=,uOOjOyufPRoN4NSD6r8WyS4nC3M=
27,-1,kDIcTwDtad8H8JzoqMqjHigUCK0=,uOOjOyufPRoN4NSD6r8WyS4nC3M=
26,-1,kDIcTwDtad8H8JzoqMqjHigUCK0=,uOOjOyufPRoN4NSD6r8WyS4nC3M=
28,-1,kDIcTwDtad8H8JzoqMqjHigUCK0=,uOOjOyufPRoN4NSD6r8WyS4nC3M=
24,-1,kDIcTwDtad8H8JzoqMqjHigUCK0=,uOOjOyufPRoN4NSD6r8WyS4nC3M=
25,-1,kDIcTwDtad8H8JzoqMqjHigUCK0=,uOOjOyufPRoN4NSD6r8WyS4nC3M=
23,-1,kDIcTwDtad8H8JzoqMqjHigUCK0=,uOOjOyufPRoN4NSD6r8WyS4nC3M=
22,-1,kDIcTwDtad8H8JzoqMqjHigUCK0=,uOOjOyufPRoN4NSD6r8WyS4nC3M=
21,-1,kDIcTwDtad8H8JzoqMqjHigUCK0=,uOOjOyufPRoN4NSD6r8WyS4nC3M=
20,-1,kDIcTwDtad8H8JzoqMqjHigUCK0=,uOOjOyufPRoN4NSD6r8WyS4nC3M=
19,-1,kDIcTwDtad8H8JzoqMqjHigUCK0=,uOOjOyufPRoN4NSD6r8WyS4nC3M=
18,-1,kDIcTwDtad8H8JzoqMqjHigUCK0=,uOOjOyufPRoN4NSD6r8WyS4nC3M=
17,-15,kDIcTwDtad8H8JzoqMqjHigUCK0=,uOOjOyufPRoN4NSD6r8WyS4nC3M=
17,-1,kDIcTwDtad8H8JzoqMqjHigUCK0=,uOOjOyufPRoN4NSD6r8WyS4nC3M=
16,-1,kDIcTwDtad8H8JzoqMqjHigUCK0=,uOOjOyufPRoN4NSD6r8WyS4nC3M=
31,-15,kDIcTwDtad8H8JzoqMqjHigUCK0=,uOOjOyufPRoN4NSD6r8WyS4nC3M=
30,-15,kDIcTwDtad8H8JzoqMqjHigUCK0=,uOOjOyufPRoN4NSD6r8WyS4nC3M=
29,-15,kDIcTwDtad8H8JzoqMqjHigUCK0=,uOOjOyufPRoN4NSD6r8WyS4nC3M=
28,-15,kDIcTwDtad8H8JzoqMqjHigUCK0=,uOOjOyufPRoN4NSD6r8WyS4nC3M=
26,-15,kDIcTwDtad8H8JzoqMqjHigUCK0=,uOOjOyufPRoN4NSD6r8WyS4nC3M=
25,-15,kDIcTwDtad8H8JzoqMqjHigUCK0=,uOOjOyufPRoN4NSD6r8WyS4nC3M=
24,-15,kDIcTwDtad8H8JzoqMqjHigUCK0=,uOOjOyufPRoN4NSD6r8WyS4nC3M=
23,-15,kDIcTwDtad8H8JzoqMqjHigUCK0=,uOOjOyufPRoN4NSD6r8WyS4nC3M=
27,-15,kDIcTwDtad8H8JzoqMqjHigUCK0=,uOOjOyufPRoN4NSD6r8WyS4nC3M=
21,-15,kDIcTwDtad8H8JzoqMqjHigUCK0=,uOOjOyufPRoN4NSD6r8WyS4nC3M=
20,-15,kDIcTwDtad8H8JzoqMqjHigUCK0=,uOOjOyufPRoN4NSD6r8WyS4nC3M=
19,-15,kDIcTwDtad8H8JzoqMqjHigUCK0=,uOOjOyufPRoN4NSD6r8WyS4nC3M=
22,-15,kDIcTwDtad8H8JzoqMqjHigUCK0=,uOOjOyufPRoN4NSD6r8WyS4nC3M=
18,-15,kDIcTwDtad8H8JzoqMqjHigUCK0=,uOOjOyufPRoN4NSD6r8WyS4nC3M=
18,-16,kDIcTwDtad8H8JzoqMqjHigUCK0=,uOOjOyufPRoN4NSD6r8WyS4nC3M=
31,-2,kDIcTwDtad8H8JzoqMqjHigUCK0=,uOOjOyufPRoN4NSD6r8WyS4nC3M=
29,-14,kDIcTwDtad8H8JzoqMqjHigUCK0=,uOOjOyufPRoN4NSD6r8WyS4nC3M=
30,-2,kDIcTwDtad8H8JzoqMqjHigUCK0=,uOOjOyufPRoN4NSD6r8WyS4nC3M=
28,-14,kDIcTwDtad8H8JzoqMqjHigUCK0=,uOOjOyufPRoN4NSD6r8WyS4nC3M=
29,-2,kDIcTwDtad8H8JzoqMqjHigUCK0=,uOOjOyufPRoN4NSD6r8WyS4nC3M=
28,-2,kDIcTwDtad8H8JzoqMqjHigUCK0=,uOOjOyufPRoN4NSD6r8WyS4nC3M=
27,-2,kDIcTwDtad8H8JzoqMqjHigUCK0=,uOOjOyufPRoN4NSD6r8WyS4nC3M=
16,-15,kDIcTwDtad8H8JzoqMqjHigUCK0=,uOOjOyufPRoN4NSD6r8WyS4nC3M=
26,-2,kDIcTwDtad8H8JzoqMqjHigUCK0=,uOOjOyufPRoN4NSD6r8WyS4nC3M=
25,-2,kDIcTwDtad8H8JzoqMqjHigUCK0=,uOOjOyufPRoN4NSD6r8WyS4nC3M=
24,-2,kDIcTwDtad8H8JzoqMqjHigUCK0=,uOOjOyufPRoN4NSD6r8WyS4nC3M=
23,-2,kDIcTwDtad8H8JzoqMqjHigUCK0=,uOOjOyufPRoN4NSD6r8WyS4nC3M=
22,-2,kDIcTwDtad8H8JzoqMqjHigUCK0=,uOOjOyufPRoN4NSD6r8WyS4nC3M=
21,-2,kDIcTwDtad8H8JzoqMqjHigUCK0=,uOOjOyufPRoN4NSD6r8WyS4nC3M=
20,-2,kDIcTwDtad8H8JzoqMqjHigUCK0=,uOOjOyufPRoN4NSD6r8WyS4nC3M=
19,-2,kDIcTwDtad8H8JzoqMqjHigUCK0=,uOOjOyufPRoN4NSD6r8WyS4nC3M=
18,-2,kDIcTwDtad8H8JzoqMqjHigUCK0=,uOOjOyufPRoN4NSD6r8WyS4nC3M=
17,-2,kDIcTwDtad8H8JzoqMqjHigUCK0=,uOOjOyufPRoN4NSD6r8WyS4nC3M=
16,-2,kDIcTwDtad8H8JzoqMqjHigUCK0=,uOOjOyufPRoN4NSD6r8WyS4nC3M=
17,-16,kDIcTwDtad8H8JzoqMqjHigUCK0=,uOOjOyufPRoN4NSD6r8WyS4nC3M=
31,-3,kDIcTwDtad8H8JzoqMqjHigUCK0=,uOOjOyufPRoN4NSD6r8WyS4nC3M=
30,-3,kDIcTwDtad8H8JzoqMqjHigUCK0=,uOOjOyufPRoN4NSD6r8WyS4nC3M=
29,-3,kDIcTwDtad8H8JzoqMqjHigUCK0=,uOOjOyufPRoN4NSD6r8WyS4nC3M=
31,-16,kDIcTwDtad8H8JzoqMqjHigUCK0=,uOOjOyufPRoN4NSD6r8WyS4nC3M=
27,-14,kDIcTwDtad8H8JzoqMqjHigUCK0=,uOOjOyufPRoN4NSD6r8WyS4nC3M=
28,-3,kDIcTwDtad8H8JzoqMqjHigUCK0=,uOOjOyufPRoN4NSD6r8WyS4nC3M=
27,-3,kDIcTwDtad8H8JzoqMqjHigUCK0=,uOOjOyufPRoN4NSD6r8WyS4nC3M=
25,-3,kDIcTwDtad8H8JzoqMqjHigUCK0=,uOOjOyufPRoN4NSD6r8WyS4nC3M=
24,-3,kDIcTwDtad8H8JzoqMqjHigUCK0=,uOOjOyufPRoN4NSD6r8WyS4nC3M=
23,-3,kDIcTwDtad8H8JzoqMqjHigUCK0=,uOOjOyufPRoN4NSD6r8WyS4nC3M=
22,-3,kDIcTwDtad8H8JzoqMqjHigUCK0=,uOOjOyufPRoN4NSD6r8WyS4nC3M=
21,-3,kDIcTwDtad8H8JzoqMqjHigUCK0=,uOOjOyufPRoN4NSD6r8WyS4nC3M=
20,-3,kDIcTwDtad8H8JzoqMqjHigUCK0=,uOOjOyufPRoN4NSD6r8WyS4nC3M=
19,-3,kDIcTwDtad8H8JzoqMqjHigUCK0=,uOOjOyufPRoN4NSD6r8WyS4nC3M=
18,-3,kDIcTwDtad8H8JzoqMqjHigUCK0=,uOOjOyufPRoN4NSD6r8WyS4nC3M=
17,-3,kDIcTwDtad8H8JzoqMqjHigUCK0=,uOOjOyufPRoN4NSD6r8WyS4nC3M=
16,-3,kDIcTwDtad8H8JzoqMqjHigUCK0=,uOOjOyufPRoN4NSD6r8WyS4nC3M=
26,-3,kDIcTwDtad8H8JzoqMqjHigUCK0=,uOOjOyufPRoN4NSD6r8WyS4nC3M=
31,-4,kDIcTwDtad8H8JzoqMqjHigUCK0=,uOOjOyufPRoN4NSD6r8WyS4nC3M=
30,-4,kDIcTwDtad8H8JzoqMqjHigUCK0=,uOOjOyufPRoN4NSD6r8WyS4nC3M=
29,-4,kDIcTwDtad8H8JzoqMqjHigUCK0=,uOOjOyufPRoN4NSD6r8WyS4nC3M=
30,-16,kDIcTwDtad8H8JzoqMqjHigUCK0=,uOOjOyufPRoN4NSD6r8WyS4nC3M=
27,-4,kDIcTwDtad8H8JzoqMqjHigUCK0=,uOOjOyufPRoN4NSD6r8WyS4nC3M=
26,-14,kDIcTwDtad8H8JzoqMqjHigUCK0=,uOOjOyufPRoN4NSD6r8WyS4nC3M=
25,-4,kDIcTwDtad8H8JzoqMqjHigUCK0=,uOOjOyufPRoN4NSD6r8WyS4nC3M=
26,-4,kDIcTwDtad8H8JzoqMqjHigUCK0=,uOOjOyufPRoN4NSD6r8WyS4nC3M=
28,-4,kDIcTwDtad8H8JzoqMqjHigUCK0=,uOOjOyufPRoN4NSD6r8WyS4nC3M=
24,-4,kDIcTwDtad8H8JzoqMqjHigUCK0=,uOOjOyufPRoN4NSD6r8WyS4nC3M=
23,-4,kDIcTwDtad8H8JzoqMqjHigUCK0=,uOOjOyufPRoN4NSD6r8WyS4nC3M=
21,-4,kDIcTwDtad8H8JzoqMqjHigUCK0=,uOOjOyufPRoN4NSD6r8WyS4nC3M=
20,-4,kDIcTwDtad8H8JzoqMqjHigUCK0=,uOOjOyufPRoN4NSD6r8WyS4nC3M=
19,-4,kDIcTwDtad8H8JzoqMqjHigUCK0=,uOOjOyufPRoN4NSD6r8WyS4nC3M=
18,-4,kDIcTwDtad8H8JzoqMqjHigUCK0=,uOOjOyufPRoN4NSD6r8WyS4nC3M=
22,-4,kDIcTwDtad8H8JzoqMqjHigUCK0=,uOOjOyufPRoN4NSD6r8WyS4nC3M=
17,-4,kDIcTwDtad8H8JzoqMqjHigUCK0=,uOOjOyufPRoN4NSD6r8WyS4nC3M=
16,-4,kDIcTwDtad8H8JzoqMqjHigUCK0=,uOOjOyufPRoN4NSD6r8WyS4nC3M=
31,-5,kDIcTwDtad8H8JzoqMqjHigUCK0=,uOOjOyufPRoN4NSD6r8WyS4nC3M=
30,-5,kDIcTwDtad8H8JzoqMqjHigUCK0=,uOOjOyufPRoN4NSD6r8WyS4nC3M=
29,-5,kDIcTwDtad8H8JzoqMqjHigUCK0=,uOOjOyufPRoN4NSD6r8WyS4nC3M=
28,-5,kDIcTwDtad8H8JzoqMqjHigUCK0=,uOOjOyufPRoN4NSD6r8WyS4nC3M=
27,-5,kDIcTwDtad8H8JzoqMqjHigUCK0=,uOOjOyufPRoN4NSD6r8WyS4nC3M=
26,-5,kDIcTwDtad8H8JzoqMqjHigUCK0=,uOOjOyufPRoN4NSD6r8WyS4nC3M=
24,-5,kDIcTwDtad8H8JzoqMqjHigUCK0=,uOOjOyufPRoN4NSD6r8WyS4nC3M=
29,-16,kDIcTwDtad8H8JzoqMqjHigUCK0=,uOOjOyufPRoN4NSD6r8WyS4nC3M=
25,-5,kDIcTwDtad8H8JzoqMqjHigUCK0=,uOOjOyufPRoN4NSD6r8WyS4nC3M=
25,-14,kDIcTwDtad8H8JzoqMqjHigUCK0=,uOOjOyufPRoN4NSD6r8WyS4nC3M=
23,-5,kDIcTwDtad8H8JzoqMqjHigUCK0=,uOOjOyufPRoN4NSD6r8WyS4nC3M=
22,-5,kDIcTwDtad8H8JzoqMqjHigUCK0=,uOOjOyufPRoN4NSD6r8WyS4nC3M=
21,-5,kDIcTwDtad8H8JzoqMqjHigUCK0=,uOOjOyufPRoN4NSD6r8WyS4nC3M=
20,-5,kDIcTwDtad8H8JzoqMqjHigUCK0=,uOOjOyufPRoN4NSD6r8WyS4nC3M=
19,-5,kDIcTwDtad8H8JzoqMqjHigUCK0=,uOOjOyufPRoN4NSD6r8WyS4nC3M=
18,-5,kDIcTwDtad8H8JzoqMqjHigUCK0=,uOOjOyufPRoN4NSD6r8WyS4nC3M=
17,-5,kDIcTwDtad8H8JzoqMqjHigUCK0=,uOOjOyufPRoN4NSD6r8WyS4nC3M=
16,-5,kDIcTwDtad8H8JzoqMqjHigUCK0=,uOOjOyufPRoN4NSD6r8WyS4nC3M=
31,-6,kDIcTwDtad8H8JzoqMqjHigUCK0=,uOOjOyufPRoN4NSD6r8WyS4nC3M=
29,-6,kDIcTwDtad8H8JzoqMqjHigUCK0=,uOOjOyufPRoN4NSD6r8WyS4nC3M=
30,-6,kDIcTwDtad8H8JzoqMqjHigUCK0=,uOOjOyufPRoN4NSD6r8WyS4nC3M=
28,-6,kDIcTwDtad8H8JzoqMqjHigUCK0=,uOOjOyufPRoN4NSD6r8WyS4nC3M=
26,-6,kDIcTwDtad8H8JzoqMqjHigUCK0=,uOOjOyufPRoN4NSD6r8WyS4nC3M=
27,-6,kDIcTwDtad8H8JzoqMqjHigUCK0=,uOOjOyufPRoN4NSD6r8WyS4nC3M=
25,-6,kDIcTwDtad8H8JzoqMqjHigUCK0=,uOOjOyufPRoN4NSD6r8WyS4nC3M=
24,-6,kDIcTwDtad8H8JzoqMqjHigUCK0=,uOOjOyufPRoN4NSD6r8WyS4nC3M=
24,-14,kDIcTwDtad8H8JzoqMqjHigUCK0=,uOOjOyufPRoN4NSD6r8WyS4nC3M=
22,-6,kDIcTwDtad8H8JzoqMqjHigUCK0=,uOOjOyufPRoN4NSD6r8WyS4nC3M=
21,-6,kDIcTwDtad8H8JzoqMqjHigUCK0=,uOOjOyufPRoN4NSD6r8WyS4nC3M=
23,-6,kDIcTwDtad8H8JzoqMqjHigUCK0=,uOOjOyufPRoN4NSD6r8WyS4nC3M=
20,-6,kDIcTwDtad8H8JzoqMqjHigUCK0=,uOOjOyufPRoN4NSD6r8WyS4nC3M=
19,-6,kDIcTwDtad8H8JzoqMqjHigUCK0=,uOOjOyufPRoN4NSD6r8WyS4nC3M=
17,-6,kDIcTwDtad8H8JzoqMqjHigUCK0=,uOOjOyufPRoN4NSD6r8WyS4nC3M=
16,-6,kDIcTwDtad8H8JzoqMqjHigUCK0=,uOOjOyufPRoN4NSD6r8WyS4nC3M=
30,-7,kDIcTwDtad8H8JzoqMqjHigUCK0=,uOOjOyufPRoN4NSD6r8WyS4nC3M=
31,-7,kDIcTwDtad8H8JzoqMqjHigUCK0=,uOOjOyufPRoN4NSD6r8WyS4nC3M=
28,-16,kDIcTwDtad8H8JzoqMqjHigUCK0=,uOOjOyufPRoN4NSD6r8WyS4nC3M=
29,-7,kDIcTwDtad8H8JzoqMqjHigUCK0=,uOOjOyufPRoN4NSD6r8WyS4nC3M=
28,-7,kDIcTwDtad8H8JzoqMqjHigUCK0=,uOOjOyufPRoN4NSD6r8WyS4nC3M=
26,-7,kDIcTwDtad8H8JzoqMqjHigUCK0=,uOOjOyufPRoN4NSD6r8WyS4nC3M=
25,-7,kDIcTwDtad8H8JzoqMqjHigUCK0=,uOOjOyufPRoN4NSD6r8WyS4nC3M=
27,-7,kDIcTwDtad8H8JzoqMqjHigUCK0=,uOOjOyufPRoN4NSD6r8WyS4nC3M=
24,-7,kDIcTwDtad8H8JzoqMqjHigUCK0=,uOOjOyufPRoN4NSD6r8WyS4nC3M=
27,-16,kDIcTwDtad8H8JzoqMqjHigUCK0=,uOOjOyufPRoN4NSD6r8WyS4nC3M=
23,-7,kDIcTwDtad8H8JzoqMqjHigUCK0=,uOOjOyufPRoN4NSD6r8WyS4nC3M=
22,-7,kDIcTwDtad8H8JzoqMqjHigUCK0=,uOOjOyufPRoN4NSD6r8WyS4nC3M=
23,-14,kDIcTwDtad8H8JzoqMqjHigUCK0=,uOOjOyufPRoN4NSD6r8WyS4nC3M=
21,-7,kDIcTwDtad8H8JzoqMqjHigUCK0=,uOOjOyufPRoN4NSD6r8WyS4nC3M=
19,-7,kDIcTwDtad8H8JzoqMqjHigUCK0=,uOOjOyufPRoN4NSD6r8WyS4nC3M=
20,-7,kDIcTwDtad8H8JzoqMqjHigUCK0=,uOOjOyufPRoN4NSD6r8WyS4nC3M=
18,-7,kDIcTwDtad8H8JzoqMqjHigUCK0=,uOOjOyufPRoN4NSD6r8WyS4nC3M=
16,-7,kDIcTwDtad8H8JzoqMqjHigUCK0=,uOOjOyufPRoN4NSD6r8WyS4nC3M=
17,-7,kDIcTwDtad8H8JzoqMqjHigUCK0=,uOOjOyufPRoN4NSD6r8WyS4nC3M=
31,-8,kDIcTwDtad8H8JzoqMqjHigUCK0=,uOOjOyufPRoN4NSD6r8WyS4nC3M=
29,-8,kDIcTwDtad8H8JzoqMqjHigUCK0=,uOOjOyufPRoN4NSD6r8WyS4nC3M=
30,-8,kDIcTwDtad8H8JzoqMqjHigUCK0=,uOOjOyufPRoN4NSD6r8WyS4nC3M=
28,-8,kDIcTwDtad8H8JzoqMqjHigUCK0=,uOOjOyufPRoN4NSD6r8WyS4nC3M=
27,-8,kDIcTwDtad8H8JzoqMqjHigUCK0=,uOOjOyufPRoN4NSD6r8WyS4nC3M=
26,-8,kDIcTwDtad8H8JzoqMqjHigUCK0=,uOOjOyufPRoN4NSD6r8WyS4nC3M=
25,-8,kDIcTwDtad8H8JzoqMqjHigUCK0=,uOOjOyufPRoN4NSD6r8WyS4nC3M=
23,-8,kDIcTwDtad8H8JzoqMqjHigUCK0=,uOOjOyufPRoN4NSD6r8WyS4nC3M=
24,-8,kDIcTwDtad8H8JzoqMqjHigUCK0=,uOOjOyufPRoN4NSD6r8WyS4nC3M=
26,-16,kDIcTwDtad8H8JzoqMqjHigUCK0=,uOOjOyufPRoN4NSD6r8WyS4nC3M=
22,-8,kDIcTwDtad8H8JzoqMqjHigUCK0=,uOOjOyufPRoN4NSD6r8WyS4nC3M=
22,-14,kDIcTwDtad8H8JzoqMqjHigUCK0=,uOOjOyufPRoN4NSD6r8WyS4nC3M=
20,-8,kDIcTwDtad8H8JzoqMqjHigUCK0=,uOOjOyufPRoN4NSD6r8WyS4nC3M=
19,-8,kDIcTwDtad8H8JzoqMqjHigUCK0=,uOOjOyufPRoN4NSD6r8WyS4nC3M=
18,-8,kDIcTwDtad8H8JzoqMqjHigUCK0=,uOOjOyufPRoN4NSD6r8WyS4nC3M=
17,-8,kDIcTwDtad8H8JzoqMqjHigUCK0=,uOOjOyufPRoN4NSD6r8WyS4nC3M=
21,-8,kDIcTwDtad8H8JzoqMqjHigUCK0=,uOOjOyufPRoN4NSD6r8WyS4nC3M=
30,-9,kDIcTwDtad8H8JzoqMqjHigUCK0=,uOOjOyufPRoN4NSD6r8WyS4nC3M=
29,-9,kDIcTwDtad8H8JzoqMqjHigUCK0=,uOOjOyufPRoN4NSD6r8WyS4nC3M=
31,-9,kDIcTwDtad8H8JzoqMqjHigUCK0=,uOOjOyufPRoN4NSD6r8WyS4nC3M=
16,-8,kDIcTwDtad8H8JzoqMqjHigUCK0=,uOOjOyufPRoN4NSD6r8WyS4nC3M=
28,-9,kDIcTwDtad8H8JzoqMqjHigUCK0=,uOOjOyufPRoN4NSD6r8WyS4nC3M=
27,-9,kDIcTwDtad8H8JzoqMqjHigUCK0=,uOOjOyufPRoN4NSD6r8WyS4nC3M=
26,-9,kDIcTwDtad8H8JzoqMqjHigUCK0=,uOOjOyufPRoN4NSD6r8WyS4nC3M=
25,-9,kDIcTwDtad8H8JzoqMqjHigUCK0=,uOOjOyufPRoN4NSD6r8WyS4nC3M=
24,-9,kDIcTwDtad8H8JzoqMqjHigUCK0=,uOOjOyufPRoN4NSD6r8WyS4nC3M=
22,-9,kDIcTwDtad8H8JzoqMqjHigUCK0=,uOOjOyufPRoN4NSD6r8WyS4nC3M=
25,-16,kDIcTwDtad8H8JzoqMqjHigUCK0=,uOOjOyufPRoN4NSD6r8WyS4nC3M=
23,-9,kDIcTwDtad8H8JzoqMqjHigUCK0=,uOOjOyufPRoN4NSD6r8WyS4nC3M=
21,-9,kDIcTwDtad8H8JzoqMqjHigUCK0=,uOOjOyufPRoN4NSD6r8WyS4nC3M=
21,-14,kDIcTwDtad8H8JzoqMqjHigUCK0=,uOOjOyufPRoN4NSD6r8WyS4nC3M=
20,-9,kDIcTwDtad8H8JzoqMqjHigUCK0=,uOOjOyufPRoN4NSD6r8WyS4nC3M=
19,-9,kDIcTwDtad8H8JzoqMqjHigUCK0=,uOOjOyufPRoN4NSD6r8WyS4nC3M=
18,-9,kDIcTwDtad8H8JzoqMqjHigUCK0=,uOOjOyufPRoN4NSD6r8WyS4nC3M=
17,-9,kDIcTwDtad8H8JzoqMqjHigUCK0=,uOOjOyufPRoN4NSD6r8WyS4nC3M=
16,-9,kDIcTwDtad8H8JzoqMqjHigUCK0=,uOOjOyufPRoN4NSD6r8WyS4nC3M=
31,-10,kDIcTwDtad8H8JzoqMqjHigUCK0=,uOOjOyufPRoN4NSD6r8WyS4nC3M=
30,-10,kDIcTwDtad8H8JzoqMqjHigUCK0=,uOOjOyufPRoN4NSD6r8WyS4nC3M=
28,-10,kDIcTwDtad8H8JzoqMqjHigUCK0=,uOOjOyufPRoN4NSD6r8WyS4nC3M=
27,-10,kDIcTwDtad8H8JzoqMqjHigUCK0=,uOOjOyufPRoN4NSD6r8WyS4nC3M=
29,-10,kDIcTwDtad8H8JzoqMqjHigUCK0=,uOOjOyufPRoN4NSD6r8WyS4nC3M=
26,-10,kDIcTwDtad8H8JzoqMqjHigUCK0=,uOOjOyufPRoN4NSD6r8WyS4nC3M=
25,-10,kDIcTwDtad8H8JzoqMqjHigUCK0=,uOOjOyufPRoN4NSD6r8WyS4nC3M=
24,-10,kDIcTwDtad8H8JzoqMqjHigUCK0=,uOOjOyufPRoN4NSD6r8WyS4nC3M=
23,-10,kDIcTwDtad8H8JzoqMqjHigUCK0=,uOOjOyufPRoN4NSD6r8WyS4nC3M=
22,-10,kDIcTwDtad8H8JzoqMqjHigUCK0=,uOOjOyufPRoN4NSD6r8WyS4nC3M=
21,-10,kDIcTwDtad8H8JzoqMqjHigUCK0=,uOOjOyufPRoN4NSD6r8WyS4nC3M=
20,-10,kDIcTwDtad8H8JzoqMqjHigUCK0=,uOOjOyufPRoN4NSD6r8WyS4nC3M=
24,-16,kDIcTwDtad8H8JzoqMqjHigUCK0=,uOOjOyufPRoN4NSD6r8WyS4nC3M=
19,-10,kDIcTwDtad8H8JzoqMqjHigUCK0=,uOOjOyufPRoN4NSD6r8WyS4nC3M=
20,-14,kDIcTwDtad8H8JzoqMqjHigUCK0=,uOOjOyufPRoN4NSD6r8WyS4nC3M=
18,-10,kDIcTwDtad8H8JzoqMqjHigUCK0=,uOOjOyufPRoN4NSD6r8WyS4nC3M=
16,-10,kDIcTwDtad8H8JzoqMqjHigUCK0=,uOOjOyufPRoN4NSD6r8WyS4nC3M=
17,-10,kDIcTwDtad8H8JzoqMqjHigUCK0=,uOOjOyufPRoN4NSD6r8WyS4nC3M=
30,-11,kDIcTwDtad8H8JzoqMqjHigUCK0=,uOOjOyufPRoN4NSD6r8WyS4nC3M=
31,-11,kDIcTwDtad8H8JzoqMqjHigUCK0=,uOOjOyufPRoN4NSD6r8WyS4nC3M=
29,-11,kDIcTwDtad8H8JzoqMqjHigUCK0=,uOOjOyufPRoN4NSD6r8WyS4nC3M=
28,-11,kDIcTwDtad8H8JzoqMqjHigUCK0=,uOOjOyufPRoN4NSD6r8WyS4nC3M=
27,-11,kDIcTwDtad8H8JzoqMqjHigUCK0=,uOOjOyufPRoN4NSD6r8WyS4nC3M=
26,-11,kDIcTwDtad8H8JzoqMqjHigUCK0=,uOOjOyufPRoN4NSD6r8WyS4nC3M=
25,-11,kDIcTwDtad8H8JzoqMqjHigUCK0=,uOOjOyufPRoN4NSD6r8WyS4nC3M=
24,-11,kDIcTwDtad8H8JzoqMqjHigUCK0=,uOOjOyufPRoN4NSD6r8WyS4nC3M=
23,-11,kDIcTwDtad8H8JzoqMqjHigUCK0=,uOOjOyufPRoN4NSD6r8WyS4nC3M=
22,-11,kDIcTwDtad8H8JzoqMqjHigUCK0=,uOOjOyufPRoN4NSD6r8WyS4nC3M=
21,-11,kDIcTwDtad8H8JzoqMqjHigUCK0=,uOOjOyufPRoN4NSD6r8WyS4nC3M=
20,-11,kDIcTwDtad8H8JzoqMqjHigUCK0=,uOOjOyufPRoN4NSD6r8WyS4nC3M=
19,-11,kDIcTwDtad8H8JzoqMqjHigUCK0=,uOOjOyufPRoN4NSD6r8WyS4nC3M=
23,-16,kDIcTwDtad8H8JzoqMqjHigUCK0=,uOOjOyufPRoN4NSD6r8WyS4nC3M=
16,-16,kDIcTwDtad8H8JzoqMqjHigUCK0=,uOOjOyufPRoN4NSD6r8WyS4nC3M=
19,-14,kDIcTwDtad8H8JzoqMqjHigUCK0=,uOOjOyufPRoN4NSD6r8WyS4nC3M=
17,-11,kDIcTwDtad8H8JzoqMqjHigUCK0=,uOOjOyufPRoN4NSD6r8WyS4nC3M=
18,-11,kDIcTwDtad8H8JzoqMqjHigUCK0=,uOOjOyufPRoN4NSD6r8WyS4nC3M=
16,-11,kDIcTwDtad8H8JzoqMqjHigUCK0=,uOOjOyufPRoN4NSD6r8WyS4nC3M=
31,-12,kDIcTwDtad8H8JzoqMqjHigUCK0=,uOOjOyufPRoN4NSD6r8WyS4nC3M=
30,-12,kDIcTwDtad8H8JzoqMqjHigUCK0=,uOOjOyufPRoN4NSD6r8WyS4nC3M=
29,-12,kDIcTwDtad8H8JzoqMqjHigUCK0=,uOOjOyufPRoN4NSD6r8WyS4nC3M=
28,-12,kDIcTwDtad8H8JzoqMqjHigUCK0=,uOOjOyufPRoN4NSD6r8WyS4nC3M=
27,-12,kDIcTwDtad8H8JzoqMqjHigUCK0=,uOOjOyufPRoN4NSD6r8WyS4nC3M=
26,-12,kDIcTwDtad8H8JzoqMqjHigUCK0=,uOOjOyufPRoN4NSD6r8WyS4nC3M=
25,-12,kDIcTwDtad8H8JzoqMqjHigUCK0=,uOOjOyufPRoN4NSD6r8WyS4nC3M=
22,-12,kDIcTwDtad8H8JzoqMqjHigUCK0=,uOOjOyufPRoN4NSD6r8WyS4nC3M=
23,-12,kDIcTwDtad8H8JzoqMqjHigUCK0=,uOOjOyufPRoN4NSD6r8WyS4nC3M=
24,-12,kDIcTwDtad8H8JzoqMqjHigUCK0=,uOOjOyufPRoN4NSD6r8WyS4nC3M=
20,-12,kDIcTwDtad8H8JzoqMqjHigUCK0=,uOOjOyufPRoN4NSD6r8WyS4nC3M=
21,-12,kDIcTwDtad8H8JzoqMqjHigUCK0=,uOOjOyufPRoN4NSD6r8WyS4nC3M=
19,-12,kDIcTwDtad8H8JzoqMqjHigUCK0=,uOOjOyufPRoN4NSD6r8WyS4nC3M=
22,-16,kDIcTwDtad8H8JzoqMqjHigUCK0=,uOOjOyufPRoN4NSD6r8WyS4nC3M=
21,-16,kDIcTwDtad8H8JzoqMqjHigUCK0=,uOOjOyufPRoN4NSD6r8WyS4nC3M=
18,-14,kDIcTwDtad8H8JzoqMqjHigUCK0=,uOOjOyufPRoN4NSD6r8WyS4nC3M=
18,-12,kDIcTwDtad8H8JzoqMqjHigUCK0=,uOOjOyufPRoN4NSD6r8WyS4nC3M=
17,-12,kDIcTwDtad8H8JzoqMqjHigUCK0=,uOOjOyufPRoN4NSD6r8WyS4nC3M=
16,-12,kDIcTwDtad8H8JzoqMqjHigUCK0=,uOOjOyufPRoN4NSD6r8WyS4nC3M=
31,-13,kDIcTwDtad8H8JzoqMqjHigUCK0=,uOOjOyufPRoN4NSD6r8WyS4nC3M=
29,-13,kDIcTwDtad8H8JzoqMqjHigUCK0=,uOOjOyufPRoN4NSD6r8WyS4nC3M=
28,-13,kDIcTwDtad8H8JzoqMqjHigUCK0=,uOOjOyufPRoN4NSD6r8WyS4nC3M=
27,-13,kDIcTwDtad8H8JzoqMqjHigUCK0=,uOOjOyufPRoN4NSD6r8WyS4nC3M=
30,-13,kDIcTwDtad8H8JzoqMqjHigUCK0=,uOOjOyufPRoN4NSD6r8WyS4nC3M=
25,-13,kDIcTwDtad8H8JzoqMqjHigUCK0=,uOOjOyufPRoN4NSD6r8WyS4nC3M=
26,-13,kDIcTwDtad8H8JzoqMqjHigUCK0=,uOOjOyufPRoN4NSD6r8WyS4nC3M=
23,-13,kDIcTwDtad8H8JzoqMqjHigUCK0=,uOOjOyufPRoN4NSD6r8WyS4nC3M=
24,-13,kDIcTwDtad8H8JzoqMqjHigUCK0=,uOOjOyufPRoN4NSD6r8WyS4nC3M=
22,-13,kDIcTwDtad8H8JzoqMqjHigUCK0=,uOOjOyufPRoN4NSD6r8WyS4nC3M=
17,-14,kDIcTwDtad8H8JzoqMqjHigUCK0=,uOOjOyufPRoN4NSD6r8WyS4nC3M=
20,-13,kDIcTwDtad8H8JzoqMqjHigUCK0=,uOOjOyufPRoN4NSD6r8WyS4nC3M=
20,-16,kDIcTwDtad8H8JzoqMqjHigUCK0=,uOOjOyufPRoN4NSD6r8WyS4nC3M=
21,-13,kDIcTwDtad8H8JzoqMqjHigUCK0=,uOOjOyufPRoN4NSD6r8WyS4nC3M=
19,-13,kDIcTwDtad8H8JzoqMqjHigUCK0=,uOOjOyufPRoN4NSD6r8WyS4nC3M=
16,-14,kDIcTwDtad8H8JzoqMqjHigUCK0=,uOOjOyufPRoN4NSD6r8WyS4nC3M=
16,-13,kDIcTwDtad8H8JzoqMqjHigUCK0=,uOOjOyufPRoN4NSD6r8WyS4nC3M=
17,-13,kDIcTwDtad8H8JzoqMqjHigUCK0=,uOOjOyufPRoN4NSD6r8WyS4nC3M=
31,-14,kDIcTwDtad8H8JzoqMqjHigUCK0=,uOOjOyufPRoN4NSD6r8WyS4nC3M=
18,-6,kDIcTwDtad8H8JzoqMqjHigUCK0=,uOOjOyufPRoN4NSD6r8WyS4nC3M=
18,-13,kDIcTwDtad8H8JzoqMqjHigUCK0=,uOOjOyufPRoN4NSD6r8WyS4nC3M=
