-45,-80,LaB61NaoPdYuG2xCtdRhk4mgyJM=,t8zH1pgynXgmOOp9HF1J86VIZmM=
-33,-79,LaB61NaoPdYuG2xCtdRhk4mgyJM=,t8zH1pgynXgmOOp9HF1J86VIZmM=
-35,-78,LaB61NaoPdYuG2xCtdRhk4mgyJM=,t8zH1pgynXgmOOp9HF1J86VIZmM=
-33,-65,LaB61NaoPdYuG2xCtdRhk4mgyJM=,t8zH1pgynXgmOOp9HF1J86VIZmM=
-37,-77,LaB61NaoPdYuG2xCtdRhk4mgyJM=,t8zH1pgynXgmOOp9HF1J86VIZmM=
-36,-78,LaB61NaoPdYuG2xCtdRhk4mgyJM=,t8zH1pgynXgmOOp9HF1J86VIZmM=
-34,-65,LaB61NaoPdYuG2xCtdRhk4mgyJM=,t8zH1pgynXgmOOp9HF1J86VIZmM=
-38,-78,LaB61NaoPdYuG2xCtdRhk4mgyJM=,t8zH1pgynXgmOOp9HF1J86VIZmM=
-35,-65,LaB61NaoPdYuG2xCtdRhk4mgyJM=,t8zH1pgynXgmOOp9HF1J86VIZmM=
-39,-78,LaB61NaoPdYuG2xCtdRhk4mgyJM=,t8zH1pgynXgmOOp9HF1J86VIZmM=
-40,-78,LaB61NaoPdYuG2xCtdRhk4mgyJM=,t8zH1pgynXgmOOp9HF1J86VIZmM=
-41,-78,LaB61NaoPdYuG2xCtdRhk4mgyJM=,t8zH1pgynXgmOOp9HF1J86VIZmM=
-38,-65,LaB61NaoPdYuG2xCtdRhk4mgyJM=,t8zH1pgynXgmOOp9HF1J86VIZmM=
-37,-65,LaB61NaoPdYuG2xCtdRhk4mgyJM=,t8zH1pgynXgmOOp9HF1J86VIZmM=
-37,-78,LaB61NaoPdYuG2xCtdRhk4mgyJM=,t8zH1pgynXgmOOp9HF1J86VIZmM=
-41,-65,LaB61NaoPdYuG2xCtdRhk4mgyJM=,t8zH1pgynXgmOOp9HF1J86VIZmM=
-45,-65,LaB61NaoPdYuG2xCtdRhk4mgyJM=,t8zH1pgynXgmOOp9HF1J86VIZmM=
-43,-65,LaB61NaoPdYuG2xCtdRhk4mgyJM=,t8zH1pgynXgmOOp9HF1J86VIZmM=
-36,-65,LaB61NaoPdYuG2xCtdRhk4mgyJM=,t8zH1pgynXgmOOp9HF1J86VIZmM=
-44,-78,LaB61NaoPdYuG2xCtdRhk4mgyJM=,t8zH1pgynXgmOOp9HF1J86VIZmM=
-43,-78,LaB61NaoPdYuG2xCtdRhk4mgyJM=,t8zH1pgynXgmOOp9HF1J86VIZmM=
-42,-65,LaB61NaoPdYuG2xCtdRhk4mgyJM=,t8zH1pgynXgmOOp9HF1J86VIZmM=
-46,-78,LaB61NaoPdYuG2xCtdRhk4mgyJM=,t8zH1pgynXgmOOp9HF1J86VIZmM=
-42,-78,LaB61NaoPdYuG2xCtdRhk4mgyJM=,t8zH1pgynXgmOOp9HF1J86VIZmM=
-44,-65,LaB61NaoPdYuG2xCtdRhk4mgyJM=,t8zH1pgynXgmOOp9HF1J86VIZmM=
-47,-78,LaB61NaoPdYuG2xCtdRhk4mgyJM=,t8zH1pgynXgmOOp9HF1J86VIZmM=
-48,-78,LaB61NaoPdYuG2xCtdRhk4mgyJM=,t8zH1pgynXgmOOp9HF1J86VIZmM=
-46,-65,LaB61NaoPdYuG2xCtdRhk4mgyJM=,t8zH1pgynXgmOOp9HF1J86VIZmM=
-46,-80,LaB61NaoPdYuG2xCtdRhk4mgyJM=,t8zH1pgynXgmOOp9HF1J86VIZmM=
-45,-78,LaB61NaoPdYuG2xCtdRhk4mgyJM=,t8zH1pgynXgmOOp9HF1J86VIZmM=
-47,-65,LaB61NaoPdYuG2xCtdRhk4mgyJM=,t8zH1pgynXgmOOp9HF1J86VIZmM=
-36,-77,LaB61NaoPdYuG2xCtdRhk4mgyJM=,t8zH1pgynXgmOOp9HF1J86VIZmM=
-48,-65,LaB61NaoPdYuG2xCtdRhk4mgyJM=,t8zH1pgynXgmOOp9HF1J86VIZmM=
-33,-66,LaB61NaoPdYuG2xCtdRhk4mgyJM=,t8zH1pgynXgmOOp9HF1J86VIZmM=
-34,-66,LaB61NaoPdYuG2xCtdRhk4mgyJM=,t8zH1pgynXgmOOp9HF1J86VIZmM=
-34,-78,LaB61NaoPdYuG2xCtdRhk4mgyJM=,t8zH1pgynXgmOOp9HF1J86VIZmM=
-37,-66,LaB61NaoPdYuG2xCtdRhk4mgyJM=,t8zH1pgynXgmOOp9HF1J86VIZmM=
-36,-66,LaB61NaoPdYuG2xCtdRhk4mgyJM=,t8zH1pgynXgmOOp9HF1J86VIZmM=
-38,-77,LaB61NaoPdYuG2xCtdRhk4mgyJM=,t8zH1pgynXgmOOp9HF1J86VIZmM=
-35,-77,LaB61NaoPdYuG2xCtdRhk4mgyJM=,t8zH1pgynXgmOOp9HF1J86VIZmM=
-41,-66,LaB61NaoPdYuG2xCtdRhk4mgyJM=,t8zH1pgynXgmOOp9HF1J86VIZmM=
-35,-66,LaB61NaoPdYuG2xCtdRhk4mgyJM=,t8zH1pgynXgmOOp9HF1J86VIZmM=
-34,-77,LaB61NaoPdYuG2xCtdRhk4mgyJM=,t8zH1pgynXgmOOp9HF1J86VIZmM=
-44,-80,LaB61NaoPdYuG2xCtdRhk4mgyJM=,t8zH1pgynXgmOOp9HF1J86VIZmM=
-42,-66,LaB61NaoPdYuG2xCtdRhk4mgyJM=,t8zH1pgynXgmOOp9HF1J86VIZmM=
-43,-66,LaB61NaoPdYuG2xCtdRhk4mgyJM=,t8zH1pgynXgmOOp9HF1J86VIZmM=
-44,-66,LaB61NaoPdYuG2xCtdRhk4mgyJM=,t8zH1pgynXgmOOp9HF1J86VIZmM=
-45,-66,LaB61NaoPdYuG2xCtdRhk4mgyJM=,t8zH1pgynXgmOOp9HF1J86VIZmM=
-43,-80,LaB61NaoPdYuG2xCtdRhk4mgyJM=,t8zH1pgynXgmOOp9HF1J86VIZmM=
-47,-79,LaB61NaoPdYuG2xCtdRhk4mgyJM=,t8zH1pgynXgmOOp9HF1J86VIZmM=
-47,-66,LaB61NaoPdYuG2xCtdRhk4mgyJM=,t8zH1pgynXgmOOp9HF1J86VIZmM=
-48,-79,LaB61NaoPdYuG2xCtdRhk4mgyJM=,t8zH1pgynXgmOOp9HF1J86VIZmM=
-47,-80,LaB61NaoPdYuG2xCtdRhk4mgyJM=,t8zH1pgynXgmOOp9HF1J86VIZmM=
-33,-67,LaB61NaoPdYuG2xCtdRhk4mgyJM=,t8zH1pgynXgmOOp9HF1J86VIZmM=
-48,-66,LaB61NaoPdYuG2xCtdRhk4mgyJM=,t8zH1pgynXgmOOp9HF1J86VIZmM=
-34,-67,LaB61NaoPdYuG2xCtdRhk4mgyJM=,t8zH1pgynXgmOOp9HF1J86VIZmM=
-35,-67,LaB61NaoPdYuG2xCtdRhk4mgyJM=,t8zH1pgynXgmOOp9HF1J86VIZmM=
-39,-77,LaB61NaoPdYuG2xCtdRhk4mgyJM=,t8zH1pgynXgmOOp9HF1J86VIZmM=
-46,-66,LaB61NaoPdYuG2xCtdRhk4mgyJM=,t8zH1pgynXgmOOp9HF1J86VIZmM=
-37,-67,LaB61NaoPdYuG2xCtdRhk4mgyJM=,t8zH1pgynXgmOOp9HF1J86VIZmM=
-41,-67,LaB61NaoPdYuG2xCtdRhk4mgyJM=,t8zH1pgynXgmOOp9HF1J86VIZmM=
-43,-67,LaB61NaoPdYuG2xCtdRhk4mgyJM=,t8zH1pgynXgmOOp9HF1J86VIZmM=
-42,-67,LaB61NaoPdYuG2xCtdRhk4mgyJM=,t8zH1pgynXgmOOp9HF1J86VIZmM=
-44,-67,LaB61NaoPdYuG2xCtdRhk4mgyJM=,t8zH1pgynXgmOOp9HF1J86VIZmM=
-36,-67,LaB61NaoPdYuG2xCtdRhk4mgyJM=,t8zH1pgynXgmOOp9HF1J86VIZmM=
-33,-80,LaB61NaoPdYuG2xCtdRhk4mgyJM=,t8zH1pgynXgmOOp9HF1J86VIZmM=
-40,-77,LaB61NaoPdYuG2xCtdRhk4mgyJM=,t8zH1pgynXgmOOp9HF1J86VIZmM=
-47,-67,LaB61NaoPdYuG2xCtdRhk4mgyJM=,t8zH1pgynXgmOOp9HF1J86VIZmM=
-46,-67,LaB61NaoPdYuG2xCtdRhk4mgyJM=,t8zH1pgynXgmOOp9HF1J86VIZmM=
-45,-67,LaB61NaoPdYuG2xCtdRhk4mgyJM=,t8zH1pgynXgmOOp9HF1J86VIZmM=
-48,-67,LaB61NaoPdYuG2xCtdRhk4mgyJM=,t8zH1pgynXgmOOp9HF1J86VIZmM=
-34,-68,LaB61NaoPdYuG2xCtdRhk4mgyJM=,t8zH1pgynXgmOOp9HF1J86VIZmM=
-36,-68,LaB61NaoPdYuG2xCtdRhk4mgyJM=,t8zH1pgynXgmOOp9HF1J86VIZmM=
-35,-68,LaB61NaoPdYuG2xCtdRhk4mgyJM=,t8zH1pgynXgmOOp9HF1J86VIZmM=
-33,-68,LaB61NaoPdYuG2xCtdRhk4mgyJM=,t8zH1pgynXgmOOp9HF1J86VIZmM=
-38,-68,LaB61NaoPdYuG2xCtdRhk4mgyJM=,t8zH1pgynXgmOOp9HF1J86VIZmM=
-37,-68,LaB61NaoPdYuG2xCtdRhk4mgyJM=,t8zH1pgynXgmOOp9HF1J86VIZmM=
-40,-68,LaB61NaoPdYuG2xCtdRhk4mgyJM=,t8zH1pgynXgmOOp9HF1J86VIZmM=
-42,-68,LaB61NaoPdYuG2xCtdRhk4mgyJM=,t8zH1pgynXgmOOp9HF1J86VIZmM=
-43,-68,LaB61NaoPdYuG2xCtdRhk4mgyJM=,t8zH1pgynXgmOOp9HF1J86VIZmM=
-44,-68,LaB61NaoPdYuG2xCtdRhk4mgyJM=,t8zH1pgynXgmOOp9HF1J86VIZmM=
-41,-68,LaB61NaoPdYuG2xCtdRhk4mgyJM=,t8zH1pgynXgmOOp9HF1J86VIZmM=
-41,-77,LaB61NaoPdYuG2xCtdRhk4mgyJM=,t8zH1pgynXgmOOp9HF1J86VIZmM=
-45,-68,LaB61NaoPdYuG2xCtdRhk4mgyJM=,t8zH1pgynXgmOOp9HF1J86VIZmM=
-46,-68,LaB61NaoPdYuG2xCtdRhk4mgyJM=,t8zH1pgynXgmOOp9HF1J86VIZmM=
-47,-68,LaB61NaoPdYuG2xCtdRhk4mgyJM=,t8zH1pgynXgmOOp9HF1J86VIZmM=
-33,-69,LaB61NaoPdYuG2xCtdRhk4mgyJM=,t8zH1pgynXgmOOp9HF1J86VIZmM=
-48,-68,LaB61NaoPdYuG2xCtdRhk4mgyJM=,t8zH1pgynXgmOOp9HF1J86VIZmM=
-34,-69,LaB61NaoPdYuG2xCtdRhk4mgyJM=,t8zH1pgynXgmOOp9HF1J86VIZmM=
-35,-69,LaB61NaoPdYuG2xCtdRhk4mgyJM=,t8zH1pgynXgmOOp9HF1J86VIZmM=
-36,-69,LaB61NaoPdYuG2xCtdRhk4mgyJM=,t8zH1pgynXgmOOp9HF1J86VIZmM=
-37,-69,LaB61NaoPdYuG2xCtdRhk4mgyJM=,t8zH1pgynXgmOOp9HF1J86VIZmM=
-38,-69,LaB61NaoPdYuG2xCtdRhk4mgyJM=,t8zH1pgynXgmOOp9HF1J86VIZmM=
-39,-69,LaB61NaoPdYuG2xCtdRhk4mgyJM=,t8zH1pgynXgmOOp9HF1J86VIZmM=
-40,-69,LaB61NaoPdYuG2xCtdRhk4mgyJM=,t8zH1pgynXgmOOp9HF1J86VIZmM=
-41,-69,LaB61NaoPdYuG2xCtdRhk4mgyJM=,t8zH1pgynXgmOOp9HF1J86VIZmM=
-43,-69,LaB61NaoPdYuG2xCtdRhk4mgyJM=,t8zH1pgynXgmOOp9HF1J86VIZmM=
-42,-69,LaB61NaoPdYuG2xCtdRhk4mgyJM=,t8zH1pgynXgmOOp9HF1J86VIZmM=
-40,-67,LaB61NaoPdYuG2xCtdRhk4mgyJM=,t8zH1pgynXgmOOp9HF1J86VIZmM=
-42,-77,LaB61NaoPdYuG2xCtdRhk4mgyJM=,t8zH1pgynXgmOOp9HF1J86VIZmM=
-44,-69,LaB61NaoPdYuG2xCtdRhk4mgyJM=,t8zH1pgynXgmOOp9HF1J86VIZmM=
-47,-69,LaB61NaoPdYuG2xCtdRhk4mgyJM=,t8zH1pgynXgmOOp9HF1J86VIZmM=
-46,-69,LaB61NaoPdYuG2xCtdRhk4mgyJM=,t8zH1pgynXgmOOp9HF1J86VIZmM=
-36,-79,LaB61NaoPdYuG2xCtdRhk4mgyJM=,t8zH1pgynXgmOOp9HF1J86VIZmM=
-38,-67,LaB61NaoPdYuG2xCtdRhk4mgyJM=,t8zH1pgynXgmOOp9HF1J86VIZmM=
-48,-69,LaB61NaoPdYuG2xCtdRhk4mgyJM=,t8zH1pgynXgmOOp9HF1J86VIZmM=
-34,-70,LaB61NaoPdYuG2xCtdRhk4mgyJM=,t8zH1pgynXgmOOp9HF1J86VIZmM=
-45,-69,LaB61NaoPdYuG2xCtdRhk4mgyJM=,t8zH1pgynXgmOOp9HF1J86VIZmM=
-33,-70,LaB61NaoPdYuG2xCtdRhk4mgyJM=,t8zH1pgynXgmOOp9HF1J86VIZmM=
-36,-70,LaB61NaoPdYuG2xCtdRhk4mgyJM=,t8zH1pgynXgmOOp9HF1J86VIZmM=
-35,-70,LaB61NaoPdYuG2xCtdRhk4mgyJM=,t8zH1pgynXgmOOp9HF1J86VIZmM=
-37,-70,LaB61NaoPdYuG2xCtdRhk4mgyJM=,t8zH1pgynXgmOOp9HF1J86VIZmM=
-38,-70,LaB61NaoPdYuG2xCtdRhk4mgyJM=,t8zH1pgynXgmOOp9HF1J86VIZmM=
-39,-70,LaB61NaoPdYuG2xCtdRhk4mgyJM=,t8zH1pgynXgmOOp9HF1J86VIZmM=
-40,-70,LaB61NaoPdYuG2xCtdRhk4mgyJM=,t8zH1pgynXgmOOp9HF1J86VIZmM=
-41,-70,LaB61NaoPdYuG2xCtdRhk4mgyJM=,t8zH1pgynXgmOOp9HF1J86VIZmM=
-38,-66,LaB61NaoPdYuG2xCtdRhk4mgyJM=,t8zH1pgynXgmOOp9HF1J86VIZmM=
-42,-70,LaB61NaoPdYuG2xCtdRhk4mgyJM=,t8zH1pgynXgmOOp9HF1J86VIZmM=
-44,-70,LaB61NaoPdYuG2xCtdRhk4mgyJM=,t8zH1pgynXgmOOp9HF1J86VIZmM=
-43,-77,LaB61NaoPdYuG2xCtdRhk4mgyJM=,t8zH1pgynXgmOOp9HF1J86VIZmM=
-43,-70,LaB61NaoPdYuG2xCtdRhk4mgyJM=,t8zH1pgynXgmOOp9HF1J86VIZmM=
-34,-79,LaB61NaoPdYuG2xCtdRhk4mgyJM=,t8zH1pgynXgmOOp9HF1J86VIZmM=
-45,-70,LaB61NaoPdYuG2xCtdRhk4mgyJM=,t8zH1pgynXgmOOp9HF1J86VIZmM=
-46,-70,LaB61NaoPdYuG2xCtdRhk4mgyJM=,t8zH1pgynXgmOOp9HF1J86VIZmM=
-47,-70,LaB61NaoPdYuG2xCtdRhk4mgyJM=,t8zH1pgynXgmOOp9HF1J86VIZmM=
-39,-79,LaB61NaoPdYuG2xCtdRhk4mgyJM=,t8zH1pgynXgmOOp9HF1J86VIZmM=
-33,-71,LaB61NaoPdYuG2xCtdRhk4mgyJM=,t8zH1pgynXgmOOp9HF1J86VIZmM=
-48,-70,LaB61NaoPdYuG2xCtdRhk4mgyJM=,t8zH1pgynXgmOOp9HF1J86VIZmM=
-34,-71,LaB61NaoPdYuG2xCtdRhk4mgyJM=,t8zH1pgynXgmOOp9HF1J86VIZmM=
-35,-71,LaB61NaoPdYuG2xCtdRhk4mgyJM=,t8zH1pgynXgmOOp9HF1J86VIZmM=
-36,-71,LaB61NaoPdYuG2xCtdRhk4mgyJM=,t8zH1pgynXgmOOp9HF1J86VIZmM=
-37,-71,LaB61NaoPdYuG2xCtdRhk4mgyJM=,t8zH1pgynXgmOOp9HF1J86VIZmM=
-38,-71,LaB61NaoPdYuG2xCtdRhk4mgyJM=,t8zH1pgynXgmOOp9HF1J86VIZmM=
-39,-71,LaB61NaoPdYuG2xCtdRhk4mgyJM=,t8zH1pgynXgmOOp9HF1J86VIZmM=
-40,-71,LaB61NaoPdYuG2xCtdRhk4mgyJM=,t8zH1pgynXgmOOp9HF1J86VIZmM=
-41,-71,LaB61NaoPdYuG2xCtdRhk4mgyJM=,t8zH1pgynXgmOOp9HF1J86VIZmM=
-37,-80,LaB61NaoPdYuG2xCtdRhk4mgyJM=,t8zH1pgynXgmOOp9HF1J86VIZmM=
-44,-77,LaB61NaoPdYuG2xCtdRhk4mgyJM=,t8zH1pgynXgmOOp9HF1J86VIZmM=
-42,-71,LaB61NaoPdYuG2xCtdRhk4mgyJM=,t8zH1pgynXgmOOp9HF1J86VIZmM=
-43,-71,LaB61NaoPdYuG2xCtdRhk4mgyJM=,t8zH1pgynXgmOOp9HF1J86VIZmM=
-44,-71,LaB61NaoPdYuG2xCtdRhk4mgyJM=,t8zH1pgynXgmOOp9HF1J86VIZmM=
-45,-71,LaB61NaoPdYuG2xCtdRhk4mgyJM=,t8zH1pgynXgmOOp9HF1J86VIZmM=
-46,-71,LaB61NaoPdYuG2xCtdRhk4mgyJM=,t8zH1pgynXgmOOp9HF1J86VIZmM=
-47,-71,LaB61NaoPdYuG2xCtdRhk4mgyJM=,t8zH1pgynXgmOOp9HF1J86VIZmM=
-40,-79,LaB61NaoPdYuG2xCtdRhk4mgyJM=,t8zH1pgynXgmOOp9HF1J86VIZmM=
-48,-71,LaB61NaoPdYuG2xCtdRhk4mgyJM=,t8zH1pgynXgmOOp9HF1J86VIZmM=
-33,-72,LaB61NaoPdYuG2xCtdRhk4mgyJM=,t8zH1pgynXgmOOp9HF1J86VIZmM=
-35,-72,LaB61NaoPdYuG2xCtdRhk4mgyJM=,t8zH1pgynXgmOOp9HF1J86VIZmM=
-36,-72,LaB61NaoPdYuG2xCtdRhk4mgyJM=,t8zH1pgynXgmOOp9HF1J86VIZmM=
-34,-72,LaB61NaoPdYuG2xCtdRhk4mgyJM=,t8zH1pgynXgmOOp9HF1J86VIZmM=
-37,-72,LaB61NaoPdYuG2xCtdRhk4mgyJM=,t8zH1pgynXgmOOp9HF1J86VIZmM=
-38,-72,LaB61NaoPdYuG2xCtdRhk4mgyJM=,t8zH1pgynXgmOOp9HF1J86VIZmM=
-39,-72,LaB61NaoPdYuG2xCtdRhk4mgyJM=,t8zH1pgynXgmOOp9HF1J86VIZmM=
-40,-72,LaB61NaoPdYuG2xCtdRhk4mgyJM=,t8zH1pgynXgmOOp9HF1J86VIZmM=
-38,-80,LaB61NaoPdYuG2xCtdRhk4mgyJM=,t8zH1pgynXgmOOp9HF1J86VIZmM=
-45,-77,LaB61NaoPdYuG2xCtdRhk4mgyJM=,t8zH1pgynXgmOOp9HF1J86VIZmM=
-41,-72,LaB61NaoPdYuG2xCtdRhk4mgyJM=,t8zH1pgynXgmOOp9HF1J86VIZmM=
-42,-72,LaB61NaoPdYuG2xCtdRhk4mgyJM=,t8zH1pgynXgmOOp9HF1J86VIZmM=
-43,-72,LaB61NaoPdYuG2xCtdRhk4mgyJM=,t8zH1pgynXgmOOp9HF1J86VIZmM=
-44,-72,LaB61NaoPdYuG2xCtdRhk4mgyJM=,t8zH1pgynXgmOOp9HF1J86VIZmM=
-45,-72,LaB61NaoPdYuG2xCtdRhk4mgyJM=,t8zH1pgynXgmOOp9HF1J86VIZmM=
-46,-72,LaB61NaoPdYuG2xCtdRhk4mgyJM=,t8zH1pgynXgmOOp9HF1J86VIZmM=
-47,-72,LaB61NaoPdYuG2xCtdRhk4mgyJM=,t8zH1pgynXgmOOp9HF1J86VIZmM=
-34,-73,LaB61NaoPdYuG2xCtdRhk4mgyJM=,t8zH1pgynXgmOOp9HF1J86VIZmM=
-33,-73,LaB61NaoPdYuG2xCtdRhk4mgyJM=,t8zH1pgynXgmOOp9HF1J86VIZmM=
-35,-73,LaB61NaoPdYuG2xCtdRhk4mgyJM=,t8zH1pgynXgmOOp9HF1J86VIZmM=
-41,-79,LaB61NaoPdYuG2xCtdRhk4mgyJM=,t8zH1pgynXgmOOp9HF1J86VIZmM=
-36,-73,LaB61NaoPdYuG2xCtdRhk4mgyJM=,t8zH1pgynXgmOOp9HF1J86VIZmM=
-38,-73,LaB61NaoPdYuG2xCtdRhk4mgyJM=,t8zH1pgynXgmOOp9HF1J86VIZmM=
-39,-73,LaB61NaoPdYuG2xCtdRhk4mgyJM=,t8zH1pgynXgmOOp9HF1J86VIZmM=
-37,-73,LaB61NaoPdYuG2xCtdRhk4mgyJM=,t8zH1pgynXgmOOp9HF1J86VIZmM=
-39,-80,LaB61NaoPdYuG2xCtdRhk4mgyJM=,t8zH1pgynXgmOOp9HF1J86VIZmM=
-46,-77,LaB61NaoPdYuG2xCtdRhk4mgyJM=,t8zH1pgynXgmOOp9HF1J86VIZmM=
-40,-73,LaB61NaoPdYuG2xCtdRhk4mgyJM=,t8zH1pgynXgmOOp9HF1J86VIZmM=
-42,-73,LaB61NaoPdYuG2xCtdRhk4mgyJM=,t8zH1pgynXgmOOp9HF1J86VIZmM=
-41,-73,LaB61NaoPdYuG2xCtdRhk4mgyJM=,t8zH1pgynXgmOOp9HF1J86VIZmM=
-43,-73,LaB61NaoPdYuG2xCtdRhk4mgyJM=,t8zH1pgynXgmOOp9HF1J86VIZmM=
-44,-73,LaB61NaoPdYuG2xCtdRhk4mgyJM=,t8zH1pgynXgmOOp9HF1J86VIZmM=
-45,-73,LaB61NaoPdYuG2xCtdRhk4mgyJM=,t8zH1pgynXgmOOp9HF1J86VIZmM=
-42,-79,LaB61NaoPdYuG2xCtdRhk4mgyJM=,t8zH1pgynXgmOOp9HF1J86VIZmM=
-46,-73,LaB61NaoPdYuG2xCtdRhk4mgyJM=,t8zH1pgynXgmOOp9HF1J86VIZmM=
-40,-65,LaB61NaoPdYuG2xCtdRhk4mgyJM=,t8zH1pgynXgmOOp9HF1J86VIZmM=
-39,-65,LaB61NaoPdYuG2xCtdRhk4mgyJM=,t8zH1pgynXgmOOp9HF1J86VIZmM=
-33,-74,LaB61NaoPdYuG2xCtdRhk4mgyJM=,t8zH1pgynXgmOOp9HF1J86VIZmM=
-34,-74,LaB61NaoPdYuG2xCtdRhk4mgyJM=,t8zH1pgynXgmOOp9HF1J86VIZmM=
-35,-74,LaB61NaoPdYuG2xCtdRhk4mgyJM=,t8zH1pgynXgmOOp9HF1J86VIZmM=
-36,-74,LaB61NaoPdYuG2xCtdRhk4mgyJM=,t8zH1pgynXgmOOp9HF1J86VIZmM=
-37,-74,LaB61NaoPdYuG2xCtdRhk4mgyJM=,t8zH1pgynXgmOOp9HF1J86VIZmM=
-38,-74,LaB61NaoPdYuG2xCtdRhk4mgyJM=,t8zH1pgynXgmOOp9HF1J86VIZmM=
-33,-77,LaB61NaoPdYuG2xCtdRhk4mgyJM=,t8zH1pgynXgmOOp9HF1J86VIZmM=
-47,-77,LaB61NaoPdYuG2xCtdRhk4mgyJM=,t8zH1pgynXgmOOp9HF1J86VIZmM=
-40,-80,LaB61NaoPdYuG2xCtdRhk4mgyJM=,t8zH1pgynXgmOOp9HF1J86VIZmM=
-46,-79,LaB61NaoPdYuG2xCtdRhk4mgyJM=,t8zH1pgynXgmOOp9HF1J86VIZmM=
-39,-74,LaB61NaoPdYuG2xCtdRhk4mgyJM=,t8zH1pgynXgmOOp9HF1J86VIZmM=
-40,-74,LaB61NaoPdYuG2xCtdRhk4mgyJM=,t8zH1pgynXgmOOp9HF1J86VIZmM=
-48,-76,LaB61NaoPdYuG2xCtdRhk4mgyJM=,t8zH1pgynXgmOOp9HF1J86VIZmM=
-41,-74,LaB61NaoPdYuG2xCtdRhk4mgyJM=,t8zH1pgynXgmOOp9HF1J86VIZmM=
-42,-74,LaB61NaoPdYuG2xCtdRhk4mgyJM=,t8zH1pgynXgmOOp9HF1J86VIZmM=
-43,-74,LaB61NaoPdYuG2xCtdRhk4mgyJM=,t8zH1pgynXgmOOp9HF1J86VIZmM=
-47,-76,LaB61NaoPdYuG2xCtdRhk4mgyJM=,t8zH1pgynXgmOOp9HF1J86VIZmM=
-44,-74,LaB61NaoPdYuG2xCtdRhk4mgyJM=,t8zH1pgynXgmOOp9HF1J86VIZmM=
-45,-74,LaB61NaoPdYuG2xCtdRhk4mgyJM=,t8zH1pgynXgmOOp9HF1J86VIZmM=
-46,-76,LaB61NaoPdYuG2xCtdRhk4mgyJM=,t8zH1pgynXgmOOp9HF1J86VIZmM=
-46,-74,LaB61NaoPdYuG2xCtdRhk4mgyJM=,t8zH1pgynXgmOOp9HF1J86VIZmM=
-43,-79,LaB61NaoPdYuG2xCtdRhk4mgyJM=,t8zH1pgynXgmOOp9HF1J86VIZmM=
-45,-76,LaB61NaoPdYuG2xCtdRhk4mgyJM=,t8zH1pgynXgmOOp9HF1J86VIZmM=
-38,-79,LaB61NaoPdYuG2xCtdRhk4mgyJM=,t8zH1pgynXgmOOp9HF1J86VIZmM=
-39,-67,LaB61NaoPdYuG2xCtdRhk4mgyJM=,t8zH1pgynXgmOOp9HF1J86VIZmM=
-34,-75,LaB61NaoPdYuG2xCtdRhk4mgyJM=,t8zH1pgynXgmOOp9HF1J86VIZmM=
-35,-75,LaB61NaoPdYuG2xCtdRhk4mgyJM=,t8zH1pgynXgmOOp9HF1J86VIZmM=
-36,-75,LaB61NaoPdYuG2xCtdRhk4mgyJM=,t8zH1pgynXgmOOp9HF1J86VIZmM=
-37,-75,LaB61NaoPdYuG2xCtdRhk4mgyJM=,t8zH1pgynXgmOOp9HF1J86VIZmM=
-41,-80,LaB61NaoPdYuG2xCtdRhk4mgyJM=,t8zH1pgynXgmOOp9HF1J86VIZmM=
-48,-77,LaB61NaoPdYuG2xCtdRhk4mgyJM=,t8zH1pgynXgmOOp9HF1J86VIZmM=
-44,-79,LaB61NaoPdYuG2xCtdRhk4mgyJM=,t8zH1pgynXgmOOp9HF1J86VIZmM=
-38,-75,LaB61NaoPdYuG2xCtdRhk4mgyJM=,t8zH1pgynXgmOOp9HF1J86VIZmM=
-39,-75,LaB61NaoPdYuG2xCtdRhk4mgyJM=,t8zH1pgynXgmOOp9HF1J86VIZmM=
-34,-80,LaB61NaoPdYuG2xCtdRhk4mgyJM=,t8zH1pgynXgmOOp9HF1J86VIZmM=
-40,-75,LaB61NaoPdYuG2xCtdRhk4mgyJM=,t8zH1pgynXgmOOp9HF1J86VIZmM=
-42,-75,LaB61NaoPdYuG2xCtdRhk4mgyJM=,t8zH1pgynXgmOOp9HF1J86VIZmM=
-41,-75,LaB61NaoPdYuG2xCtdRhk4mgyJM=,t8zH1pgynXgmOOp9HF1J86VIZmM=
-35,-79,LaB61NaoPdYuG2xCtdRhk4mgyJM=,t8zH1pgynXgmOOp9HF1J86VIZmM=
-47,-73,LaB61NaoPdYuG2xCtdRhk4mgyJM=,t8zH1pgynXgmOOp9HF1J86VIZmM=
-46,-75,LaB61NaoPdYuG2xCtdRhk4mgyJM=,t8zH1pgynXgmOOp9HF1J86VIZmM=
-40,-66,LaB61NaoPdYuG2xCtdRhk4mgyJM=,t8zH1pgynXgmOOp9HF1J86VIZmM=
-45,-79,LaB61NaoPdYuG2xCtdRhk4mgyJM=,t8zH1pgynXgmOOp9HF1J86VIZmM=
-33,-75,LaB61NaoPdYuG2xCtdRhk4mgyJM=,t8zH1pgynXgmOOp9HF1J86VIZmM=
-48,-75,LaB61NaoPdYuG2xCtdRhk4mgyJM=,t8zH1pgynXgmOOp9HF1J86VIZmM=
-34,-76,LaB61NaoPdYuG2xCtdRhk4mgyJM=,t8zH1pgynXgmOOp9HF1J86VIZmM=
-35,-76,LaB61NaoPdYuG2xCtdRhk4mgyJM=,t8zH1pgynXgmOOp9HF1J86VIZmM=
-44,-76,LaB61NaoPdYuG2xCtdRhk4mgyJM=,t8zH1pgynXgmOOp9HF1J86VIZmM=
-36,-76,LaB61NaoPdYuG2xCtdRhk4mgyJM=,t8zH1pgynXgmOOp9HF1J86VIZmM=
-48,-80,LaB61NaoPdYuG2xCtdRhk4mgyJM=,t8zH1pgynXgmOOp9HF1J86VIZmM=
-42,-80,LaB61NaoPdYuG2xCtdRhk4mgyJM=,t8zH1pgynXgmOOp9HF1J86VIZmM=
-33,-78,LaB61NaoPdYuG2xCtdRhk4mgyJM=,t8zH1pgynXgmOOp9HF1J86VIZmM=
-37,-79,LaB61NaoPdYuG2xCtdRhk4mgyJM=,t8zH1pgynXgmOOp9HF1J86VIZmM=
-37,-76,LaB61NaoPdYuG2xCtdRhk4mgyJM=,t8zH1pgynXgmOOp9HF1J86VIZmM=
-38,-76,LaB61NaoPdYuG2xCtdRhk4mgyJM=,t8zH1pgynXgmOOp9HF1J86VIZmM=
-39,-76,LaB61NaoPdYuG2xCtdRhk4mgyJM=,t8zH1pgynXgmOOp9HF1J86VIZmM=
-40,-76,LaB61NaoPdYuG2xCtdRhk4mgyJM=,t8zH1pgynXgmOOp9HF1J86VIZmM=
-41,-76,LaB61NaoPdYuG2xCtdRhk4mgyJM=,t8zH1pgynXgmOOp9HF1J86VIZmM=
-42,-76,LaB61NaoPdYuG2xCtdRhk4mgyJM=,t8zH1pgynXgmOOp9HF1J86VIZmM=
-35,-80,LaB61NaoPdYuG2xCtdRhk4mgyJM=,t8zH1pgynXgmOOp9HF1J86VIZmM=
-43,-75,LaB61NaoPdYuG2xCtdRhk4mgyJM=,t8zH1pgynXgmOOp9HF1J86VIZmM=
-39,-68,LaB61NaoPdYuG2xCtdRhk4mgyJM=,t8zH1pgynXgmOOp9HF1J86VIZmM=
-48,-72,LaB61NaoPdYuG2xCtdRhk4mgyJM=,t8zH1pgynXgmOOp9HF1J86VIZmM=
-44,-75,LaB61NaoPdYuG2xCtdRhk4mgyJM=,t8zH1pgynXgmOOp9HF1J86VIZmM=
-48,-74,LaB61NaoPdYuG2xCtdRhk4mgyJM=,t8zH1pgynXgmOOp9HF1J86VIZmM=
-36,-80,LaB61NaoPdYuG2xCtdRhk4mgyJM=,t8zH1pgynXgmOOp9HF1J86VIZmM=
-48,-73,LaB61NaoPdYuG2xCtdRhk4mgyJM=,t8zH1pgynXgmOOp9HF1J86VIZmM=
-43,-76,LaB61NaoPdYuG2xCtdRhk4mgyJM=,t8zH1pgynXgmOOp9HF1J86VIZmM=
-47,-74,LaB61NaoPdYuG2xCtdRhk4mgyJM=,t8zH1pgynXgmOOp9HF1J86VIZmM=
-39,-66,LaB61NaoPdYuG2xCtdRhk4mgyJM=,t8zH1pgynXgmOOp9HF1J86VIZmM=
-33,-76,LaB61NaoPdYuG2xCtdRhk4mgyJM=,t8zH1pgynXgmOOp9HF1J86VIZmM=
-47,-75,LaB61NaoPdYuG2xCtdRhk4mgyJM=,t8zH1pgynXgmOOp9HF1J86VIZmM=
-45,-75,LaB61NaoPdYuG2xCtdRhk4mgyJM=,t8zH1pgynXgmOOp9HF1J86VIZmM=
-33,-81,LaB61NaoPdYuG2xCtdRhk4mgyJM=,3naTmk7If0+z5wluDfg3X8oBjNo=
-35,-94,LaB61NaoPdYuG2xCtdRhk4mgyJM=,3naTmk7If0+z5wluDfg3X8oBjNo=
-45,-96,LaB61NaoPdYuG2xCtdRhk4mgyJM=,3naTmk7If0+z5wluDfg3X8oBjNo=
-34,-95,LaB61NaoPdYuG2xCtdRhk4mgyJM=,3naTmk7If0+z5wluDfg3X8oBjNo=
-33,-95,LaB61NaoPdYuG2xCtdRhk4mgyJM=,3naTmk7If0+z5wluDfg3X8oBjNo=
-37,-81,LaB61NaoPdYuG2xCtdRhk4mgyJM=,3naTmk7If0+z5wluDfg3X8oBjNo=
-38,-81,LaB61NaoPdYuG2xCtdRhk4mgyJM=,3naTmk7If0+z5wluDfg3X8oBjNo=
-36,-95,LaB61NaoPdYuG2xCtdRhk4mgyJM=,3naTmk7If0+z5wluDfg3X8oBjNo=
-39,-81,LaB61NaoPdYuG2xCtdRhk4mgyJM=,3naTmk7If0+z5wluDfg3X8oBjNo=
-37,-95,LaB61NaoPdYuG2xCtdRhk4mgyJM=,3naTmk7If0+z5wluDfg3X8oBjNo=
-35,-95,LaB61NaoPdYuG2xCtdRhk4mgyJM=,3naTmk7If0+z5wluDfg3X8oBjNo=
-39,-95,LaB61NaoPdYuG2xCtdRhk4mgyJM=,3naTmk7If0+z5wluDfg3X8oBjNo=
-40,-81,LaB61NaoPdYuG2xCtdRhk4mgyJM=,3naTmk7If0+z5wluDfg3X8oBjNo=
-34,-94,LaB61NaoPdYuG2xCtdRhk4mgyJM=,3naTmk7If0+z5wluDfg3X8oBjNo=
-40,-95,LaB61NaoPdYuG2xCtdRhk4mgyJM=,3naTmk7If0+z5wluDfg3X8oBjNo=
-33,-94,LaB61NaoPdYuG2xCtdRhk4mgyJM=,3naTmk7If0+z5wluDfg3X8oBjNo=
-41,-81,LaB61NaoPdYuG2xCtdRhk4mgyJM=,3naTmk7If0+z5wluDfg3X8oBjNo=
-42,-95,LaB61NaoPdYuG2xCtdRhk4mgyJM=,3naTmk7If0+z5wluDfg3X8oBjNo=
-41,-95,LaB61NaoPdYuG2xCtdRhk4mgyJM=,3naTmk7If0+z5wluDfg3X8oBjNo=
-43,-95,LaB61NaoPdYuG2xCtdRhk4mgyJM=,3naTmk7If0+z5wluDfg3X8oBjNo=
-48,-93,LaB61NaoPdYuG2xCtdRhk4mgyJM=,3naTmk7If0+z5wluDfg3X8oBjNo=
-44,-95,LaB61NaoPdYuG2xCtdRhk4mgyJM=,3naTmk7If0+z5wluDfg3X8oBjNo=
-47,-93,LaB61NaoPdYuG2xCtdRhk4mgyJM=,3naTmk7If0+z5wluDfg3X8oBjNo=
-42,-81,LaB61NaoPdYuG2xCtdRhk4mgyJM=,3naTmk7If0+z5wluDfg3X8oBjNo=
-38,-95,LaB61NaoPdYuG2xCtdRhk4mgyJM=,3naTmk7If0+z5wluDfg3X8oBjNo=
-47,-81,LaB61NaoPdYuG2xCtdRhk4mgyJM=,3naTmk7If0+z5wluDfg3X8oBjNo=
-43,-81,LaB61NaoPdYuG2xCtdRhk4mgyJM=,3naTmk7If0+z5wluDfg3X8oBjNo=
-44,-81,LaB61NaoPdYuG2xCtdRhk4mgyJM=,3naTmk7If0+z5wluDfg3X8oBjNo=
-46,-81,LaB61NaoPdYuG2xCtdRhk4mgyJM=,3naTmk7If0+z5wluDfg3X8oBjNo=
-48,-81,LaB61NaoPdYuG2xCtdRhk4mgyJM=,3naTmk7If0+z5wluDfg3X8oBjNo=
-47,-95,LaB61NaoPdYuG2xCtdRhk4mgyJM=,3naTmk7If0+z5wluDfg3X8oBjNo=
-45,-95,LaB61NaoPdYuG2xCtdRhk4mgyJM=,3naTmk7If0+z5wluDfg3X8oBjNo=
-45,-93,LaB61NaoPdYuG2xCtdRhk4mgyJM=,3naTmk7If0+z5wluDfg3X8oBjNo=
-46,-96,LaB61NaoPdYuG2xCtdRhk4mgyJM=,3naTmk7If0+z5wluDfg3X8oBjNo=
-34,-82,LaB61NaoPdYuG2xCtdRhk4mgyJM=,3naTmk7If0+z5wluDfg3X8oBjNo=
-46,-93,LaB61NaoPdYuG2xCtdRhk4mgyJM=,3naTmk7If0+z5wluDfg3X8oBjNo=
-46,-95,LaB61NaoPdYuG2xCtdRhk4mgyJM=,3naTmk7If0+z5wluDfg3X8oBjNo=
-48,-94,LaB61NaoPdYuG2xCtdRhk4mgyJM=,3naTmk7If0+z5wluDfg3X8oBjNo=
-35,-82,LaB61NaoPdYuG2xCtdRhk4mgyJM=,3naTmk7If0+z5wluDfg3X8oBjNo=
-45,-81,LaB61NaoPdYuG2xCtdRhk4mgyJM=,3naTmk7If0+z5wluDfg3X8oBjNo=
-37,-82,LaB61NaoPdYuG2xCtdRhk4mgyJM=,3naTmk7If0+z5wluDfg3X8oBjNo=
-33,-82,LaB61NaoPdYuG2xCtdRhk4mgyJM=,3naTmk7If0+z5wluDfg3X8oBjNo=
-36,-82,LaB61NaoPdYuG2xCtdRhk4mgyJM=,3naTmk7If0+z5wluDfg3X8oBjNo=
-36,-94,LaB61NaoPdYuG2xCtdRhk4mgyJM=,3naTmk7If0+z5wluDfg3X8oBjNo=
-38,-82,LaB61NaoPdYuG2xCtdRhk4mgyJM=,3naTmk7If0+z5wluDfg3X8oBjNo=
-44,-93,LaB61NaoPdYuG2xCtdRhk4mgyJM=,3naTmk7If0+z5wluDfg3X8oBjNo=
-39,-82,LaB61NaoPdYuG2xCtdRhk4mgyJM=,3naTmk7If0+z5wluDfg3X8oBjNo=
-41,-82,LaB61NaoPdYuG2xCtdRhk4mgyJM=,3naTmk7If0+z5wluDfg3X8oBjNo=
-40,-82,LaB61NaoPdYuG2xCtdRhk4mgyJM=,3naTmk7If0+z5wluDfg3X8oBjNo=
-44,-96,LaB61NaoPdYuG2xCtdRhk4mgyJM=,3naTmk7If0+z5wluDfg3X8oBjNo=
-43,-82,LaB61NaoPdYuG2xCtdRhk4mgyJM=,3naTmk7If0+z5wluDfg3X8oBjNo=
-42,-82,LaB61NaoPdYuG2xCtdRhk4mgyJM=,3naTmk7If0+z5wluDfg3X8oBjNo=
-46,-82,LaB61NaoPdYuG2xCtdRhk4mgyJM=,3naTmk7If0+z5wluDfg3X8oBjNo=
-44,-82,LaB61NaoPdYuG2xCtdRhk4mgyJM=,3naTmk7If0+z5wluDfg3X8oBjNo=
-43,-93,LaB61NaoPdYuG2xCtdRhk4mgyJM=,3naTmk7If0+z5wluDfg3X8oBjNo=
-34,-83,LaB61NaoPdYuG2xCtdRhk4mgyJM=,3naTmk7If0+z5wluDfg3X8oBjNo=
-45,-82,LaB61NaoPdYuG2xCtdRhk4mgyJM=,3naTmk7If0+z5wluDfg3X8oBjNo=
-48,-95,LaB61NaoPdYuG2xCtdRhk4mgyJM=,3naTmk7If0+z5wluDfg3X8oBjNo=
-48,-82,LaB61NaoPdYuG2xCtdRhk4mgyJM=,3naTmk7If0+z5wluDfg3X8oBjNo=
-35,-83,LaB61NaoPdYuG2xCtdRhk4mgyJM=,3naTmk7If0+z5wluDfg3X8oBjNo=
-33,-96,LaB61NaoPdYuG2xCtdRhk4mgyJM=,3naTmk7If0+z5wluDfg3X8oBjNo=
-37,-94,LaB61NaoPdYuG2xCtdRhk4mgyJM=,3naTmk7If0+z5wluDfg3X8oBjNo=
-33,-83,LaB61NaoPdYuG2xCtdRhk4mgyJM=,3naTmk7If0+z5wluDfg3X8oBjNo=
-42,-93,LaB61NaoPdYuG2xCtdRhk4mgyJM=,3naTmk7If0+z5wluDfg3X8oBjNo=
-47,-82,LaB61NaoPdYuG2xCtdRhk4mgyJM=,3naTmk7If0+z5wluDfg3X8oBjNo=
-41,-83,LaB61NaoPdYuG2xCtdRhk4mgyJM=,3naTmk7If0+z5wluDfg3X8oBjNo=
-38,-83,LaB61NaoPdYuG2xCtdRhk4mgyJM=,3naTmk7If0+z5wluDfg3X8oBjNo=
-40,-83,LaB61NaoPdYuG2xCtdRhk4mgyJM=,3naTmk7If0+z5wluDfg3X8oBjNo=
-37,-83,LaB61NaoPdYuG2xCtdRhk4mgyJM=,3naTmk7If0+z5wluDfg3X8oBjNo=
-39,-83,LaB61NaoPdYuG2xCtdRhk4mgyJM=,3naTmk7If0+z5wluDfg3X8oBjNo=
-36,-83,LaB61NaoPdYuG2xCtdRhk4mgyJM=,3naTmk7If0+z5wluDfg3X8oBjNo=
-43,-83,LaB61NaoPdYuG2xCtdRhk4mgyJM=,3naTmk7If0+z5wluDfg3X8oBjNo=
-44,-83,LaB61NaoPdYuG2xCtdRhk4mgyJM=,3naTmk7If0+z5wluDfg3X8oBjNo=
-47,-83,LaB61NaoPdYuG2xCtdRhk4mgyJM=,3naTmk7If0+z5wluDfg3X8oBjNo=
-45,-83,LaB61NaoPdYuG2xCtdRhk4mgyJM=,3naTmk7If0+z5wluDfg3X8oBjNo=
-41,-93,LaB61NaoPdYuG2xCtdRhk4mgyJM=,3naTmk7If0+z5wluDfg3X8oBjNo=
-46,-83,LaB61NaoPdYuG2xCtdRhk4mgyJM=,3naTmk7If0+z5wluDfg3X8oBjNo=
-48,-83,LaB61NaoPdYuG2xCtdRhk4mgyJM=,3naTmk7If0+z5wluDfg3X8oBjNo=
-42,-83,LaB61NaoPdYuG2xCtdRhk4mgyJM=,3naTmk7If0+z5wluDfg3X8oBjNo=
-33,-84,LaB61NaoPdYuG2xCtdRhk4mgyJM=,3naTmk7If0+z5wluDfg3X8oBjNo=
-34,-84,LaB61NaoPdYuG2xCtdRhk4mgyJM=,3naTmk7If0+z5wluDfg3X8oBjNo=
-47,-96,LaB61NaoPdYuG2xCtdRhk4mgyJM=,3naTmk7If0+z5wluDfg3X8oBjNo=
-36,-84,LaB61NaoPdYuG2xCtdRhk4mgyJM=,3naTmk7If0+z5wluDfg3X8oBjNo=
-35,-84,LaB61NaoPdYuG2xCtdRhk4mgyJM=,3naTmk7If0+z5wluDfg3X8oBjNo=
-40,-93,LaB61NaoPdYuG2xCtdRhk4mgyJM=,3naTmk7If0+z5wluDfg3X8oBjNo=
-38,-94,LaB61NaoPdYuG2xCtdRhk4mgyJM=,3naTmk7If0+z5wluDfg3X8oBjNo=
-39,-84,LaB61NaoPdYuG2xCtdRhk4mgyJM=,3naTmk7If0+z5wluDfg3X8oBjNo=
-40,-84,LaB61NaoPdYuG2xCtdRhk4mgyJM=,3naTmk7If0+z5wluDfg3X8oBjNo=
-37,-84,LaB61NaoPdYuG2xCtdRhk4mgyJM=,3naTmk7If0+z5wluDfg3X8oBjNo=
-43,-84,LaB61NaoPdYuG2xCtdRhk4mgyJM=,3naTmk7If0+z5wluDfg3X8oBjNo=
-34,-96,LaB61NaoPdYuG2xCtdRhk4mgyJM=,3naTmk7If0+z5wluDfg3X8oBjNo=
-42,-84,LaB61NaoPdYuG2xCtdRhk4mgyJM=,3naTmk7If0+z5wluDfg3X8oBjNo=
-44,-84,LaB61NaoPdYuG2xCtdRhk4mgyJM=,3naTmk7If0+z5wluDfg3X8oBjNo=
-46,-84,LaB61NaoPdYuG2xCtdRhk4mgyJM=,3naTmk7If0+z5wluDfg3X8oBjNo=
-38,-84,LaB61NaoPdYuG2xCtdRhk4mgyJM=,3naTmk7If0+z5wluDfg3X8oBjNo=
-45,-84,LaB61NaoPdYuG2xCtdRhk4mgyJM=,3naTmk7If0+z5wluDfg3X8oBjNo=
-48,-96,LaB61NaoPdYuG2xCtdRhk4mgyJM=,3naTmk7If0+z5wluDfg3X8oBjNo=
-47,-84,LaB61NaoPdYuG2xCtdRhk4mgyJM=,3naTmk7If0+z5wluDfg3X8oBjNo=
-48,-84,LaB61NaoPdYuG2xCtdRhk4mgyJM=,3naTmk7If0+z5wluDfg3X8oBjNo=
-33,-85,LaB61NaoPdYuG2xCtdRhk4mgyJM=,3naTmk7If0+z5wluDfg3X8oBjNo=
-35,-85,LaB61NaoPdYuG2xCtdRhk4mgyJM=,3naTmk7If0+z5wluDfg3X8oBjNo=
-35,-96,LaB61NaoPdYuG2xCtdRhk4mgyJM=,3naTmk7If0+z5wluDfg3X8oBjNo=
-39,-94,LaB61NaoPdYuG2xCtdRhk4mgyJM=,3naTmk7If0+z5wluDfg3X8oBjNo=
-39,-85,LaB61NaoPdYuG2xCtdRhk4mgyJM=,3naTmk7If0+z5wluDfg3X8oBjNo=
-38,-85,LaB61NaoPdYuG2xCtdRhk4mgyJM=,3naTmk7If0+z5wluDfg3X8oBjNo=
-36,-85,LaB61NaoPdYuG2xCtdRhk4mgyJM=,3naTmk7If0+z5wluDfg3X8oBjNo=
-38,-93,LaB61NaoPdYuG2xCtdRhk4mgyJM=,3naTmk7If0+z5wluDfg3X8oBjNo=
-40,-85,LaB61NaoPdYuG2xCtdRhk4mgyJM=,3naTmk7If0+z5wluDfg3X8oBjNo=
-43,-85,LaB61NaoPdYuG2xCtdRhk4mgyJM=,3naTmk7If0+z5wluDfg3X8oBjNo=
-42,-85,LaB61NaoPdYuG2xCtdRhk4mgyJM=,3naTmk7If0+z5wluDfg3X8oBjNo=
-41,-85,LaB61NaoPdYuG2xCtdRhk4mgyJM=,3naTmk7If0+z5wluDfg3X8oBjNo=
-39,-93,LaB61NaoPdYuG2xCtdRhk4mgyJM=,3naTmk7If0+z5wluDfg3X8oBjNo=
-45,-85,LaB61NaoPdYuG2xCtdRhk4mgyJM=,3naTmk7If0+z5wluDfg3X8oBjNo=
-46,-85,LaB61NaoPdYuG2xCtdRhk4mgyJM=,3naTmk7If0+z5wluDfg3X8oBjNo=
-44,-85,LaB61NaoPdYuG2xCtdRhk4mgyJM=,3naTmk7If0+z5wluDfg3X8oBjNo=
-37,-93,LaB61NaoPdYuG2xCtdRhk4mgyJM=,3naTmk7If0+z5wluDfg3X8oBjNo=
-47,-85,LaB61NaoPdYuG2xCtdRhk4mgyJM=,3naTmk7If0+z5wluDfg3X8oBjNo=
-34,-86,LaB61NaoPdYuG2xCtdRhk4mgyJM=,3naTmk7If0+z5wluDfg3X8oBjNo=
-33,-86,LaB61NaoPdYuG2xCtdRhk4mgyJM=,3naTmk7If0+z5wluDfg3X8oBjNo=
-34,-85,LaB61NaoPdYuG2xCtdRhk4mgyJM=,3naTmk7If0+z5wluDfg3X8oBjNo=
-48,-85,LaB61NaoPdYuG2xCtdRhk4mgyJM=,3naTmk7If0+z5wluDfg3X8oBjNo=
-35,-86,LaB61NaoPdYuG2xCtdRhk4mgyJM=,3naTmk7If0+z5wluDfg3X8oBjNo=
-36,-86,LaB61NaoPdYuG2xCtdRhk4mgyJM=,3naTmk7If0+z5wluDfg3X8oBjNo=
-38,-86,LaB61NaoPdYuG2xCtdRhk4mgyJM=,3naTmk7If0+z5wluDfg3X8oBjNo=
-40,-94,LaB61NaoPdYuG2xCtdRhk4mgyJM=,3naTmk7If0+z5wluDfg3X8oBjNo=
-36,-96,LaB61NaoPdYuG2xCtdRhk4mgyJM=,3naTmk7If0+z5wluDfg3X8oBjNo=
-40,-86,LaB61NaoPdYuG2xCtdRhk4mgyJM=,3naTmk7If0+z5wluDfg3X8oBjNo=
-36,-93,LaB61NaoPdYuG2xCtdRhk4mgyJM=,3naTmk7If0+z5wluDfg3X8oBjNo=
-39,-86,LaB61NaoPdYuG2xCtdRhk4mgyJM=,3naTmk7If0+z5wluDfg3X8oBjNo=
-42,-86,LaB61NaoPdYuG2xCtdRhk4mgyJM=,3naTmk7If0+z5wluDfg3X8oBjNo=
-41,-84,LaB61NaoPdYuG2xCtdRhk4mgyJM=,3naTmk7If0+z5wluDfg3X8oBjNo=
-41,-86,LaB61NaoPdYuG2xCtdRhk4mgyJM=,3naTmk7If0+z5wluDfg3X8oBjNo=
-37,-86,LaB61NaoPdYuG2xCtdRhk4mgyJM=,3naTmk7If0+z5wluDfg3X8oBjNo=
-43,-86,LaB61NaoPdYuG2xCtdRhk4mgyJM=,3naTmk7If0+z5wluDfg3X8oBjNo=
-47,-86,LaB61NaoPdYuG2xCtdRhk4mgyJM=,3naTmk7If0+z5wluDfg3X8oBjNo=
-46,-86,LaB61NaoPdYuG2xCtdRhk4mgyJM=,3naTmk7If0+z5wluDfg3X8oBjNo=
-35,-93,LaB61NaoPdYuG2xCtdRhk4mgyJM=,3naTmk7If0+z5wluDfg3X8oBjNo=
-45,-86,LaB61NaoPdYuG2xCtdRhk4mgyJM=,3naTmk7If0+z5wluDfg3X8oBjNo=
-37,-85,LaB61NaoPdYuG2xCtdRhk4mgyJM=,3naTmk7If0+z5wluDfg3X8oBjNo=
-44,-86,LaB61NaoPdYuG2xCtdRhk4mgyJM=,3naTmk7If0+z5wluDfg3X8oBjNo=
-35,-87,LaB61NaoPdYuG2xCtdRhk4mgyJM=,3naTmk7If0+z5wluDfg3X8oBjNo=
-33,-87,LaB61NaoPdYuG2xCtdRhk4mgyJM=,3naTmk7If0+z5wluDfg3X8oBjNo=
-48,-86,LaB61NaoPdYuG2xCtdRhk4mgyJM=,3naTmk7If0+z5wluDfg3X8oBjNo=
-37,-96,LaB61NaoPdYuG2xCtdRhk4mgyJM=,3naTmk7If0+z5wluDfg3X8oBjNo=
-34,-87,LaB61NaoPdYuG2xCtdRhk4mgyJM=,3naTmk7If0+z5wluDfg3X8oBjNo=
-36,-87,LaB61NaoPdYuG2xCtdRhk4mgyJM=,3naTmk7If0+z5wluDfg3X8oBjNo=
-34,-93,LaB61NaoPdYuG2xCtdRhk4mgyJM=,3naTmk7If0+z5wluDfg3X8oBjNo=
-38,-87,LaB61NaoPdYuG2xCtdRhk4mgyJM=,3naTmk7If0+z5wluDfg3X8oBjNo=
-39,-87,LaB61NaoPdYuG2xCtdRhk4mgyJM=,3naTmk7If0+z5wluDfg3X8oBjNo=
-37,-87,LaB61NaoPdYuG2xCtdRhk4mgyJM=,3naTmk7If0+z5wluDfg3X8oBjNo=
-41,-94,LaB61NaoPdYuG2xCtdRhk4mgyJM=,3naTmk7If0+z5wluDfg3X8oBjNo=
-41,-87,LaB61NaoPdYuG2xCtdRhk4mgyJM=,3naTmk7If0+z5wluDfg3X8oBjNo=
-40,-87,LaB61NaoPdYuG2xCtdRhk4mgyJM=,3naTmk7If0+z5wluDfg3X8oBjNo=
-44,-87,LaB61NaoPdYuG2xCtdRhk4mgyJM=,3naTmk7If0+z5wluDfg3X8oBjNo=
-42,-87,LaB61NaoPdYuG2xCtdRhk4mgyJM=,3naTmk7If0+z5wluDfg3X8oBjNo=
-45,-87,LaB61NaoPdYuG2xCtdRhk4mgyJM=,3naTmk7If0+z5wluDfg3X8oBjNo=
-46,-87,LaB61NaoPdYuG2xCtdRhk4mgyJM=,3naTmk7If0+z5wluDfg3X8oBjNo=
-33,-93,LaB61NaoPdYuG2xCtdRhk4mgyJM=,3naTmk7If0+z5wluDfg3X8oBjNo=
-48,-87,LaB61NaoPdYuG2xCtdRhk4mgyJM=,3naTmk7If0+z5wluDfg3X8oBjNo=
-47,-87,LaB61NaoPdYuG2xCtdRhk4mgyJM=,3naTmk7If0+z5wluDfg3X8oBjNo=
-34,-88,LaB61NaoPdYuG2xCtdRhk4mgyJM=,3naTmk7If0+z5wluDfg3X8oBjNo=
-35,-88,LaB61NaoPdYuG2xCtdRhk4mgyJM=,3naTmk7If0+z5wluDfg3X8oBjNo=
-43,-87,LaB61NaoPdYuG2xCtdRhk4mgyJM=,3naTmk7If0+z5wluDfg3X8oBjNo=
-36,-88,LaB61NaoPdYuG2xCtdRhk4mgyJM=,3naTmk7If0+z5wluDfg3X8oBjNo=
-38,-88,LaB61NaoPdYuG2xCtdRhk4mgyJM=,3naTmk7If0+z5wluDfg3X8oBjNo=
-37,-88,LaB61NaoPdYuG2xCtdRhk4mgyJM=,3naTmk7If0+z5wluDfg3X8oBjNo=
-47,-94,LaB61NaoPdYuG2xCtdRhk4mgyJM=,3naTmk7If0+z5wluDfg3X8oBjNo=
-33,-88,LaB61NaoPdYuG2xCtdRhk4mgyJM=,3naTmk7If0+z5wluDfg3X8oBjNo=
-39,-88,LaB61NaoPdYuG2xCtdRhk4mgyJM=,3naTmk7If0+z5wluDfg3X8oBjNo=
-38,-96,LaB61NaoPdYuG2xCtdRhk4mgyJM=,3naTmk7If0+z5wluDfg3X8oBjNo=
-40,-88,LaB61NaoPdYuG2xCtdRhk4mgyJM=,3naTmk7If0+z5wluDfg3X8oBjNo=
-41,-88,LaB61NaoPdYuG2xCtdRhk4mgyJM=,3naTmk7If0+z5wluDfg3X8oBjNo=
-42,-88,LaB61NaoPdYuG2xCtdRhk4mgyJM=,3naTmk7If0+z5wluDfg3X8oBjNo=
-42,-94,LaB61NaoPdYuG2xCtdRhk4mgyJM=,3naTmk7If0+z5wluDfg3X8oBjNo=
-48,-92,LaB61NaoPdYuG2xCtdRhk4mgyJM=,3naTmk7If0+z5wluDfg3X8oBjNo=
-45,-88,LaB61NaoPdYuG2xCtdRhk4mgyJM=,3naTmk7If0+z5wluDfg3X8oBjNo=
-44,-88,LaB61NaoPdYuG2xCtdRhk4mgyJM=,3naTmk7If0+z5wluDfg3X8oBjNo=
-47,-88,LaB61NaoPdYuG2xCtdRhk4mgyJM=,3naTmk7If0+z5wluDfg3X8oBjNo=
-48,-88,LaB61NaoPdYuG2xCtdRhk4mgyJM=,3naTmk7If0+z5wluDfg3X8oBjNo=
-43,-88,LaB61NaoPdYuG2xCtdRhk4mgyJM=,3naTmk7If0+z5wluDfg3X8oBjNo=
-34,-89,LaB61NaoPdYuG2xCtdRhk4mgyJM=,3naTmk7If0+z5wluDfg3X8oBjNo=
-37,-89,LaB61NaoPdYuG2xCtdRhk4mgyJM=,3naTmk7If0+z5wluDfg3X8oBjNo=
-46,-88,LaB61NaoPdYuG2xCtdRhk4mgyJM=,3naTmk7If0+z5wluDfg3X8oBjNo=
-33,-89,LaB61NaoPdYuG2xCtdRhk4mgyJM=,3naTmk7If0+z5wluDfg3X8oBjNo=
-35,-89,LaB61NaoPdYuG2xCtdRhk4mgyJM=,3naTmk7If0+z5wluDfg3X8oBjNo=
-38,-89,LaB61NaoPdYuG2xCtdRhk4mgyJM=,3naTmk7If0+z5wluDfg3X8oBjNo=
-36,-89,LaB61NaoPdYuG2xCtdRhk4mgyJM=,3naTmk7If0+z5wluDfg3X8oBjNo=
-47,-92,LaB61NaoPdYuG2xCtdRhk4mgyJM=,3naTmk7If0+z5wluDfg3X8oBjNo=
-40,-89,LaB61NaoPdYuG2xCtdRhk4mgyJM=,3naTmk7If0+z5wluDfg3X8oBjNo=
-39,-89,LaB61NaoPdYuG2xCtdRhk4mgyJM=,3naTmk7If0+z5wluDfg3X8oBjNo=
-43,-89,LaB61NaoPdYuG2xCtdRhk4mgyJM=,3naTmk7If0+z5wluDfg3X8oBjNo=
-44,-89,LaB61NaoPdYuG2xCtdRhk4mgyJM=,3naTmk7If0+z5wluDfg3X8oBjNo=
-41,-89,LaB61NaoPdYuG2xCtdRhk4mgyJM=,3naTmk7If0+z5wluDfg3X8oBjNo=
-47,-89,LaB61NaoPdYuG2xCtdRhk4mgyJM=,3naTmk7If0+z5wluDfg3X8oBjNo=
-43,-94,LaB61NaoPdYuG2xCtdRhk4mgyJM=,3naTmk7If0+z5wluDfg3X8oBjNo=
-42,-89,LaB61NaoPdYuG2xCtdRhk4mgyJM=,3naTmk7If0+z5wluDfg3X8oBjNo=
-46,-92,LaB61NaoPdYuG2xCtdRhk4mgyJM=,3naTmk7If0+z5wluDfg3X8oBjNo=
-39,-96,LaB61NaoPdYuG2xCtdRhk4mgyJM=,3naTmk7If0+z5wluDfg3X8oBjNo=
-34,-90,LaB61NaoPdYuG2xCtdRhk4mgyJM=,3naTmk7If0+z5wluDfg3X8oBjNo=
-36,-90,LaB61NaoPdYuG2xCtdRhk4mgyJM=,3naTmk7If0+z5wluDfg3X8oBjNo=
-48,-89,LaB61NaoPdYuG2xCtdRhk4mgyJM=,3naTmk7If0+z5wluDfg3X8oBjNo=
-33,-90,LaB61NaoPdYuG2xCtdRhk4mgyJM=,3naTmk7If0+z5wluDfg3X8oBjNo=
-37,-90,LaB61NaoPdYuG2xCtdRhk4mgyJM=,3naTmk7If0+z5wluDfg3X8oBjNo=
-38,-90,LaB61NaoPdYuG2xCtdRhk4mgyJM=,3naTmk7If0+z5wluDfg3X8oBjNo=
-46,-89,LaB61NaoPdYuG2xCtdRhk4mgyJM=,3naTmk7If0+z5wluDfg3X8oBjNo=
-35,-90,LaB61NaoPdYuG2xCtdRhk4mgyJM=,3naTmk7If0+z5wluDfg3X8oBjNo=
-45,-89,LaB61NaoPdYuG2xCtdRhk4mgyJM=,3naTmk7If0+z5wluDfg3X8oBjNo=
-39,-90,LaB61NaoPdYuG2xCtdRhk4mgyJM=,3naTmk7If0+z5wluDfg3X8oBjNo=
-40,-90,LaB61NaoPdYuG2xCtdRhk4mgyJM=,3naTmk7If0+z5wluDfg3X8oBjNo=
-45,-92,LaB61NaoPdYuG2xCtdRhk4mgyJM=,3naTmk7If0+z5wluDfg3X8oBjNo=
-42,-90,LaB61NaoPdYuG2xCtdRhk4mgyJM=,3naTmk7If0+z5wluDfg3X8oBjNo=
-41,-90,LaB61NaoPdYuG2xCtdRhk4mgyJM=,3naTmk7If0+z5wluDfg3X8oBjNo=
-43,-90,LaB61NaoPdYuG2xCtdRhk4mgyJM=,3naTmk7If0+z5wluDfg3X8oBjNo=
-45,-90,LaB61NaoPdYuG2xCtdRhk4mgyJM=,3naTmk7If0+z5wluDfg3X8oBjNo=
-40,-96,LaB61NaoPdYuG2xCtdRhk4mgyJM=,3naTmk7If0+z5wluDfg3X8oBjNo=
-48,-90,LaB61NaoPdYuG2xCtdRhk4mgyJM=,3naTmk7If0+z5wluDfg3X8oBjNo=
-33,-91,LaB61NaoPdYuG2xCtdRhk4mgyJM=,3naTmk7If0+z5wluDfg3X8oBjNo=
-44,-94,LaB61NaoPdYuG2xCtdRhk4mgyJM=,3naTmk7If0+z5wluDfg3X8oBjNo=
-47,-90,LaB61NaoPdYuG2xCtdRhk4mgyJM=,3naTmk7If0+z5wluDfg3X8oBjNo=
-35,-91,LaB61NaoPdYuG2xCtdRhk4mgyJM=,3naTmk7If0+z5wluDfg3X8oBjNo=
-46,-90,LaB61NaoPdYuG2xCtdRhk4mgyJM=,3naTmk7If0+z5wluDfg3X8oBjNo=
-44,-90,LaB61NaoPdYuG2xCtdRhk4mgyJM=,3naTmk7If0+z5wluDfg3X8oBjNo=
-34,-91,LaB61NaoPdYuG2xCtdRhk4mgyJM=,3naTmk7If0+z5wluDfg3X8oBjNo=
-46,-94,LaB61NaoPdYuG2xCtdRhk4mgyJM=,3naTmk7If0+z5wluDfg3X8oBjNo=
-36,-91,LaB61NaoPdYuG2xCtdRhk4mgyJM=,3naTmk7If0+z5wluDfg3X8oBjNo=
-40,-91,LaB61NaoPdYuG2xCtdRhk4mgyJM=,3naTmk7If0+z5wluDfg3X8oBjNo=
-39,-91,LaB61NaoPdYuG2xCtdRhk4mgyJM=,3naTmk7If0+z5wluDfg3X8oBjNo=
-37,-91,LaB61NaoPdYuG2xCtdRhk4mgyJM=,3naTmk7If0+z5wluDfg3X8oBjNo=
-42,-91,LaB61NaoPdYuG2xCtdRhk4mgyJM=,3naTmk7If0+z5wluDfg3X8oBjNo=
-41,-96,LaB61NaoPdYuG2xCtdRhk4mgyJM=,3naTmk7If0+z5wluDfg3X8oBjNo=
-38,-91,LaB61NaoPdYuG2xCtdRhk4mgyJM=,3naTmk7If0+z5wluDfg3X8oBjNo=
-41,-91,LaB61NaoPdYuG2xCtdRhk4mgyJM=,3naTmk7If0+z5wluDfg3X8oBjNo=
-45,-91,LaB61NaoPdYuG2xCtdRhk4mgyJM=,3naTmk7If0+z5wluDfg3X8oBjNo=
-45,-94,LaB61NaoPdYuG2xCtdRhk4mgyJM=,3naTmk7If0+z5wluDfg3X8oBjNo=
-34,-92,LaB61NaoPdYuG2xCtdRhk4mgyJM=,3naTmk7If0+z5wluDfg3X8oBjNo=
-36,-92,LaB61NaoPdYuG2xCtdRhk4mgyJM=,3naTmk7If0+z5wluDfg3X8oBjNo=
-35,-92,LaB61NaoPdYuG2xCtdRhk4mgyJM=,3naTmk7If0+z5wluDfg3X8oBjNo=
-43,-96,LaB61NaoPdYuG2xCtdRhk4mgyJM=,3naTmk7If0+z5wluDfg3X8oBjNo=
-42,-96,LaB61NaoPdYuG2xCtdRhk4mgyJM=,3naTmk7If0+z5wluDfg3X8oBjNo=
-40,-92,LaB61NaoPdYuG2xCtdRhk4mgyJM=,3naTmk7If0+z5wluDfg3X8oBjNo=
-41,-92,LaB61NaoPdYuG2xCtdRhk4mgyJM=,3naTmk7If0+z5wluDfg3X8oBjNo=
-42,-92,LaB61NaoPdYuG2xCtdRhk4mgyJM=,3naTmk7If0+z5wluDfg3X8oBjNo=
-44,-92,LaB61NaoPdYuG2xCtdRhk4mgyJM=,3naTmk7If0+z5wluDfg3X8oBjNo=
-39,-92,LaB61NaoPdYuG2xCtdRhk4mgyJM=,3naTmk7If0+z5wluDfg3X8oBjNo=
-38,-92,LaB61NaoPdYuG2xCtdRhk4mgyJM=,3naTmk7If0+z5wluDfg3X8oBjNo=
-33,-92,LaB61NaoPdYuG2xCtdRhk4mgyJM=,3naTmk7If0+z5wluDfg3X8oBjNo=
-43,-92,LaB61NaoPdYuG2xCtdRhk4mgyJM=,3naTmk7If0+z5wluDfg3X8oBjNo=
-46,-91,LaB61NaoPdYuG2xCtdRhk4mgyJM=,3naTmk7If0+z5wluDfg3X8oBjNo=
-47,-91,LaB61NaoPdYuG2xCtdRhk4mgyJM=,3naTmk7If0+z5wluDfg3X8oBjNo=
-36,-81,LaB61NaoPdYuG2xCtdRhk4mgyJM=,3naTmk7If0+z5wluDfg3X8oBjNo=
-48,-91,LaB61NaoPdYuG2xCtdRhk4mgyJM=,3naTmk7If0+z5wluDfg3X8oBjNo=
-37,-92,LaB61NaoPdYuG2xCtdRhk4mgyJM=,3naTmk7If0+z5wluDfg3X8oBjNo=
-43,-91,LaB61NaoPdYuG2xCtdRhk4mgyJM=,3naTmk7If0+z5wluDfg3X8oBjNo=
-44,-91,LaB61NaoPdYuG2xCtdRhk4mgyJM=,3naTmk7If0+z5wluDfg3X8oBjNo=
-34,-81,LaB61NaoPdYuG2xCtdRhk4mgyJM=,3naTmk7If0+z5wluDfg3X8oBjNo=
-35,-81,LaB61NaoPdYuG2xCtdRhk4mgyJM=,3naTmk7If0+z5wluDfg3X8oBjNo=
-61,-80,ERBdkyvXvsNF9Yrbq49XGR6Oh4c=,TcRtkllPw8HkUiIUjcH9bqsNdUM=
-52,-77,ERBdkyvXvsNF9Yrbq49XGR6Oh4c=,TcRtkllPw8HkUiIUjcH9bqsNdUM=
-50,-78,ERBdkyvXvsNF9Yrbq49XGR6Oh4c=,TcRtkllPw8HkUiIUjcH9bqsNdUM=
-51,-77,ERBdkyvXvsNF9Yrbq49XGR6Oh4c=,TcRtkllPw8HkUiIUjcH9bqsNdUM=
-50,-77,ERBdkyvXvsNF9Yrbq49XGR6Oh4c=,TcRtkllPw8HkUiIUjcH9bqsNdUM=
-59,-80,ERBdkyvXvsNF9Yrbq49XGR6Oh4c=,TcRtkllPw8HkUiIUjcH9bqsNdUM=
-60,-80,ERBdkyvXvsNF9Yrbq49XGR6Oh4c=,TcRtkllPw8HkUiIUjcH9bqsNdUM=
-62,-79,ERBdkyvXvsNF9Yrbq49XGR6Oh4c=,TcRtkllPw8HkUiIUjcH9bqsNdUM=
-49,-77,ERBdkyvXvsNF9Yrbq49XGR6Oh4c=,TcRtkllPw8HkUiIUjcH9bqsNdUM=
-64,-76,ERBdkyvXvsNF9Yrbq49XGR6Oh4c=,TcRtkllPw8HkUiIUjcH9bqsNdUM=
-61,-76,ERBdkyvXvsNF9Yrbq49XGR6Oh4c=,TcRtkllPw8HkUiIUjcH9bqsNdUM=
-60,-76,ERBdkyvXvsNF9Yrbq49XGR6Oh4c=,TcRtkllPw8HkUiIUjcH9bqsNdUM=
-62,-76,ERBdkyvXvsNF9Yrbq49XGR6Oh4c=,TcRtkllPw8HkUiIUjcH9bqsNdUM=
-49,-79,ERBdkyvXvsNF9Yrbq49XGR6Oh4c=,TcRtkllPw8HkUiIUjcH9bqsNdUM=
-63,-76,ERBdkyvXvsNF9Yrbq49XGR6Oh4c=,TcRtkllPw8HkUiIUjcH9bqsNdUM=
-64,-80,ERBdkyvXvsNF9Yrbq49XGR6Oh4c=,TcRtkllPw8HkUiIUjcH9bqsNdUM=
-51,-78,ERBdkyvXvsNF9Yrbq49XGR6Oh4c=,TcRtkllPw8HkUiIUjcH9bqsNdUM=
-58,-76,ERBdkyvXvsNF9Yrbq49XGR6Oh4c=,TcRtkllPw8HkUiIUjcH9bqsNdUM=
-52,-78,ERBdkyvXvsNF9Yrbq49XGR6Oh4c=,TcRtkllPw8HkUiIUjcH9bqsNdUM=
-57,-76,ERBdkyvXvsNF9Yrbq49XGR6Oh4c=,TcRtkllPw8HkUiIUjcH9bqsNdUM=
-59,-76,ERBdkyvXvsNF9Yrbq49XGR6Oh4c=,TcRtkllPw8HkUiIUjcH9bqsNdUM=
-49,-65,ERBdkyvXvsNF9Yrbq49XGR6Oh4c=,TcRtkllPw8HkUiIUjcH9bqsNdUM=
-56,-76,ERBdkyvXvsNF9Yrbq49XGR6Oh4c=,TcRtkllPw8HkUiIUjcH9bqsNdUM=
-54,-76,ERBdkyvXvsNF9Yrbq49XGR6Oh4c=,TcRtkllPw8HkUiIUjcH9bqsNdUM=
-55,-78,ERBdkyvXvsNF9Yrbq49XGR6Oh4c=,TcRtkllPw8HkUiIUjcH9bqsNdUM=
-53,-76,ERBdkyvXvsNF9Yrbq49XGR6Oh4c=,TcRtkllPw8HkUiIUjcH9bqsNdUM=
-54,-78,ERBdkyvXvsNF9Yrbq49XGR6Oh4c=,TcRtkllPw8HkUiIUjcH9bqsNdUM=
-56,-78,ERBdkyvXvsNF9Yrbq49XGR6Oh4c=,TcRtkllPw8HkUiIUjcH9bqsNdUM=
-49,-78,ERBdkyvXvsNF9Yrbq49XGR6Oh4c=,TcRtkllPw8HkUiIUjcH9bqsNdUM=
-57,-78,ERBdkyvXvsNF9Yrbq49XGR6Oh4c=,TcRtkllPw8HkUiIUjcH9bqsNdUM=
-58,-78,ERBdkyvXvsNF9Yrbq49XGR6Oh4c=,TcRtkllPw8HkUiIUjcH9bqsNdUM=
-55,-76,ERBdkyvXvsNF9Yrbq49XGR6Oh4c=,TcRtkllPw8HkUiIUjcH9bqsNdUM=
-58,-80,ERBdkyvXvsNF9Yrbq49XGR6Oh4c=,TcRtkllPw8HkUiIUjcH9bqsNdUM=
-53,-78,ERBdkyvXvsNF9Yrbq49XGR6Oh4c=,TcRtkllPw8HkUiIUjcH9bqsNdUM=
-52,-76,ERBdkyvXvsNF9Yrbq49XGR6Oh4c=,TcRtkllPw8HkUiIUjcH9bqsNdUM=
-59,-78,ERBdkyvXvsNF9Yrbq49XGR6Oh4c=,TcRtkllPw8HkUiIUjcH9bqsNdUM=
-62,-78,ERBdkyvXvsNF9Yrbq49XGR6Oh4c=,TcRtkllPw8HkUiIUjcH9bqsNdUM=
-51,-76,ERBdkyvXvsNF9Yrbq49XGR6Oh4c=,TcRtkllPw8HkUiIUjcH9bqsNdUM=
-60,-78,ERBdkyvXvsNF9Yrbq49XGR6Oh4c=,TcRtkllPw8HkUiIUjcH9bqsNdUM=
-61,-78,ERBdkyvXvsNF9Yrbq49XGR6Oh4c=,TcRtkllPw8HkUiIUjcH9bqsNdUM=
-50,-65,ERBdkyvXvsNF9Yrbq49XGR6Oh4c=,TcRtkllPw8HkUiIUjcH9bqsNdUM=
-52,-65,ERBdkyvXvsNF9Yrbq49XGR6Oh4c=,TcRtkllPw8HkUiIUjcH9bqsNdUM=
-51,-65,ERBdkyvXvsNF9Yrbq49XGR6Oh4c=,TcRtkllPw8HkUiIUjcH9bqsNdUM=
-50,-76,ERBdkyvXvsNF9Yrbq49XGR6Oh4c=,TcRtkllPw8HkUiIUjcH9bqsNdUM=
-53,-65,ERBdkyvXvsNF9Yrbq49XGR6Oh4c=,TcRtkllPw8HkUiIUjcH9bqsNdUM=
-63,-78,ERBdkyvXvsNF9Yrbq49XGR6Oh4c=,TcRtkllPw8HkUiIUjcH9bqsNdUM=
-49,-76,ERBdkyvXvsNF9Yrbq49XGR6Oh4c=,TcRtkllPw8HkUiIUjcH9bqsNdUM=
-55,-65,ERBdkyvXvsNF9Yrbq49XGR6Oh4c=,TcRtkllPw8HkUiIUjcH9bqsNdUM=
-64,-78,ERBdkyvXvsNF9Yrbq49XGR6Oh4c=,TcRtkllPw8HkUiIUjcH9bqsNdUM=
-64,-75,ERBdkyvXvsNF9Yrbq49XGR6Oh4c=,TcRtkllPw8HkUiIUjcH9bqsNdUM=
-58,-65,ERBdkyvXvsNF9Yrbq49XGR6Oh4c=,TcRtkllPw8HkUiIUjcH9bqsNdUM=
-53,-77,ERBdkyvXvsNF9Yrbq49XGR6Oh4c=,TcRtkllPw8HkUiIUjcH9bqsNdUM=
-56,-65,ERBdkyvXvsNF9Yrbq49XGR6Oh4c=,TcRtkllPw8HkUiIUjcH9bqsNdUM=
-61,-65,ERBdkyvXvsNF9Yrbq49XGR6Oh4c=,TcRtkllPw8HkUiIUjcH9bqsNdUM=
-63,-75,ERBdkyvXvsNF9Yrbq49XGR6Oh4c=,TcRtkllPw8HkUiIUjcH9bqsNdUM=
-57,-65,ERBdkyvXvsNF9Yrbq49XGR6Oh4c=,TcRtkllPw8HkUiIUjcH9bqsNdUM=
-60,-65,ERBdkyvXvsNF9Yrbq49XGR6Oh4c=,TcRtkllPw8HkUiIUjcH9bqsNdUM=
-61,-79,ERBdkyvXvsNF9Yrbq49XGR6Oh4c=,TcRtkllPw8HkUiIUjcH9bqsNdUM=
-62,-65,ERBdkyvXvsNF9Yrbq49XGR6Oh4c=,TcRtkllPw8HkUiIUjcH9bqsNdUM=
-62,-75,ERBdkyvXvsNF9Yrbq49XGR6Oh4c=,TcRtkllPw8HkUiIUjcH9bqsNdUM=
-54,-77,ERBdkyvXvsNF9Yrbq49XGR6Oh4c=,TcRtkllPw8HkUiIUjcH9bqsNdUM=
-62,-80,ERBdkyvXvsNF9Yrbq49XGR6Oh4c=,TcRtkllPw8HkUiIUjcH9bqsNdUM=
-63,-65,ERBdkyvXvsNF9Yrbq49XGR6Oh4c=,TcRtkllPw8HkUiIUjcH9bqsNdUM=
-54,-65,ERBdkyvXvsNF9Yrbq49XGR6Oh4c=,TcRtkllPw8HkUiIUjcH9bqsNdUM=
-59,-65,ERBdkyvXvsNF9Yrbq49XGR6Oh4c=,TcRtkllPw8HkUiIUjcH9bqsNdUM=
-61,-75,ERBdkyvXvsNF9Yrbq49XGR6Oh4c=,TcRtkllPw8HkUiIUjcH9bqsNdUM=
-50,-79,ERBdkyvXvsNF9Yrbq49XGR6Oh4c=,TcRtkllPw8HkUiIUjcH9bqsNdUM=
-49,-66,ERBdkyvXvsNF9Yrbq49XGR6Oh4c=,TcRtkllPw8HkUiIUjcH9bqsNdUM=
-64,-65,ERBdkyvXvsNF9Yrbq49XGR6Oh4c=,TcRtkllPw8HkUiIUjcH9bqsNdUM=
-60,-75,ERBdkyvXvsNF9Yrbq49XGR6Oh4c=,TcRtkllPw8HkUiIUjcH9bqsNdUM=
-52,-66,ERBdkyvXvsNF9Yrbq49XGR6Oh4c=,TcRtkllPw8HkUiIUjcH9bqsNdUM=
-59,-75,ERBdkyvXvsNF9Yrbq49XGR6Oh4c=,TcRtkllPw8HkUiIUjcH9bqsNdUM=
-54,-66,ERBdkyvXvsNF9Yrbq49XGR6Oh4c=,TcRtkllPw8HkUiIUjcH9bqsNdUM=
-51,-66,ERBdkyvXvsNF9Yrbq49XGR6Oh4c=,TcRtkllPw8HkUiIUjcH9bqsNdUM=
-53,-66,ERBdkyvXvsNF9Yrbq49XGR6Oh4c=,TcRtkllPw8HkUiIUjcH9bqsNdUM=
-58,-75,ERBdkyvXvsNF9Yrbq49XGR6Oh4c=,TcRtkllPw8HkUiIUjcH9bqsNdUM=
-56,-66,ERBdkyvXvsNF9Yrbq49XGR6Oh4c=,TcRtkllPw8HkUiIUjcH9bqsNdUM=
-50,-66,ERBdkyvXvsNF9Yrbq49XGR6Oh4c=,TcRtkllPw8HkUiIUjcH9bqsNdUM=
-55,-66,ERBdkyvXvsNF9Yrbq49XGR6Oh4c=,TcRtkllPw8HkUiIUjcH9bqsNdUM=
-57,-66,ERBdkyvXvsNF9Yrbq49XGR6Oh4c=,TcRtkllPw8HkUiIUjcH9bqsNdUM=
-59,-66,ERBdkyvXvsNF9Yrbq49XGR6Oh4c=,TcRtkllPw8HkUiIUjcH9bqsNdUM=
-60,-66,ERBdkyvXvsNF9Yrbq49XGR6Oh4c=,TcRtkllPw8HkUiIUjcH9bqsNdUM=
-57,-75,ERBdkyvXvsNF9Yrbq49XGR6Oh4c=,TcRtkllPw8HkUiIUjcH9bqsNdUM=
-61,-66,ERBdkyvXvsNF9Yrbq49XGR6Oh4c=,TcRtkllPw8HkUiIUjcH9bqsNdUM=
-58,-66,ERBdkyvXvsNF9Yrbq49XGR6Oh4c=,TcRtkllPw8HkUiIUjcH9bqsNdUM=
-62,-66,ERBdkyvXvsNF9Yrbq49XGR6Oh4c=,TcRtkllPw8HkUiIUjcH9bqsNdUM=
-64,-79,ERBdkyvXvsNF9Yrbq49XGR6Oh4c=,TcRtkllPw8HkUiIUjcH9bqsNdUM=
-63,-79,ERBdkyvXvsNF9Yrbq49XGR6Oh4c=,TcRtkllPw8HkUiIUjcH9bqsNdUM=
-56,-75,ERBdkyvXvsNF9Yrbq49XGR6Oh4c=,TcRtkllPw8HkUiIUjcH9bqsNdUM=
-55,-77,ERBdkyvXvsNF9Yrbq49XGR6Oh4c=,TcRtkllPw8HkUiIUjcH9bqsNdUM=
-63,-80,ERBdkyvXvsNF9Yrbq49XGR6Oh4c=,TcRtkllPw8HkUiIUjcH9bqsNdUM=
-49,-67,ERBdkyvXvsNF9Yrbq49XGR6Oh4c=,TcRtkllPw8HkUiIUjcH9bqsNdUM=
-55,-75,ERBdkyvXvsNF9Yrbq49XGR6Oh4c=,TcRtkllPw8HkUiIUjcH9bqsNdUM=
-50,-67,ERBdkyvXvsNF9Yrbq49XGR6Oh4c=,TcRtkllPw8HkUiIUjcH9bqsNdUM=
-52,-67,ERBdkyvXvsNF9Yrbq49XGR6Oh4c=,TcRtkllPw8HkUiIUjcH9bqsNdUM=
-51,-67,ERBdkyvXvsNF9Yrbq49XGR6Oh4c=,TcRtkllPw8HkUiIUjcH9bqsNdUM=
-63,-66,ERBdkyvXvsNF9Yrbq49XGR6Oh4c=,TcRtkllPw8HkUiIUjcH9bqsNdUM=
-64,-66,ERBdkyvXvsNF9Yrbq49XGR6Oh4c=,TcRtkllPw8HkUiIUjcH9bqsNdUM=
-54,-75,ERBdkyvXvsNF9Yrbq49XGR6Oh4c=,TcRtkllPw8HkUiIUjcH9bqsNdUM=
-56,-67,ERBdkyvXvsNF9Yrbq49XGR6Oh4c=,TcRtkllPw8HkUiIUjcH9bqsNdUM=
-55,-67,ERBdkyvXvsNF9Yrbq49XGR6Oh4c=,TcRtkllPw8HkUiIUjcH9bqsNdUM=
-57,-67,ERBdkyvXvsNF9Yrbq49XGR6Oh4c=,TcRtkllPw8HkUiIUjcH9bqsNdUM=
-60,-79,ERBdkyvXvsNF9Yrbq49XGR6Oh4c=,TcRtkllPw8HkUiIUjcH9bqsNdUM=
-58,-67,ERBdkyvXvsNF9Yrbq49XGR6Oh4c=,TcRtkllPw8HkUiIUjcH9bqsNdUM=
-61,-67,ERBdkyvXvsNF9Yrbq49XGR6Oh4c=,TcRtkllPw8HkUiIUjcH9bqsNdUM=
-60,-67,ERBdkyvXvsNF9Yrbq49XGR6Oh4c=,TcRtkllPw8HkUiIUjcH9bqsNdUM=
-51,-79,ERBdkyvXvsNF9Yrbq49XGR6Oh4c=,TcRtkllPw8HkUiIUjcH9bqsNdUM=
-64,-77,ERBdkyvXvsNF9Yrbq49XGR6Oh4c=,TcRtkllPw8HkUiIUjcH9bqsNdUM=
-53,-67,ERBdkyvXvsNF9Yrbq49XGR6Oh4c=,TcRtkllPw8HkUiIUjcH9bqsNdUM=
-59,-67,ERBdkyvXvsNF9Yrbq49XGR6Oh4c=,TcRtkllPw8HkUiIUjcH9bqsNdUM=
-62,-67,ERBdkyvXvsNF9Yrbq49XGR6Oh4c=,TcRtkllPw8HkUiIUjcH9bqsNdUM=
-56,-77,ERBdkyvXvsNF9Yrbq49XGR6Oh4c=,TcRtkllPw8HkUiIUjcH9bqsNdUM=
-57,-80,ERBdkyvXvsNF9Yrbq49XGR6Oh4c=,TcRtkllPw8HkUiIUjcH9bqsNdUM=
-49,-80,ERBdkyvXvsNF9Yrbq49XGR6Oh4c=,TcRtkllPw8HkUiIUjcH9bqsNdUM=
-63,-67,ERBdkyvXvsNF9Yrbq49XGR6Oh4c=,TcRtkllPw8HkUiIUjcH9bqsNdUM=
-53,-75,ERBdkyvXvsNF9Yrbq49XGR6Oh4c=,TcRtkllPw8HkUiIUjcH9bqsNdUM=
-54,-67,ERBdkyvXvsNF9Yrbq49XGR6Oh4c=,TcRtkllPw8HkUiIUjcH9bqsNdUM=
-64,-67,ERBdkyvXvsNF9Yrbq49XGR6Oh4c=,TcRtkllPw8HkUiIUjcH9bqsNdUM=
-52,-79,ERBdkyvXvsNF9Yrbq49XGR6Oh4c=,TcRtkllPw8HkUiIUjcH9bqsNdUM=
-49,-68,ERBdkyvXvsNF9Yrbq49XGR6Oh4c=,TcRtkllPw8HkUiIUjcH9bqsNdUM=
-51,-68,ERBdkyvXvsNF9Yrbq49XGR6Oh4c=,TcRtkllPw8HkUiIUjcH9bqsNdUM=
-52,-75,ERBdkyvXvsNF9Yrbq49XGR6Oh4c=,TcRtkllPw8HkUiIUjcH9bqsNdUM=
-53,-68,ERBdkyvXvsNF9Yrbq49XGR6Oh4c=,TcRtkllPw8HkUiIUjcH9bqsNdUM=
-55,-68,ERBdkyvXvsNF9Yrbq49XGR6Oh4c=,TcRtkllPw8HkUiIUjcH9bqsNdUM=
-50,-68,ERBdkyvXvsNF9Yrbq49XGR6Oh4c=,TcRtkllPw8HkUiIUjcH9bqsNdUM=
-51,-75,ERBdkyvXvsNF9Yrbq49XGR6Oh4c=,TcRtkllPw8HkUiIUjcH9bqsNdUM=
-54,-68,ERBdkyvXvsNF9Yrbq49XGR6Oh4c=,TcRtkllPw8HkUiIUjcH9bqsNdUM=
-56,-68,ERBdkyvXvsNF9Yrbq49XGR6Oh4c=,TcRtkllPw8HkUiIUjcH9bqsNdUM=
-50,-75,ERBdkyvXvsNF9Yrbq49XGR6Oh4c=,TcRtkllPw8HkUiIUjcH9bqsNdUM=
-57,-68,ERBdkyvXvsNF9Yrbq49XGR6Oh4c=,TcRtkllPw8HkUiIUjcH9bqsNdUM=
-50,-80,ERBdkyvXvsNF9Yrbq49XGR6Oh4c=,TcRtkllPw8HkUiIUjcH9bqsNdUM=
-58,-68,ERBdkyvXvsNF9Yrbq49XGR6Oh4c=,TcRtkllPw8HkUiIUjcH9bqsNdUM=
-60,-68,ERBdkyvXvsNF9Yrbq49XGR6Oh4c=,TcRtkllPw8HkUiIUjcH9bqsNdUM=
-61,-68,ERBdkyvXvsNF9Yrbq49XGR6Oh4c=,TcRtkllPw8HkUiIUjcH9bqsNdUM=
-62,-68,ERBdkyvXvsNF9Yrbq49XGR6Oh4c=,TcRtkllPw8HkUiIUjcH9bqsNdUM=
-49,-75,ERBdkyvXvsNF9Yrbq49XGR6Oh4c=,TcRtkllPw8HkUiIUjcH9bqsNdUM=
-49,-69,ERBdkyvXvsNF9Yrbq49XGR6Oh4c=,TcRtkllPw8HkUiIUjcH9bqsNdUM=
-57,-77,ERBdkyvXvsNF9Yrbq49XGR6Oh4c=,TcRtkllPw8HkUiIUjcH9bqsNdUM=
-53,-79,ERBdkyvXvsNF9Yrbq49XGR6Oh4c=,TcRtkllPw8HkUiIUjcH9bqsNdUM=
-59,-68,ERBdkyvXvsNF9Yrbq49XGR6Oh4c=,TcRtkllPw8HkUiIUjcH9bqsNdUM=
-63,-68,ERBdkyvXvsNF9Yrbq49XGR6Oh4c=,TcRtkllPw8HkUiIUjcH9bqsNdUM=
-52,-69,ERBdkyvXvsNF9Yrbq49XGR6Oh4c=,TcRtkllPw8HkUiIUjcH9bqsNdUM=
-51,-69,ERBdkyvXvsNF9Yrbq49XGR6Oh4c=,TcRtkllPw8HkUiIUjcH9bqsNdUM=
-50,-69,ERBdkyvXvsNF9Yrbq49XGR6Oh4c=,TcRtkllPw8HkUiIUjcH9bqsNdUM=
-54,-69,ERBdkyvXvsNF9Yrbq49XGR6Oh4c=,TcRtkllPw8HkUiIUjcH9bqsNdUM=
-53,-69,ERBdkyvXvsNF9Yrbq49XGR6Oh4c=,TcRtkllPw8HkUiIUjcH9bqsNdUM=
-64,-74,ERBdkyvXvsNF9Yrbq49XGR6Oh4c=,TcRtkllPw8HkUiIUjcH9bqsNdUM=
-55,-69,ERBdkyvXvsNF9Yrbq49XGR6Oh4c=,TcRtkllPw8HkUiIUjcH9bqsNdUM=
-64,-68,ERBdkyvXvsNF9Yrbq49XGR6Oh4c=,TcRtkllPw8HkUiIUjcH9bqsNdUM=
-51,-80,ERBdkyvXvsNF9Yrbq49XGR6Oh4c=,TcRtkllPw8HkUiIUjcH9bqsNdUM=
-56,-69,ERBdkyvXvsNF9Yrbq49XGR6Oh4c=,TcRtkllPw8HkUiIUjcH9bqsNdUM=
-57,-69,ERBdkyvXvsNF9Yrbq49XGR6Oh4c=,TcRtkllPw8HkUiIUjcH9bqsNdUM=
-58,-69,ERBdkyvXvsNF9Yrbq49XGR6Oh4c=,TcRtkllPw8HkUiIUjcH9bqsNdUM=
-59,-69,ERBdkyvXvsNF9Yrbq49XGR6Oh4c=,TcRtkllPw8HkUiIUjcH9bqsNdUM=
-62,-69,ERBdkyvXvsNF9Yrbq49XGR6Oh4c=,TcRtkllPw8HkUiIUjcH9bqsNdUM=
-59,-79,ERBdkyvXvsNF9Yrbq49XGR6Oh4c=,TcRtkllPw8HkUiIUjcH9bqsNdUM=
-60,-69,ERBdkyvXvsNF9Yrbq49XGR6Oh4c=,TcRtkllPw8HkUiIUjcH9bqsNdUM=
-61,-69,ERBdkyvXvsNF9Yrbq49XGR6Oh4c=,TcRtkllPw8HkUiIUjcH9bqsNdUM=
-64,-69,ERBdkyvXvsNF9Yrbq49XGR6Oh4c=,TcRtkllPw8HkUiIUjcH9bqsNdUM=
-54,-70,ERBdkyvXvsNF9Yrbq49XGR6Oh4c=,TcRtkllPw8HkUiIUjcH9bqsNdUM=
-55,-70,ERBdkyvXvsNF9Yrbq49XGR6Oh4c=,TcRtkllPw8HkUiIUjcH9bqsNdUM=
-57,-70,ERBdkyvXvsNF9Yrbq49XGR6Oh4c=,TcRtkllPw8HkUiIUjcH9bqsNdUM=
-52,-80,ERBdkyvXvsNF9Yrbq49XGR6Oh4c=,TcRtkllPw8HkUiIUjcH9bqsNdUM=
-61,-70,ERBdkyvXvsNF9Yrbq49XGR6Oh4c=,TcRtkllPw8HkUiIUjcH9bqsNdUM=
-62,-70,ERBdkyvXvsNF9Yrbq49XGR6Oh4c=,TcRtkllPw8HkUiIUjcH9bqsNdUM=
-58,-77,ERBdkyvXvsNF9Yrbq49XGR6Oh4c=,TcRtkllPw8HkUiIUjcH9bqsNdUM=
-63,-70,ERBdkyvXvsNF9Yrbq49XGR6Oh4c=,TcRtkllPw8HkUiIUjcH9bqsNdUM=
-64,-70,ERBdkyvXvsNF9Yrbq49XGR6Oh4c=,TcRtkllPw8HkUiIUjcH9bqsNdUM=
-55,-79,ERBdkyvXvsNF9Yrbq49XGR6Oh4c=,TcRtkllPw8HkUiIUjcH9bqsNdUM=
-54,-79,ERBdkyvXvsNF9Yrbq49XGR6Oh4c=,TcRtkllPw8HkUiIUjcH9bqsNdUM=
-53,-70,ERBdkyvXvsNF9Yrbq49XGR6Oh4c=,TcRtkllPw8HkUiIUjcH9bqsNdUM=
-59,-77,ERBdkyvXvsNF9Yrbq49XGR6Oh4c=,TcRtkllPw8HkUiIUjcH9bqsNdUM=
-63,-74,ERBdkyvXvsNF9Yrbq49XGR6Oh4c=,TcRtkllPw8HkUiIUjcH9bqsNdUM=
-52,-71,ERBdkyvXvsNF9Yrbq49XGR6Oh4c=,TcRtkllPw8HkUiIUjcH9bqsNdUM=
-51,-71,ERBdkyvXvsNF9Yrbq49XGR6Oh4c=,TcRtkllPw8HkUiIUjcH9bqsNdUM=
-59,-70,ERBdkyvXvsNF9Yrbq49XGR6Oh4c=,TcRtkllPw8HkUiIUjcH9bqsNdUM=
-53,-71,ERBdkyvXvsNF9Yrbq49XGR6Oh4c=,TcRtkllPw8HkUiIUjcH9bqsNdUM=
-54,-71,ERBdkyvXvsNF9Yrbq49XGR6Oh4c=,TcRtkllPw8HkUiIUjcH9bqsNdUM=
-56,-70,ERBdkyvXvsNF9Yrbq49XGR6Oh4c=,TcRtkllPw8HkUiIUjcH9bqsNdUM=
-63,-69,ERBdkyvXvsNF9Yrbq49XGR6Oh4c=,TcRtkllPw8HkUiIUjcH9bqsNdUM=
-62,-74,ERBdkyvXvsNF9Yrbq49XGR6Oh4c=,TcRtkllPw8HkUiIUjcH9bqsNdUM=
-58,-70,ERBdkyvXvsNF9Yrbq49XGR6Oh4c=,TcRtkllPw8HkUiIUjcH9bqsNdUM=
-55,-71,ERBdkyvXvsNF9Yrbq49XGR6Oh4c=,TcRtkllPw8HkUiIUjcH9bqsNdUM=
-60,-70,ERBdkyvXvsNF9Yrbq49XGR6Oh4c=,TcRtkllPw8HkUiIUjcH9bqsNdUM=
-56,-71,ERBdkyvXvsNF9Yrbq49XGR6Oh4c=,TcRtkllPw8HkUiIUjcH9bqsNdUM=
-57,-71,ERBdkyvXvsNF9Yrbq49XGR6Oh4c=,TcRtkllPw8HkUiIUjcH9bqsNdUM=
-60,-77,ERBdkyvXvsNF9Yrbq49XGR6Oh4c=,TcRtkllPw8HkUiIUjcH9bqsNdUM=
-58,-71,ERBdkyvXvsNF9Yrbq49XGR6Oh4c=,TcRtkllPw8HkUiIUjcH9bqsNdUM=
-61,-71,ERBdkyvXvsNF9Yrbq49XGR6Oh4c=,TcRtkllPw8HkUiIUjcH9bqsNdUM=
-64,-71,ERBdkyvXvsNF9Yrbq49XGR6Oh4c=,TcRtkllPw8HkUiIUjcH9bqsNdUM=
-59,-71,ERBdkyvXvsNF9Yrbq49XGR6Oh4c=,TcRtkllPw8HkUiIUjcH9bqsNdUM=
-56,-79,ERBdkyvXvsNF9Yrbq49XGR6Oh4c=,TcRtkllPw8HkUiIUjcH9bqsNdUM=
-60,-71,ERBdkyvXvsNF9Yrbq49XGR6Oh4c=,TcRtkllPw8HkUiIUjcH9bqsNdUM=
-53,-80,ERBdkyvXvsNF9Yrbq49XGR6Oh4c=,TcRtkllPw8HkUiIUjcH9bqsNdUM=
-62,-71,ERBdkyvXvsNF9Yrbq49XGR6Oh4c=,TcRtkllPw8HkUiIUjcH9bqsNdUM=
-61,-74,ERBdkyvXvsNF9Yrbq49XGR6Oh4c=,TcRtkllPw8HkUiIUjcH9bqsNdUM=
-51,-72,ERBdkyvXvsNF9Yrbq49XGR6Oh4c=,TcRtkllPw8HkUiIUjcH9bqsNdUM=
-63,-71,ERBdkyvXvsNF9Yrbq49XGR6Oh4c=,TcRtkllPw8HkUiIUjcH9bqsNdUM=
-50,-72,ERBdkyvXvsNF9Yrbq49XGR6Oh4c=,TcRtkllPw8HkUiIUjcH9bqsNdUM=
-52,-72,ERBdkyvXvsNF9Yrbq49XGR6Oh4c=,TcRtkllPw8HkUiIUjcH9bqsNdUM=
-53,-72,ERBdkyvXvsNF9Yrbq49XGR6Oh4c=,TcRtkllPw8HkUiIUjcH9bqsNdUM=
-54,-72,ERBdkyvXvsNF9Yrbq49XGR6Oh4c=,TcRtkllPw8HkUiIUjcH9bqsNdUM=
-61,-77,ERBdkyvXvsNF9Yrbq49XGR6Oh4c=,TcRtkllPw8HkUiIUjcH9bqsNdUM=
-55,-72,ERBdkyvXvsNF9Yrbq49XGR6Oh4c=,TcRtkllPw8HkUiIUjcH9bqsNdUM=
-60,-74,ERBdkyvXvsNF9Yrbq49XGR6Oh4c=,TcRtkllPw8HkUiIUjcH9bqsNdUM=
-57,-72,ERBdkyvXvsNF9Yrbq49XGR6Oh4c=,TcRtkllPw8HkUiIUjcH9bqsNdUM=
-58,-72,ERBdkyvXvsNF9Yrbq49XGR6Oh4c=,TcRtkllPw8HkUiIUjcH9bqsNdUM=
-62,-72,ERBdkyvXvsNF9Yrbq49XGR6Oh4c=,TcRtkllPw8HkUiIUjcH9bqsNdUM=
-57,-79,ERBdkyvXvsNF9Yrbq49XGR6Oh4c=,TcRtkllPw8HkUiIUjcH9bqsNdUM=
-56,-72,ERBdkyvXvsNF9Yrbq49XGR6Oh4c=,TcRtkllPw8HkUiIUjcH9bqsNdUM=
-59,-72,ERBdkyvXvsNF9Yrbq49XGR6Oh4c=,TcRtkllPw8HkUiIUjcH9bqsNdUM=
-63,-72,ERBdkyvXvsNF9Yrbq49XGR6Oh4c=,TcRtkllPw8HkUiIUjcH9bqsNdUM=
-60,-72,ERBdkyvXvsNF9Yrbq49XGR6Oh4c=,TcRtkllPw8HkUiIUjcH9bqsNdUM=
-54,-80,ERBdkyvXvsNF9Yrbq49XGR6Oh4c=,TcRtkllPw8HkUiIUjcH9bqsNdUM=
-50,-73,ERBdkyvXvsNF9Yrbq49XGR6Oh4c=,TcRtkllPw8HkUiIUjcH9bqsNdUM=
-61,-72,ERBdkyvXvsNF9Yrbq49XGR6Oh4c=,TcRtkllPw8HkUiIUjcH9bqsNdUM=
-64,-72,ERBdkyvXvsNF9Yrbq49XGR6Oh4c=,TcRtkllPw8HkUiIUjcH9bqsNdUM=
-59,-74,ERBdkyvXvsNF9Yrbq49XGR6Oh4c=,TcRtkllPw8HkUiIUjcH9bqsNdUM=
-52,-73,ERBdkyvXvsNF9Yrbq49XGR6Oh4c=,TcRtkllPw8HkUiIUjcH9bqsNdUM=
-53,-73,ERBdkyvXvsNF9Yrbq49XGR6Oh4c=,TcRtkllPw8HkUiIUjcH9bqsNdUM=
-54,-73,ERBdkyvXvsNF9Yrbq49XGR6Oh4c=,TcRtkllPw8HkUiIUjcH9bqsNdUM=
-51,-73,ERBdkyvXvsNF9Yrbq49XGR6Oh4c=,TcRtkllPw8HkUiIUjcH9bqsNdUM=
-55,-73,ERBdkyvXvsNF9Yrbq49XGR6Oh4c=,TcRtkllPw8HkUiIUjcH9bqsNdUM=
-57,-73,ERBdkyvXvsNF9Yrbq49XGR6Oh4c=,TcRtkllPw8HkUiIUjcH9bqsNdUM=
-62,-77,ERBdkyvXvsNF9Yrbq49XGR6Oh4c=,TcRtkllPw8HkUiIUjcH9bqsNdUM=
-56,-73,ERBdkyvXvsNF9Yrbq49XGR6Oh4c=,TcRtkllPw8HkUiIUjcH9bqsNdUM=
-58,-74,ERBdkyvXvsNF9Yrbq49XGR6Oh4c=,TcRtkllPw8HkUiIUjcH9bqsNdUM=
-55,-80,ERBdkyvXvsNF9Yrbq49XGR6Oh4c=,TcRtkllPw8HkUiIUjcH9bqsNdUM=
-58,-73,ERBdkyvXvsNF9Yrbq49XGR6Oh4c=,TcRtkllPw8HkUiIUjcH9bqsNdUM=
-61,-73,ERBdkyvXvsNF9Yrbq49XGR6Oh4c=,TcRtkllPw8HkUiIUjcH9bqsNdUM=
-60,-73,ERBdkyvXvsNF9Yrbq49XGR6Oh4c=,TcRtkllPw8HkUiIUjcH9bqsNdUM=
-63,-73,ERBdkyvXvsNF9Yrbq49XGR6Oh4c=,TcRtkllPw8HkUiIUjcH9bqsNdUM=
-58,-79,ERBdkyvXvsNF9Yrbq49XGR6Oh4c=,TcRtkllPw8HkUiIUjcH9bqsNdUM=
-49,-74,ERBdkyvXvsNF9Yrbq49XGR6Oh4c=,TcRtkllPw8HkUiIUjcH9bqsNdUM=
-62,-73,ERBdkyvXvsNF9Yrbq49XGR6Oh4c=,TcRtkllPw8HkUiIUjcH9bqsNdUM=
-64,-73,ERBdkyvXvsNF9Yrbq49XGR6Oh4c=,TcRtkllPw8HkUiIUjcH9bqsNdUM=
-50,-74,ERBdkyvXvsNF9Yrbq49XGR6Oh4c=,TcRtkllPw8HkUiIUjcH9bqsNdUM=
-59,-73,ERBdkyvXvsNF9Yrbq49XGR6Oh4c=,TcRtkllPw8HkUiIUjcH9bqsNdUM=
-57,-74,ERBdkyvXvsNF9Yrbq49XGR6Oh4c=,TcRtkllPw8HkUiIUjcH9bqsNdUM=
-52,-74,ERBdkyvXvsNF9Yrbq49XGR6Oh4c=,TcRtkllPw8HkUiIUjcH9bqsNdUM=
-53,-74,ERBdkyvXvsNF9Yrbq49XGR6Oh4c=,TcRtkllPw8HkUiIUjcH9bqsNdUM=
-51,-74,ERBdkyvXvsNF9Yrbq49XGR6Oh4c=,TcRtkllPw8HkUiIUjcH9bqsNdUM=
-54,-74,ERBdkyvXvsNF9Yrbq49XGR6Oh4c=,TcRtkllPw8HkUiIUjcH9bqsNdUM=
-56,-80,ERBdkyvXvsNF9Yrbq49XGR6Oh4c=,TcRtkllPw8HkUiIUjcH9bqsNdUM=
-63,-77,ERBdkyvXvsNF9Yrbq49XGR6Oh4c=,TcRtkllPw8HkUiIUjcH9bqsNdUM=
-56,-74,ERBdkyvXvsNF9Yrbq49XGR6Oh4c=,TcRtkllPw8HkUiIUjcH9bqsNdUM=
-55,-74,ERBdkyvXvsNF9Yrbq49XGR6Oh4c=,TcRtkllPw8HkUiIUjcH9bqsNdUM=
-49,-73,ERBdkyvXvsNF9Yrbq49XGR6Oh4c=,TcRtkllPw8HkUiIUjcH9bqsNdUM=
-49,-72,ERBdkyvXvsNF9Yrbq49XGR6Oh4c=,TcRtkllPw8HkUiIUjcH9bqsNdUM=
-50,-71,ERBdkyvXvsNF9Yrbq49XGR6Oh4c=,TcRtkllPw8HkUiIUjcH9bqsNdUM=
-52,-70,ERBdkyvXvsNF9Yrbq49XGR6Oh4c=,TcRtkllPw8HkUiIUjcH9bqsNdUM=
-49,-70,ERBdkyvXvsNF9Yrbq49XGR6Oh4c=,TcRtkllPw8HkUiIUjcH9bqsNdUM=
-52,-68,ERBdkyvXvsNF9Yrbq49XGR6Oh4c=,TcRtkllPw8HkUiIUjcH9bqsNdUM=
-50,-70,ERBdkyvXvsNF9Yrbq49XGR6Oh4c=,TcRtkllPw8HkUiIUjcH9bqsNdUM=
-49,-71,ERBdkyvXvsNF9Yrbq49XGR6Oh4c=,TcRtkllPw8HkUiIUjcH9bqsNdUM=
-51,-70,ERBdkyvXvsNF9Yrbq49XGR6Oh4c=,TcRtkllPw8HkUiIUjcH9bqsNdUM=
