14,-94,McG0xnqDZP5Aj9VUQUxChnfjLPs=,PWGqUIRSOVrQAQ3x1skCbRJA3os=
15,-81,McG0xnqDZP5Aj9VUQUxChnfjLPs=,PWGqUIRSOVrQAQ3x1skCbRJA3os=
3,-96,McG0xnqDZP5Aj9VUQUxChnfjLPs=,PWGqUIRSOVrQAQ3x1skCbRJA3os=
13,-81,McG0xnqDZP5Aj9VUQUxChnfjLPs=,PWGqUIRSOVrQAQ3x1skCbRJA3os=
13,-94,McG0xnqDZP5Aj9VUQUxChnfjLPs=,PWGqUIRSOVrQAQ3x1skCbRJA3os=
12,-81,McG0xnqDZP5Aj9VUQUxChnfjLPs=,PWGqUIRSOVrQAQ3x1skCbRJA3os=
11,-81,McG0xnqDZP5Aj9VUQUxChnfjLPs=,PWGqUIRSOVrQAQ3x1skCbRJA3os=
10,-81,McG0xnqDZP5Aj9VUQUxChnfjLPs=,PWGqUIRSOVrQAQ3x1skCbRJA3os=
8,-81,McG0xnqDZP5Aj9VUQUxChnfjLPs=,PWGqUIRSOVrQAQ3x1skCbRJA3os=
14,-81,McG0xnqDZP5Aj9VUQUxChnfjLPs=,PWGqUIRSOVrQAQ3x1skCbRJA3os=
6,-81,McG0xnqDZP5Aj9VUQUxChnfjLPs=,PWGqUIRSOVrQAQ3x1skCbRJA3os=
5,-81,McG0xnqDZP5Aj9VUQUxChnfjLPs=,PWGqUIRSOVrQAQ3x1skCbRJA3os=
9,-81,McG0xnqDZP5Aj9VUQUxChnfjLPs=,PWGqUIRSOVrQAQ3x1skCbRJA3os=
13,-95,McG0xnqDZP5Aj9VUQUxChnfjLPs=,PWGqUIRSOVrQAQ3x1skCbRJA3os=
4,-81,McG0xnqDZP5Aj9VUQUxChnfjLPs=,PWGqUIRSOVrQAQ3x1skCbRJA3os=
7,-81,McG0xnqDZP5Aj9VUQUxChnfjLPs=,PWGqUIRSOVrQAQ3x1skCbRJA3os=
15,-95,McG0xnqDZP5Aj9VUQUxChnfjLPs=,PWGqUIRSOVrQAQ3x1skCbRJA3os=
12,-95,McG0xnqDZP5Aj9VUQUxChnfjLPs=,PWGqUIRSOVrQAQ3x1skCbRJA3os=
10,-95,McG0xnqDZP5Aj9VUQUxChnfjLPs=,PWGqUIRSOVrQAQ3x1skCbRJA3os=
11,-95,McG0xnqDZP5Aj9VUQUxChnfjLPs=,PWGqUIRSOVrQAQ3x1skCbRJA3os=
9,-95,McG0xnqDZP5Aj9VUQUxChnfjLPs=,PWGqUIRSOVrQAQ3x1skCbRJA3os=
14,-95,McG0xnqDZP5Aj9VUQUxChnfjLPs=,PWGqUIRSOVrQAQ3x1skCbRJA3os=
8,-95,McG0xnqDZP5Aj9VUQUxChnfjLPs=,PWGqUIRSOVrQAQ3x1skCbRJA3os=
3,-81,McG0xnqDZP5Aj9VUQUxChnfjLPs=,PWGqUIRSOVrQAQ3x1skCbRJA3os=
7,-95,McG0xnqDZP5Aj9VUQUxChnfjLPs=,PWGqUIRSOVrQAQ3x1skCbRJA3os=
5,-95,McG0xnqDZP5Aj9VUQUxChnfjLPs=,PWGqUIRSOVrQAQ3x1skCbRJA3os=
1,-95,McG0xnqDZP5Aj9VUQUxChnfjLPs=,PWGqUIRSOVrQAQ3x1skCbRJA3os=
2,-81,McG0xnqDZP5Aj9VUQUxChnfjLPs=,PWGqUIRSOVrQAQ3x1skCbRJA3os=
1,-81,McG0xnqDZP5Aj9VUQUxChnfjLPs=,PWGqUIRSOVrQAQ3x1skCbRJA3os=
3,-95,McG0xnqDZP5Aj9VUQUxChnfjLPs=,PWGqUIRSOVrQAQ3x1skCbRJA3os=
4,-95,McG0xnqDZP5Aj9VUQUxChnfjLPs=,PWGqUIRSOVrQAQ3x1skCbRJA3os=
0,-81,McG0xnqDZP5Aj9VUQUxChnfjLPs=,PWGqUIRSOVrQAQ3x1skCbRJA3os=
6,-95,McG0xnqDZP5Aj9VUQUxChnfjLPs=,PWGqUIRSOVrQAQ3x1skCbRJA3os=
2,-96,McG0xnqDZP5Aj9VUQUxChnfjLPs=,PWGqUIRSOVrQAQ3x1skCbRJA3os=
15,-82,McG0xnqDZP5Aj9VUQUxChnfjLPs=,PWGqUIRSOVrQAQ3x1skCbRJA3os=
14,-82,McG0xnqDZP5Aj9VUQUxChnfjLPs=,PWGqUIRSOVrQAQ3x1skCbRJA3os=
2,-95,McG0xnqDZP5Aj9VUQUxChnfjLPs=,PWGqUIRSOVrQAQ3x1skCbRJA3os=
12,-94,McG0xnqDZP5Aj9VUQUxChnfjLPs=,PWGqUIRSOVrQAQ3x1skCbRJA3os=
12,-82,McG0xnqDZP5Aj9VUQUxChnfjLPs=,PWGqUIRSOVrQAQ3x1skCbRJA3os=
13,-82,McG0xnqDZP5Aj9VUQUxChnfjLPs=,PWGqUIRSOVrQAQ3x1skCbRJA3os=
11,-82,McG0xnqDZP5Aj9VUQUxChnfjLPs=,PWGqUIRSOVrQAQ3x1skCbRJA3os=
9,-82,McG0xnqDZP5Aj9VUQUxChnfjLPs=,PWGqUIRSOVrQAQ3x1skCbRJA3os=
8,-82,McG0xnqDZP5Aj9VUQUxChnfjLPs=,PWGqUIRSOVrQAQ3x1skCbRJA3os=
10,-82,McG0xnqDZP5Aj9VUQUxChnfjLPs=,PWGqUIRSOVrQAQ3x1skCbRJA3os=
7,-82,McG0xnqDZP5Aj9VUQUxChnfjLPs=,PWGqUIRSOVrQAQ3x1skCbRJA3os=
4,-82,McG0xnqDZP5Aj9VUQUxChnfjLPs=,PWGqUIRSOVrQAQ3x1skCbRJA3os=
6,-82,McG0xnqDZP5Aj9VUQUxChnfjLPs=,PWGqUIRSOVrQAQ3x1skCbRJA3os=
5,-82,McG0xnqDZP5Aj9VUQUxChnfjLPs=,PWGqUIRSOVrQAQ3x1skCbRJA3os=
3,-82,McG0xnqDZP5Aj9VUQUxChnfjLPs=,PWGqUIRSOVrQAQ3x1skCbRJA3os=
0,-82,McG0xnqDZP5Aj9VUQUxChnfjLPs=,PWGqUIRSOVrQAQ3x1skCbRJA3os=
2,-82,McG0xnqDZP5Aj9VUQUxChnfjLPs=,PWGqUIRSOVrQAQ3x1skCbRJA3os=
1,-82,McG0xnqDZP5Aj9VUQUxChnfjLPs=,PWGqUIRSOVrQAQ3x1skCbRJA3os=
15,-83,McG0xnqDZP5Aj9VUQUxChnfjLPs=,PWGqUIRSOVrQAQ3x1skCbRJA3os=
15,-96,McG0xnqDZP5Aj9VUQUxChnfjLPs=,PWGqUIRSOVrQAQ3x1skCbRJA3os=
14,-83,McG0xnqDZP5Aj9VUQUxChnfjLPs=,PWGqUIRSOVrQAQ3x1skCbRJA3os=
0,-95,McG0xnqDZP5Aj9VUQUxChnfjLPs=,PWGqUIRSOVrQAQ3x1skCbRJA3os=
11,-94,McG0xnqDZP5Aj9VUQUxChnfjLPs=,PWGqUIRSOVrQAQ3x1skCbRJA3os=
13,-83,McG0xnqDZP5Aj9VUQUxChnfjLPs=,PWGqUIRSOVrQAQ3x1skCbRJA3os=
12,-83,McG0xnqDZP5Aj9VUQUxChnfjLPs=,PWGqUIRSOVrQAQ3x1skCbRJA3os=
11,-83,McG0xnqDZP5Aj9VUQUxChnfjLPs=,PWGqUIRSOVrQAQ3x1skCbRJA3os=
10,-83,McG0xnqDZP5Aj9VUQUxChnfjLPs=,PWGqUIRSOVrQAQ3x1skCbRJA3os=
9,-83,McG0xnqDZP5Aj9VUQUxChnfjLPs=,PWGqUIRSOVrQAQ3x1skCbRJA3os=
8,-83,McG0xnqDZP5Aj9VUQUxChnfjLPs=,PWGqUIRSOVrQAQ3x1skCbRJA3os=
7,-83,McG0xnqDZP5Aj9VUQUxChnfjLPs=,PWGqUIRSOVrQAQ3x1skCbRJA3os=
6,-83,McG0xnqDZP5Aj9VUQUxChnfjLPs=,PWGqUIRSOVrQAQ3x1skCbRJA3os=
2,-83,McG0xnqDZP5Aj9VUQUxChnfjLPs=,PWGqUIRSOVrQAQ3x1skCbRJA3os=
4,-83,McG0xnqDZP5Aj9VUQUxChnfjLPs=,PWGqUIRSOVrQAQ3x1skCbRJA3os=
5,-83,McG0xnqDZP5Aj9VUQUxChnfjLPs=,PWGqUIRSOVrQAQ3x1skCbRJA3os=
3,-83,McG0xnqDZP5Aj9VUQUxChnfjLPs=,PWGqUIRSOVrQAQ3x1skCbRJA3os=
0,-83,McG0xnqDZP5Aj9VUQUxChnfjLPs=,PWGqUIRSOVrQAQ3x1skCbRJA3os=
15,-84,McG0xnqDZP5Aj9VUQUxChnfjLPs=,PWGqUIRSOVrQAQ3x1skCbRJA3os=
1,-96,McG0xnqDZP5Aj9VUQUxChnfjLPs=,PWGqUIRSOVrQAQ3x1skCbRJA3os=
14,-84,McG0xnqDZP5Aj9VUQUxChnfjLPs=,PWGqUIRSOVrQAQ3x1skCbRJA3os=
1,-83,McG0xnqDZP5Aj9VUQUxChnfjLPs=,PWGqUIRSOVrQAQ3x1skCbRJA3os=
13,-84,McG0xnqDZP5Aj9VUQUxChnfjLPs=,PWGqUIRSOVrQAQ3x1skCbRJA3os=
12,-84,McG0xnqDZP5Aj9VUQUxChnfjLPs=,PWGqUIRSOVrQAQ3x1skCbRJA3os=
11,-84,McG0xnqDZP5Aj9VUQUxChnfjLPs=,PWGqUIRSOVrQAQ3x1skCbRJA3os=
10,-84,McG0xnqDZP5Aj9VUQUxChnfjLPs=,PWGqUIRSOVrQAQ3x1skCbRJA3os=
8,-84,McG0xnqDZP5Aj9VUQUxChnfjLPs=,PWGqUIRSOVrQAQ3x1skCbRJA3os=
9,-84,McG0xnqDZP5Aj9VUQUxChnfjLPs=,PWGqUIRSOVrQAQ3x1skCbRJA3os=
7,-84,McG0xnqDZP5Aj9VUQUxChnfjLPs=,PWGqUIRSOVrQAQ3x1skCbRJA3os=
14,-96,McG0xnqDZP5Aj9VUQUxChnfjLPs=,PWGqUIRSOVrQAQ3x1skCbRJA3os=
6,-84,McG0xnqDZP5Aj9VUQUxChnfjLPs=,PWGqUIRSOVrQAQ3x1skCbRJA3os=
5,-84,McG0xnqDZP5Aj9VUQUxChnfjLPs=,PWGqUIRSOVrQAQ3x1skCbRJA3os=
4,-84,McG0xnqDZP5Aj9VUQUxChnfjLPs=,PWGqUIRSOVrQAQ3x1skCbRJA3os=
10,-94,McG0xnqDZP5Aj9VUQUxChnfjLPs=,PWGqUIRSOVrQAQ3x1skCbRJA3os=
2,-84,McG0xnqDZP5Aj9VUQUxChnfjLPs=,PWGqUIRSOVrQAQ3x1skCbRJA3os=
0,-84,McG0xnqDZP5Aj9VUQUxChnfjLPs=,PWGqUIRSOVrQAQ3x1skCbRJA3os=
15,-85,McG0xnqDZP5Aj9VUQUxChnfjLPs=,PWGqUIRSOVrQAQ3x1skCbRJA3os=
3,-84,McG0xnqDZP5Aj9VUQUxChnfjLPs=,PWGqUIRSOVrQAQ3x1skCbRJA3os=
13,-85,McG0xnqDZP5Aj9VUQUxChnfjLPs=,PWGqUIRSOVrQAQ3x1skCbRJA3os=
13,-96,McG0xnqDZP5Aj9VUQUxChnfjLPs=,PWGqUIRSOVrQAQ3x1skCbRJA3os=
1,-84,McG0xnqDZP5Aj9VUQUxChnfjLPs=,PWGqUIRSOVrQAQ3x1skCbRJA3os=
11,-85,McG0xnqDZP5Aj9VUQUxChnfjLPs=,PWGqUIRSOVrQAQ3x1skCbRJA3os=
9,-85,McG0xnqDZP5Aj9VUQUxChnfjLPs=,PWGqUIRSOVrQAQ3x1skCbRJA3os=
14,-85,McG0xnqDZP5Aj9VUQUxChnfjLPs=,PWGqUIRSOVrQAQ3x1skCbRJA3os=
12,-85,McG0xnqDZP5Aj9VUQUxChnfjLPs=,PWGqUIRSOVrQAQ3x1skCbRJA3os=
9,-94,McG0xnqDZP5Aj9VUQUxChnfjLPs=,PWGqUIRSOVrQAQ3x1skCbRJA3os=
8,-85,McG0xnqDZP5Aj9VUQUxChnfjLPs=,PWGqUIRSOVrQAQ3x1skCbRJA3os=
7,-85,McG0xnqDZP5Aj9VUQUxChnfjLPs=,PWGqUIRSOVrQAQ3x1skCbRJA3os=
6,-85,McG0xnqDZP5Aj9VUQUxChnfjLPs=,PWGqUIRSOVrQAQ3x1skCbRJA3os=
5,-85,McG0xnqDZP5Aj9VUQUxChnfjLPs=,PWGqUIRSOVrQAQ3x1skCbRJA3os=
4,-85,McG0xnqDZP5Aj9VUQUxChnfjLPs=,PWGqUIRSOVrQAQ3x1skCbRJA3os=
3,-85,McG0xnqDZP5Aj9VUQUxChnfjLPs=,PWGqUIRSOVrQAQ3x1skCbRJA3os=
1,-85,McG0xnqDZP5Aj9VUQUxChnfjLPs=,PWGqUIRSOVrQAQ3x1skCbRJA3os=
10,-85,McG0xnqDZP5Aj9VUQUxChnfjLPs=,PWGqUIRSOVrQAQ3x1skCbRJA3os=
15,-86,McG0xnqDZP5Aj9VUQUxChnfjLPs=,PWGqUIRSOVrQAQ3x1skCbRJA3os=
0,-85,McG0xnqDZP5Aj9VUQUxChnfjLPs=,PWGqUIRSOVrQAQ3x1skCbRJA3os=
2,-85,McG0xnqDZP5Aj9VUQUxChnfjLPs=,PWGqUIRSOVrQAQ3x1skCbRJA3os=
13,-86,McG0xnqDZP5Aj9VUQUxChnfjLPs=,PWGqUIRSOVrQAQ3x1skCbRJA3os=
12,-86,McG0xnqDZP5Aj9VUQUxChnfjLPs=,PWGqUIRSOVrQAQ3x1skCbRJA3os=
10,-86,McG0xnqDZP5Aj9VUQUxChnfjLPs=,PWGqUIRSOVrQAQ3x1skCbRJA3os=
12,-96,McG0xnqDZP5Aj9VUQUxChnfjLPs=,PWGqUIRSOVrQAQ3x1skCbRJA3os=
8,-94,McG0xnqDZP5Aj9VUQUxChnfjLPs=,PWGqUIRSOVrQAQ3x1skCbRJA3os=
6,-86,McG0xnqDZP5Aj9VUQUxChnfjLPs=,PWGqUIRSOVrQAQ3x1skCbRJA3os=
9,-86,McG0xnqDZP5Aj9VUQUxChnfjLPs=,PWGqUIRSOVrQAQ3x1skCbRJA3os=
5,-86,McG0xnqDZP5Aj9VUQUxChnfjLPs=,PWGqUIRSOVrQAQ3x1skCbRJA3os=
14,-86,McG0xnqDZP5Aj9VUQUxChnfjLPs=,PWGqUIRSOVrQAQ3x1skCbRJA3os=
4,-86,McG0xnqDZP5Aj9VUQUxChnfjLPs=,PWGqUIRSOVrQAQ3x1skCbRJA3os=
11,-86,McG0xnqDZP5Aj9VUQUxChnfjLPs=,PWGqUIRSOVrQAQ3x1skCbRJA3os=
2,-86,McG0xnqDZP5Aj9VUQUxChnfjLPs=,PWGqUIRSOVrQAQ3x1skCbRJA3os=
1,-86,McG0xnqDZP5Aj9VUQUxChnfjLPs=,PWGqUIRSOVrQAQ3x1skCbRJA3os=
7,-86,McG0xnqDZP5Aj9VUQUxChnfjLPs=,PWGqUIRSOVrQAQ3x1skCbRJA3os=
3,-86,McG0xnqDZP5Aj9VUQUxChnfjLPs=,PWGqUIRSOVrQAQ3x1skCbRJA3os=
14,-87,McG0xnqDZP5Aj9VUQUxChnfjLPs=,PWGqUIRSOVrQAQ3x1skCbRJA3os=
8,-86,McG0xnqDZP5Aj9VUQUxChnfjLPs=,PWGqUIRSOVrQAQ3x1skCbRJA3os=
15,-87,McG0xnqDZP5Aj9VUQUxChnfjLPs=,PWGqUIRSOVrQAQ3x1skCbRJA3os=
13,-87,McG0xnqDZP5Aj9VUQUxChnfjLPs=,PWGqUIRSOVrQAQ3x1skCbRJA3os=
10,-87,McG0xnqDZP5Aj9VUQUxChnfjLPs=,PWGqUIRSOVrQAQ3x1skCbRJA3os=
9,-87,McG0xnqDZP5Aj9VUQUxChnfjLPs=,PWGqUIRSOVrQAQ3x1skCbRJA3os=
11,-96,McG0xnqDZP5Aj9VUQUxChnfjLPs=,PWGqUIRSOVrQAQ3x1skCbRJA3os=
12,-87,McG0xnqDZP5Aj9VUQUxChnfjLPs=,PWGqUIRSOVrQAQ3x1skCbRJA3os=
0,-86,McG0xnqDZP5Aj9VUQUxChnfjLPs=,PWGqUIRSOVrQAQ3x1skCbRJA3os=
8,-87,McG0xnqDZP5Aj9VUQUxChnfjLPs=,PWGqUIRSOVrQAQ3x1skCbRJA3os=
11,-87,McG0xnqDZP5Aj9VUQUxChnfjLPs=,PWGqUIRSOVrQAQ3x1skCbRJA3os=
7,-94,McG0xnqDZP5Aj9VUQUxChnfjLPs=,PWGqUIRSOVrQAQ3x1skCbRJA3os=
6,-87,McG0xnqDZP5Aj9VUQUxChnfjLPs=,PWGqUIRSOVrQAQ3x1skCbRJA3os=
5,-87,McG0xnqDZP5Aj9VUQUxChnfjLPs=,PWGqUIRSOVrQAQ3x1skCbRJA3os=
3,-87,McG0xnqDZP5Aj9VUQUxChnfjLPs=,PWGqUIRSOVrQAQ3x1skCbRJA3os=
4,-87,McG0xnqDZP5Aj9VUQUxChnfjLPs=,PWGqUIRSOVrQAQ3x1skCbRJA3os=
1,-87,McG0xnqDZP5Aj9VUQUxChnfjLPs=,PWGqUIRSOVrQAQ3x1skCbRJA3os=
15,-88,McG0xnqDZP5Aj9VUQUxChnfjLPs=,PWGqUIRSOVrQAQ3x1skCbRJA3os=
7,-87,McG0xnqDZP5Aj9VUQUxChnfjLPs=,PWGqUIRSOVrQAQ3x1skCbRJA3os=
14,-88,McG0xnqDZP5Aj9VUQUxChnfjLPs=,PWGqUIRSOVrQAQ3x1skCbRJA3os=
2,-87,McG0xnqDZP5Aj9VUQUxChnfjLPs=,PWGqUIRSOVrQAQ3x1skCbRJA3os=
0,-87,McG0xnqDZP5Aj9VUQUxChnfjLPs=,PWGqUIRSOVrQAQ3x1skCbRJA3os=
13,-88,McG0xnqDZP5Aj9VUQUxChnfjLPs=,PWGqUIRSOVrQAQ3x1skCbRJA3os=
10,-96,McG0xnqDZP5Aj9VUQUxChnfjLPs=,PWGqUIRSOVrQAQ3x1skCbRJA3os=
11,-88,McG0xnqDZP5Aj9VUQUxChnfjLPs=,PWGqUIRSOVrQAQ3x1skCbRJA3os=
12,-88,McG0xnqDZP5Aj9VUQUxChnfjLPs=,PWGqUIRSOVrQAQ3x1skCbRJA3os=
9,-88,McG0xnqDZP5Aj9VUQUxChnfjLPs=,PWGqUIRSOVrQAQ3x1skCbRJA3os=
6,-94,McG0xnqDZP5Aj9VUQUxChnfjLPs=,PWGqUIRSOVrQAQ3x1skCbRJA3os=
4,-88,McG0xnqDZP5Aj9VUQUxChnfjLPs=,PWGqUIRSOVrQAQ3x1skCbRJA3os=
10,-88,McG0xnqDZP5Aj9VUQUxChnfjLPs=,PWGqUIRSOVrQAQ3x1skCbRJA3os=
1,-88,McG0xnqDZP5Aj9VUQUxChnfjLPs=,PWGqUIRSOVrQAQ3x1skCbRJA3os=
0,-88,McG0xnqDZP5Aj9VUQUxChnfjLPs=,PWGqUIRSOVrQAQ3x1skCbRJA3os=
14,-89,McG0xnqDZP5Aj9VUQUxChnfjLPs=,PWGqUIRSOVrQAQ3x1skCbRJA3os=
15,-89,McG0xnqDZP5Aj9VUQUxChnfjLPs=,PWGqUIRSOVrQAQ3x1skCbRJA3os=
6,-88,McG0xnqDZP5Aj9VUQUxChnfjLPs=,PWGqUIRSOVrQAQ3x1skCbRJA3os=
7,-88,McG0xnqDZP5Aj9VUQUxChnfjLPs=,PWGqUIRSOVrQAQ3x1skCbRJA3os=
12,-89,McG0xnqDZP5Aj9VUQUxChnfjLPs=,PWGqUIRSOVrQAQ3x1skCbRJA3os=
11,-89,McG0xnqDZP5Aj9VUQUxChnfjLPs=,PWGqUIRSOVrQAQ3x1skCbRJA3os=
2,-88,McG0xnqDZP5Aj9VUQUxChnfjLPs=,PWGqUIRSOVrQAQ3x1skCbRJA3os=
5,-88,McG0xnqDZP5Aj9VUQUxChnfjLPs=,PWGqUIRSOVrQAQ3x1skCbRJA3os=
3,-88,McG0xnqDZP5Aj9VUQUxChnfjLPs=,PWGqUIRSOVrQAQ3x1skCbRJA3os=
8,-88,McG0xnqDZP5Aj9VUQUxChnfjLPs=,PWGqUIRSOVrQAQ3x1skCbRJA3os=
9,-89,McG0xnqDZP5Aj9VUQUxChnfjLPs=,PWGqUIRSOVrQAQ3x1skCbRJA3os=
13,-89,McG0xnqDZP5Aj9VUQUxChnfjLPs=,PWGqUIRSOVrQAQ3x1skCbRJA3os=
7,-89,McG0xnqDZP5Aj9VUQUxChnfjLPs=,PWGqUIRSOVrQAQ3x1skCbRJA3os=
2,-89,McG0xnqDZP5Aj9VUQUxChnfjLPs=,PWGqUIRSOVrQAQ3x1skCbRJA3os=
9,-96,McG0xnqDZP5Aj9VUQUxChnfjLPs=,PWGqUIRSOVrQAQ3x1skCbRJA3os=
1,-89,McG0xnqDZP5Aj9VUQUxChnfjLPs=,PWGqUIRSOVrQAQ3x1skCbRJA3os=
8,-89,McG0xnqDZP5Aj9VUQUxChnfjLPs=,PWGqUIRSOVrQAQ3x1skCbRJA3os=
14,-90,McG0xnqDZP5Aj9VUQUxChnfjLPs=,PWGqUIRSOVrQAQ3x1skCbRJA3os=
6,-89,McG0xnqDZP5Aj9VUQUxChnfjLPs=,PWGqUIRSOVrQAQ3x1skCbRJA3os=
10,-89,McG0xnqDZP5Aj9VUQUxChnfjLPs=,PWGqUIRSOVrQAQ3x1skCbRJA3os=
5,-94,McG0xnqDZP5Aj9VUQUxChnfjLPs=,PWGqUIRSOVrQAQ3x1skCbRJA3os=
12,-90,McG0xnqDZP5Aj9VUQUxChnfjLPs=,PWGqUIRSOVrQAQ3x1skCbRJA3os=
10,-90,McG0xnqDZP5Aj9VUQUxChnfjLPs=,PWGqUIRSOVrQAQ3x1skCbRJA3os=
4,-89,McG0xnqDZP5Aj9VUQUxChnfjLPs=,PWGqUIRSOVrQAQ3x1skCbRJA3os=
9,-90,McG0xnqDZP5Aj9VUQUxChnfjLPs=,PWGqUIRSOVrQAQ3x1skCbRJA3os=
8,-90,McG0xnqDZP5Aj9VUQUxChnfjLPs=,PWGqUIRSOVrQAQ3x1skCbRJA3os=
5,-90,McG0xnqDZP5Aj9VUQUxChnfjLPs=,PWGqUIRSOVrQAQ3x1skCbRJA3os=
6,-90,McG0xnqDZP5Aj9VUQUxChnfjLPs=,PWGqUIRSOVrQAQ3x1skCbRJA3os=
4,-90,McG0xnqDZP5Aj9VUQUxChnfjLPs=,PWGqUIRSOVrQAQ3x1skCbRJA3os=
2,-90,McG0xnqDZP5Aj9VUQUxChnfjLPs=,PWGqUIRSOVrQAQ3x1skCbRJA3os=
3,-90,McG0xnqDZP5Aj9VUQUxChnfjLPs=,PWGqUIRSOVrQAQ3x1skCbRJA3os=
14,-91,McG0xnqDZP5Aj9VUQUxChnfjLPs=,PWGqUIRSOVrQAQ3x1skCbRJA3os=
13,-91,McG0xnqDZP5Aj9VUQUxChnfjLPs=,PWGqUIRSOVrQAQ3x1skCbRJA3os=
15,-91,McG0xnqDZP5Aj9VUQUxChnfjLPs=,PWGqUIRSOVrQAQ3x1skCbRJA3os=
15,-90,McG0xnqDZP5Aj9VUQUxChnfjLPs=,PWGqUIRSOVrQAQ3x1skCbRJA3os=
1,-90,McG0xnqDZP5Aj9VUQUxChnfjLPs=,PWGqUIRSOVrQAQ3x1skCbRJA3os=
8,-96,McG0xnqDZP5Aj9VUQUxChnfjLPs=,PWGqUIRSOVrQAQ3x1skCbRJA3os=
0,-90,McG0xnqDZP5Aj9VUQUxChnfjLPs=,PWGqUIRSOVrQAQ3x1skCbRJA3os=
12,-91,McG0xnqDZP5Aj9VUQUxChnfjLPs=,PWGqUIRSOVrQAQ3x1skCbRJA3os=
4,-94,McG0xnqDZP5Aj9VUQUxChnfjLPs=,PWGqUIRSOVrQAQ3x1skCbRJA3os=
11,-91,McG0xnqDZP5Aj9VUQUxChnfjLPs=,PWGqUIRSOVrQAQ3x1skCbRJA3os=
10,-91,McG0xnqDZP5Aj9VUQUxChnfjLPs=,PWGqUIRSOVrQAQ3x1skCbRJA3os=
7,-91,McG0xnqDZP5Aj9VUQUxChnfjLPs=,PWGqUIRSOVrQAQ3x1skCbRJA3os=
6,-91,McG0xnqDZP5Aj9VUQUxChnfjLPs=,PWGqUIRSOVrQAQ3x1skCbRJA3os=
9,-91,McG0xnqDZP5Aj9VUQUxChnfjLPs=,PWGqUIRSOVrQAQ3x1skCbRJA3os=
5,-91,McG0xnqDZP5Aj9VUQUxChnfjLPs=,PWGqUIRSOVrQAQ3x1skCbRJA3os=
8,-91,McG0xnqDZP5Aj9VUQUxChnfjLPs=,PWGqUIRSOVrQAQ3x1skCbRJA3os=
2,-91,McG0xnqDZP5Aj9VUQUxChnfjLPs=,PWGqUIRSOVrQAQ3x1skCbRJA3os=
3,-94,McG0xnqDZP5Aj9VUQUxChnfjLPs=,PWGqUIRSOVrQAQ3x1skCbRJA3os=
15,-92,McG0xnqDZP5Aj9VUQUxChnfjLPs=,PWGqUIRSOVrQAQ3x1skCbRJA3os=
1,-91,McG0xnqDZP5Aj9VUQUxChnfjLPs=,PWGqUIRSOVrQAQ3x1skCbRJA3os=
7,-96,McG0xnqDZP5Aj9VUQUxChnfjLPs=,PWGqUIRSOVrQAQ3x1skCbRJA3os=
3,-91,McG0xnqDZP5Aj9VUQUxChnfjLPs=,PWGqUIRSOVrQAQ3x1skCbRJA3os=
13,-92,McG0xnqDZP5Aj9VUQUxChnfjLPs=,PWGqUIRSOVrQAQ3x1skCbRJA3os=
3,-89,McG0xnqDZP5Aj9VUQUxChnfjLPs=,PWGqUIRSOVrQAQ3x1skCbRJA3os=
4,-91,McG0xnqDZP5Aj9VUQUxChnfjLPs=,PWGqUIRSOVrQAQ3x1skCbRJA3os=
11,-92,McG0xnqDZP5Aj9VUQUxChnfjLPs=,PWGqUIRSOVrQAQ3x1skCbRJA3os=
8,-92,McG0xnqDZP5Aj9VUQUxChnfjLPs=,PWGqUIRSOVrQAQ3x1skCbRJA3os=
12,-92,McG0xnqDZP5Aj9VUQUxChnfjLPs=,PWGqUIRSOVrQAQ3x1skCbRJA3os=
10,-92,McG0xnqDZP5Aj9VUQUxChnfjLPs=,PWGqUIRSOVrQAQ3x1skCbRJA3os=
0,-89,McG0xnqDZP5Aj9VUQUxChnfjLPs=,PWGqUIRSOVrQAQ3x1skCbRJA3os=
4,-92,McG0xnqDZP5Aj9VUQUxChnfjLPs=,PWGqUIRSOVrQAQ3x1skCbRJA3os=
9,-92,McG0xnqDZP5Aj9VUQUxChnfjLPs=,PWGqUIRSOVrQAQ3x1skCbRJA3os=
2,-92,McG0xnqDZP5Aj9VUQUxChnfjLPs=,PWGqUIRSOVrQAQ3x1skCbRJA3os=
1,-92,McG0xnqDZP5Aj9VUQUxChnfjLPs=,PWGqUIRSOVrQAQ3x1skCbRJA3os=
5,-89,McG0xnqDZP5Aj9VUQUxChnfjLPs=,PWGqUIRSOVrQAQ3x1skCbRJA3os=
15,-93,McG0xnqDZP5Aj9VUQUxChnfjLPs=,PWGqUIRSOVrQAQ3x1skCbRJA3os=
2,-94,McG0xnqDZP5Aj9VUQUxChnfjLPs=,PWGqUIRSOVrQAQ3x1skCbRJA3os=
14,-93,McG0xnqDZP5Aj9VUQUxChnfjLPs=,PWGqUIRSOVrQAQ3x1skCbRJA3os=
13,-93,McG0xnqDZP5Aj9VUQUxChnfjLPs=,PWGqUIRSOVrQAQ3x1skCbRJA3os=
1,-94,McG0xnqDZP5Aj9VUQUxChnfjLPs=,PWGqUIRSOVrQAQ3x1skCbRJA3os=
11,-90,McG0xnqDZP5Aj9VUQUxChnfjLPs=,PWGqUIRSOVrQAQ3x1skCbRJA3os=
0,-96,McG0xnqDZP5Aj9VUQUxChnfjLPs=,PWGqUIRSOVrQAQ3x1skCbRJA3os=
6,-92,McG0xnqDZP5Aj9VUQUxChnfjLPs=,PWGqUIRSOVrQAQ3x1skCbRJA3os=
10,-93,McG0xnqDZP5Aj9VUQUxChnfjLPs=,PWGqUIRSOVrQAQ3x1skCbRJA3os=
9,-93,McG0xnqDZP5Aj9VUQUxChnfjLPs=,PWGqUIRSOVrQAQ3x1skCbRJA3os=
7,-93,McG0xnqDZP5Aj9VUQUxChnfjLPs=,PWGqUIRSOVrQAQ3x1skCbRJA3os=
8,-93,McG0xnqDZP5Aj9VUQUxChnfjLPs=,PWGqUIRSOVrQAQ3x1skCbRJA3os=
11,-93,McG0xnqDZP5Aj9VUQUxChnfjLPs=,PWGqUIRSOVrQAQ3x1skCbRJA3os=
12,-93,McG0xnqDZP5Aj9VUQUxChnfjLPs=,PWGqUIRSOVrQAQ3x1skCbRJA3os=
6,-93,McG0xnqDZP5Aj9VUQUxChnfjLPs=,PWGqUIRSOVrQAQ3x1skCbRJA3os=
0,-93,McG0xnqDZP5Aj9VUQUxChnfjLPs=,PWGqUIRSOVrQAQ3x1skCbRJA3os=
2,-93,McG0xnqDZP5Aj9VUQUxChnfjLPs=,PWGqUIRSOVrQAQ3x1skCbRJA3os=
5,-93,McG0xnqDZP5Aj9VUQUxChnfjLPs=,PWGqUIRSOVrQAQ3x1skCbRJA3os=
4,-93,McG0xnqDZP5Aj9VUQUxChnfjLPs=,PWGqUIRSOVrQAQ3x1skCbRJA3os=
3,-93,McG0xnqDZP5Aj9VUQUxChnfjLPs=,PWGqUIRSOVrQAQ3x1skCbRJA3os=
0,-92,McG0xnqDZP5Aj9VUQUxChnfjLPs=,PWGqUIRSOVrQAQ3x1skCbRJA3os=
4,-96,McG0xnqDZP5Aj9VUQUxChnfjLPs=,PWGqUIRSOVrQAQ3x1skCbRJA3os=
0,-94,McG0xnqDZP5Aj9VUQUxChnfjLPs=,PWGqUIRSOVrQAQ3x1skCbRJA3os=
1,-93,McG0xnqDZP5Aj9VUQUxChnfjLPs=,PWGqUIRSOVrQAQ3x1skCbRJA3os=
7,-90,McG0xnqDZP5Aj9VUQUxChnfjLPs=,PWGqUIRSOVrQAQ3x1skCbRJA3os=
15,-94,McG0xnqDZP5Aj9VUQUxChnfjLPs=,PWGqUIRSOVrQAQ3x1skCbRJA3os=
0,-91,McG0xnqDZP5Aj9VUQUxChnfjLPs=,PWGqUIRSOVrQAQ3x1skCbRJA3os=
7,-92,McG0xnqDZP5Aj9VUQUxChnfjLPs=,PWGqUIRSOVrQAQ3x1skCbRJA3os=
13,-90,McG0xnqDZP5Aj9VUQUxChnfjLPs=,PWGqUIRSOVrQAQ3x1skCbRJA3os=
5,-92,McG0xnqDZP5Aj9VUQUxChnfjLPs=,PWGqUIRSOVrQAQ3x1skCbRJA3os=
14,-92,McG0xnqDZP5Aj9VUQUxChnfjLPs=,PWGqUIRSOVrQAQ3x1skCbRJA3os=
3,-92,McG0xnqDZP5Aj9VUQUxChnfjLPs=,PWGqUIRSOVrQAQ3x1skCbRJA3os=
5,-96,McG0xnqDZP5Aj9VUQUxChnfjLPs=,PWGqUIRSOVrQAQ3x1skCbRJA3os=
6,-96,McG0xnqDZP5Aj9VUQUxChnfjLPs=,PWGqUIRSOVrQAQ3x1skCbRJA3os=
