-35,-35,nQIa6T/zThrzCWcSF4lrVntf2p4=,tZNHiY1PohSWIMIXUE936RdI6ds=
-39,-37,nQIa6T/zThrzCWcSF4lrVntf2p4=,tZNHiY1PohSWIMIXUE936RdI6ds=
-38,-37,nQIa6T/zThrzCWcSF4lrVntf2p4=,tZNHiY1PohSWIMIXUE936RdI6ds=
-37,-39,nQIa6T/zThrzCWcSF4lrVntf2p4=,tZNHiY1PohSWIMIXUE936RdI6ds=
-37,-37,nQIa6T/zThrzCWcSF4lrVntf2p4=,tZNHiY1PohSWIMIXUE936RdI6ds=
-39,-36,nQIa6T/zThrzCWcSF4lrVntf2p4=,tZNHiY1PohSWIMIXUE936RdI6ds=
-34,-35,nQIa6T/zThrzCWcSF4lrVntf2p4=,tZNHiY1PohSWIMIXUE936RdI6ds=
-36,-37,nQIa6T/zThrzCWcSF4lrVntf2p4=,tZNHiY1PohSWIMIXUE936RdI6ds=
-36,-39,nQIa6T/zThrzCWcSF4lrVntf2p4=,tZNHiY1PohSWIMIXUE936RdI6ds=
-38,-36,nQIa6T/zThrzCWcSF4lrVntf2p4=,tZNHiY1PohSWIMIXUE936RdI6ds=
-39,-38,nQIa6T/zThrzCWcSF4lrVntf2p4=,tZNHiY1PohSWIMIXUE936RdI6ds=
-39,-39,nQIa6T/zThrzCWcSF4lrVntf2p4=,tZNHiY1PohSWIMIXUE936RdI6ds=
-38,-38,nQIa6T/zThrzCWcSF4lrVntf2p4=,tZNHiY1PohSWIMIXUE936RdI6ds=
-37,-38,nQIa6T/zThrzCWcSF4lrVntf2p4=,tZNHiY1PohSWIMIXUE936RdI6ds=
-36,-38,nQIa6T/zThrzCWcSF4lrVntf2p4=,tZNHiY1PohSWIMIXUE936RdI6ds=
-36,-35,nQIa6T/zThrzCWcSF4lrVntf2p4=,tZNHiY1PohSWIMIXUE936RdI6ds=
-37,-35,nQIa6T/zThrzCWcSF4lrVntf2p4=,tZNHiY1PohSWIMIXUE936RdI6ds=
-38,-35,nQIa6T/zThrzCWcSF4lrVntf2p4=,tZNHiY1PohSWIMIXUE936RdI6ds=
-39,-35,nQIa6T/zThrzCWcSF4lrVntf2p4=,tZNHiY1PohSWIMIXUE936RdI6ds=
-34,-36,nQIa6T/zThrzCWcSF4lrVntf2p4=,tZNHiY1PohSWIMIXUE936RdI6ds=
-34,-39,nQIa6T/zThrzCWcSF4lrVntf2p4=,tZNHiY1PohSWIMIXUE936RdI6ds=
-35,-36,nQIa6T/zThrzCWcSF4lrVntf2p4=,tZNHiY1PohSWIMIXUE936RdI6ds=
-38,-39,nQIa6T/zThrzCWcSF4lrVntf2p4=,tZNHiY1PohSWIMIXUE936RdI6ds=
-34,-34,nQIa6T/zThrzCWcSF4lrVntf2p4=,tZNHiY1PohSWIMIXUE936RdI6ds=
-35,-34,nQIa6T/zThrzCWcSF4lrVntf2p4=,tZNHiY1PohSWIMIXUE936RdI6ds=
-36,-36,nQIa6T/zThrzCWcSF4lrVntf2p4=,tZNHiY1PohSWIMIXUE936RdI6ds=
-35,-39,nQIa6T/zThrzCWcSF4lrVntf2p4=,tZNHiY1PohSWIMIXUE936RdI6ds=
-36,-34,nQIa6T/zThrzCWcSF4lrVntf2p4=,tZNHiY1PohSWIMIXUE936RdI6ds=
-37,-34,nQIa6T/zThrzCWcSF4lrVntf2p4=,tZNHiY1PohSWIMIXUE936RdI6ds=
-38,-34,nQIa6T/zThrzCWcSF4lrVntf2p4=,tZNHiY1PohSWIMIXUE936RdI6ds=
-39,-34,nQIa6T/zThrzCWcSF4lrVntf2p4=,tZNHiY1PohSWIMIXUE936RdI6ds=
-34,-38,nQIa6T/zThrzCWcSF4lrVntf2p4=,tZNHiY1PohSWIMIXUE936RdI6ds=
-37,-36,nQIa6T/zThrzCWcSF4lrVntf2p4=,tZNHiY1PohSWIMIXUE936RdI6ds=
-34,-37,nQIa6T/zThrzCWcSF4lrVntf2p4=,tZNHiY1PohSWIMIXUE936RdI6ds=
-35,-37,nQIa6T/zThrzCWcSF4lrVntf2p4=,tZNHiY1PohSWIMIXUE936RdI6ds=
-35,-38,nQIa6T/zThrzCWcSF4lrVntf2p4=,tZNHiY1PohSWIMIXUE936RdI6ds=
-36,-33,nQIa6T/zThrzCWcSF4lrVntf2p4=,tZNHiY1PohSWIMIXUE936RdI6ds=
-35,-33,nQIa6T/zThrzCWcSF4lrVntf2p4=,tZNHiY1PohSWIMIXUE936RdI6ds=
-34,-33,nQIa6T/zThrzCWcSF4lrVntf2p4=,tZNHiY1PohSWIMIXUE936RdI6ds=
-37,-33,nQIa6T/zThrzCWcSF4lrVntf2p4=,tZNHiY1PohSWIMIXUE936RdI6ds=
-38,-33,nQIa6T/zThrzCWcSF4lrVntf2p4=,tZNHiY1PohSWIMIXUE936RdI6ds=
-39,-33,nQIa6T/zThrzCWcSF4lrVntf2p4=,tZNHiY1PohSWIMIXUE936RdI6ds=
-33,-35,nQIa6T/zThrzCWcSF4lrVntf2p4=,tZNHiY1PohSWIMIXUE936RdI6ds=
-33,-38,nQIa6T/zThrzCWcSF4lrVntf2p4=,tZNHiY1PohSWIMIXUE936RdI6ds=
-33,-34,nQIa6T/zThrzCWcSF4lrVntf2p4=,tZNHiY1PohSWIMIXUE936RdI6ds=
-33,-37,nQIa6T/zThrzCWcSF4lrVntf2p4=,tZNHiY1PohSWIMIXUE936RdI6ds=
-33,-39,nQIa6T/zThrzCWcSF4lrVntf2p4=,tZNHiY1PohSWIMIXUE936RdI6ds=
-33,-36,nQIa6T/zThrzCWcSF4lrVntf2p4=,tZNHiY1PohSWIMIXUE936RdI6ds=
-33,-33,nQIa6T/zThrzCWcSF4lrVntf2p4=,tZNHiY1PohSWIMIXUE936RdI6ds=
-36,-43,nQIa6T/zThrzCWcSF4lrVntf2p4=,kLq3hEJUBnDW3Eg2+pMx0ynG+e0=
-36,-40,nQIa6T/zThrzCWcSF4lrVntf2p4=,tZNHiY1PohSWIMIXUE936RdI6ds=
-37,-43,nQIa6T/zThrzCWcSF4lrVntf2p4=,kLq3hEJUBnDW3Eg2+pMx0ynG+e0=
-38,-43,nQIa6T/zThrzCWcSF4lrVntf2p4=,kLq3hEJUBnDW3Eg2+pMx0ynG+e0=
-39,-43,nQIa6T/zThrzCWcSF4lrVntf2p4=,kLq3hEJUBnDW3Eg2+pMx0ynG+e0=
-33,-44,nQIa6T/zThrzCWcSF4lrVntf2p4=,kLq3hEJUBnDW3Eg2+pMx0ynG+e0=
-34,-44,Jl7TUbHBU1Ev1UB25GsGaVsdb6Q=,kLq3hEJUBnDW3Eg2+pMx0ynG+e0=
-37,-40,Jl7TUbHBU1Ev1UB25GsGaVsdb6Q=,tZNHiY1PohSWIMIXUE936RdI6ds=
-35,-44,Jl7TUbHBU1Ev1UB25GsGaVsdb6Q=,kLq3hEJUBnDW3Eg2+pMx0ynG+e0=
-36,-44,Jl7TUbHBU1Ev1UB25GsGaVsdb6Q=,kLq3hEJUBnDW3Eg2+pMx0ynG+e0=
-37,-44,Jl7TUbHBU1Ev1UB25GsGaVsdb6Q=,kLq3hEJUBnDW3Eg2+pMx0ynG+e0=
-38,-44,Jl7TUbHBU1Ev1UB25GsGaVsdb6Q=,kLq3hEJUBnDW3Eg2+pMx0ynG+e0=
-39,-44,Jl7TUbHBU1Ev1UB25GsGaVsdb6Q=,kLq3hEJUBnDW3Eg2+pMx0ynG+e0=
-38,-40,Jl7TUbHBU1Ev1UB25GsGaVsdb6Q=,tZNHiY1PohSWIMIXUE936RdI6ds=
-33,-45,Jl7TUbHBU1Ev1UB25GsGaVsdb6Q=,kLq3hEJUBnDW3Eg2+pMx0ynG+e0=
-34,-45,Jl7TUbHBU1Ev1UB25GsGaVsdb6Q=,kLq3hEJUBnDW3Eg2+pMx0ynG+e0=
-35,-45,Jl7TUbHBU1Ev1UB25GsGaVsdb6Q=,kLq3hEJUBnDW3Eg2+pMx0ynG+e0=
-36,-45,Jl7TUbHBU1Ev1UB25GsGaVsdb6Q=,kLq3hEJUBnDW3Eg2+pMx0ynG+e0=
-37,-45,Jl7TUbHBU1Ev1UB25GsGaVsdb6Q=,kLq3hEJUBnDW3Eg2+pMx0ynG+e0=
-38,-45,Jl7TUbHBU1Ev1UB25GsGaVsdb6Q=,kLq3hEJUBnDW3Eg2+pMx0ynG+e0=
-39,-45,Jl7TUbHBU1Ev1UB25GsGaVsdb6Q=,kLq3hEJUBnDW3Eg2+pMx0ynG+e0=
-33,-41,Jl7TUbHBU1Ev1UB25GsGaVsdb6Q=,kLq3hEJUBnDW3Eg2+pMx0ynG+e0=
-33,-46,Jl7TUbHBU1Ev1UB25GsGaVsdb6Q=,kLq3hEJUBnDW3Eg2+pMx0ynG+e0=
-34,-46,Jl7TUbHBU1Ev1UB25GsGaVsdb6Q=,kLq3hEJUBnDW3Eg2+pMx0ynG+e0=
-35,-46,Jl7TUbHBU1Ev1UB25GsGaVsdb6Q=,kLq3hEJUBnDW3Eg2+pMx0ynG+e0=
-34,-41,Jl7TUbHBU1Ev1UB25GsGaVsdb6Q=,kLq3hEJUBnDW3Eg2+pMx0ynG+e0=
-36,-46,Jl7TUbHBU1Ev1UB25GsGaVsdb6Q=,kLq3hEJUBnDW3Eg2+pMx0ynG+e0=
-35,-41,Jl7TUbHBU1Ev1UB25GsGaVsdb6Q=,kLq3hEJUBnDW3Eg2+pMx0ynG+e0=
-36,-41,Jl7TUbHBU1Ev1UB25GsGaVsdb6Q=,kLq3hEJUBnDW3Eg2+pMx0ynG+e0=
-37,-41,Jl7TUbHBU1Ev1UB25GsGaVsdb6Q=,kLq3hEJUBnDW3Eg2+pMx0ynG+e0=
-38,-41,Jl7TUbHBU1Ev1UB25GsGaVsdb6Q=,kLq3hEJUBnDW3Eg2+pMx0ynG+e0=
-39,-40,Jl7TUbHBU1Ev1UB25GsGaVsdb6Q=,tZNHiY1PohSWIMIXUE936RdI6ds=
-39,-41,Jl7TUbHBU1Ev1UB25GsGaVsdb6Q=,kLq3hEJUBnDW3Eg2+pMx0ynG+e0=
-37,-46,Jl7TUbHBU1Ev1UB25GsGaVsdb6Q=,kLq3hEJUBnDW3Eg2+pMx0ynG+e0=
-33,-42,Jl7TUbHBU1Ev1UB25GsGaVsdb6Q=,kLq3hEJUBnDW3Eg2+pMx0ynG+e0=
-38,-46,Jl7TUbHBU1Ev1UB25GsGaVsdb6Q=,kLq3hEJUBnDW3Eg2+pMx0ynG+e0=
-39,-46,Jl7TUbHBU1Ev1UB25GsGaVsdb6Q=,kLq3hEJUBnDW3Eg2+pMx0ynG+e0=
-34,-42,Jl7TUbHBU1Ev1UB25GsGaVsdb6Q=,kLq3hEJUBnDW3Eg2+pMx0ynG+e0=
-35,-42,Jl7TUbHBU1Ev1UB25GsGaVsdb6Q=,kLq3hEJUBnDW3Eg2+pMx0ynG+e0=
-33,-47,Jl7TUbHBU1Ev1UB25GsGaVsdb6Q=,kLq3hEJUBnDW3Eg2+pMx0ynG+e0=
-34,-47,Jl7TUbHBU1Ev1UB25GsGaVsdb6Q=,kLq3hEJUBnDW3Eg2+pMx0ynG+e0=
-36,-42,Jl7TUbHBU1Ev1UB25GsGaVsdb6Q=,kLq3hEJUBnDW3Eg2+pMx0ynG+e0=
-35,-47,Jl7TUbHBU1Ev1UB25GsGaVsdb6Q=,kLq3hEJUBnDW3Eg2+pMx0ynG+e0=
-36,-47,Jl7TUbHBU1Ev1UB25GsGaVsdb6Q=,kLq3hEJUBnDW3Eg2+pMx0ynG+e0=
-37,-47,Jl7TUbHBU1Ev1UB25GsGaVsdb6Q=,kLq3hEJUBnDW3Eg2+pMx0ynG+e0=
-37,-42,Jl7TUbHBU1Ev1UB25GsGaVsdb6Q=,kLq3hEJUBnDW3Eg2+pMx0ynG+e0=
-38,-42,Jl7TUbHBU1Ev1UB25GsGaVsdb6Q=,kLq3hEJUBnDW3Eg2+pMx0ynG+e0=
-39,-42,Jl7TUbHBU1Ev1UB25GsGaVsdb6Q=,kLq3hEJUBnDW3Eg2+pMx0ynG+e0=
-33,-48,Jl7TUbHBU1Ev1UB25GsGaVsdb6Q=,kLq3hEJUBnDW3Eg2+pMx0ynG+e0=
-34,-48,Jl7TUbHBU1Ev1UB25GsGaVsdb6Q=,kLq3hEJUBnDW3Eg2+pMx0ynG+e0=
-38,-47,Jl7TUbHBU1Ev1UB25GsGaVsdb6Q=,kLq3hEJUBnDW3Eg2+pMx0ynG+e0=
-33,-43,Jl7TUbHBU1Ev1UB25GsGaVsdb6Q=,kLq3hEJUBnDW3Eg2+pMx0ynG+e0=
-39,-47,Jl7TUbHBU1Ev1UB25GsGaVsdb6Q=,kLq3hEJUBnDW3Eg2+pMx0ynG+e0=
-35,-48,Jl7TUbHBU1Ev1UB25GsGaVsdb6Q=,kLq3hEJUBnDW3Eg2+pMx0ynG+e0=
-36,-48,Jl7TUbHBU1Ev1UB25GsGaVsdb6Q=,kLq3hEJUBnDW3Eg2+pMx0ynG+e0=
-38,-48,Jl7TUbHBU1Ev1UB25GsGaVsdb6Q=,kLq3hEJUBnDW3Eg2+pMx0ynG+e0=
-37,-48,Jl7TUbHBU1Ev1UB25GsGaVsdb6Q=,kLq3hEJUBnDW3Eg2+pMx0ynG+e0=
-39,-48,Jl7TUbHBU1Ev1UB25GsGaVsdb6Q=,kLq3hEJUBnDW3Eg2+pMx0ynG+e0=
-35,-40,Jl7TUbHBU1Ev1UB25GsGaVsdb6Q=,tZNHiY1PohSWIMIXUE936RdI6ds=
-34,-43,Jl7TUbHBU1Ev1UB25GsGaVsdb6Q=,kLq3hEJUBnDW3Eg2+pMx0ynG+e0=
-34,-40,Jl7TUbHBU1Ev1UB25GsGaVsdb6Q=,tZNHiY1PohSWIMIXUE936RdI6ds=
-33,-40,Jl7TUbHBU1Ev1UB25GsGaVsdb6Q=,tZNHiY1PohSWIMIXUE936RdI6ds=
-35,-43,Jl7TUbHBU1Ev1UB25GsGaVsdb6Q=,kLq3hEJUBnDW3Eg2+pMx0ynG+e0=
-44,-37,Jl7TUbHBU1Ev1UB25GsGaVsdb6Q=,TLIf7I+PNXVZNIBEzj9J5t6CYuM=
-43,-37,Jl7TUbHBU1Ev1UB25GsGaVsdb6Q=,TLIf7I+PNXVZNIBEzj9J5t6CYuM=
-42,-37,Jl7TUbHBU1Ev1UB25GsGaVsdb6Q=,TLIf7I+PNXVZNIBEzj9J5t6CYuM=
-45,-37,Jl7TUbHBU1Ev1UB25GsGaVsdb6Q=,TLIf7I+PNXVZNIBEzj9J5t6CYuM=
-41,-33,Jl7TUbHBU1Ev1UB25GsGaVsdb6Q=,TLIf7I+PNXVZNIBEzj9J5t6CYuM=
-42,-33,Jl7TUbHBU1Ev1UB25GsGaVsdb6Q=,TLIf7I+PNXVZNIBEzj9J5t6CYuM=
-43,-33,Jl7TUbHBU1Ev1UB25GsGaVsdb6Q=,TLIf7I+PNXVZNIBEzj9J5t6CYuM=
-46,-37,Jl7TUbHBU1Ev1UB25GsGaVsdb6Q=,TLIf7I+PNXVZNIBEzj9J5t6CYuM=
-48,-37,Jl7TUbHBU1Ev1UB25GsGaVsdb6Q=,TLIf7I+PNXVZNIBEzj9J5t6CYuM=
-41,-38,Jl7TUbHBU1Ev1UB25GsGaVsdb6Q=,TLIf7I+PNXVZNIBEzj9J5t6CYuM=
-42,-38,Jl7TUbHBU1Ev1UB25GsGaVsdb6Q=,TLIf7I+PNXVZNIBEzj9J5t6CYuM=
-40,-38,Jl7TUbHBU1Ev1UB25GsGaVsdb6Q=,tZNHiY1PohSWIMIXUE936RdI6ds=
-47,-37,Jl7TUbHBU1Ev1UB25GsGaVsdb6Q=,TLIf7I+PNXVZNIBEzj9J5t6CYuM=
-43,-38,Jl7TUbHBU1Ev1UB25GsGaVsdb6Q=,TLIf7I+PNXVZNIBEzj9J5t6CYuM=
-44,-33,Jl7TUbHBU1Ev1UB25GsGaVsdb6Q=,TLIf7I+PNXVZNIBEzj9J5t6CYuM=
-40,-36,Jl7TUbHBU1Ev1UB25GsGaVsdb6Q=,tZNHiY1PohSWIMIXUE936RdI6ds=
-40,-35,Jl7TUbHBU1Ev1UB25GsGaVsdb6Q=,tZNHiY1PohSWIMIXUE936RdI6ds=
-47,-33,Jl7TUbHBU1Ev1UB25GsGaVsdb6Q=,TLIf7I+PNXVZNIBEzj9J5t6CYuM=
-48,-33,Jl7TUbHBU1Ev1UB25GsGaVsdb6Q=,TLIf7I+PNXVZNIBEzj9J5t6CYuM=
-41,-34,Jl7TUbHBU1Ev1UB25GsGaVsdb6Q=,TLIf7I+PNXVZNIBEzj9J5t6CYuM=
-42,-34,Jl7TUbHBU1Ev1UB25GsGaVsdb6Q=,TLIf7I+PNXVZNIBEzj9J5t6CYuM=
-45,-33,Jl7TUbHBU1Ev1UB25GsGaVsdb6Q=,TLIf7I+PNXVZNIBEzj9J5t6CYuM=
-40,-37,Jl7TUbHBU1Ev1UB25GsGaVsdb6Q=,tZNHiY1PohSWIMIXUE936RdI6ds=
-44,-38,Jl7TUbHBU1Ev1UB25GsGaVsdb6Q=,TLIf7I+PNXVZNIBEzj9J5t6CYuM=
-43,-34,Jl7TUbHBU1Ev1UB25GsGaVsdb6Q=,TLIf7I+PNXVZNIBEzj9J5t6CYuM=
-46,-33,Jl7TUbHBU1Ev1UB25GsGaVsdb6Q=,TLIf7I+PNXVZNIBEzj9J5t6CYuM=
-45,-38,Jl7TUbHBU1Ev1UB25GsGaVsdb6Q=,TLIf7I+PNXVZNIBEzj9J5t6CYuM=
-46,-38,Jl7TUbHBU1Ev1UB25GsGaVsdb6Q=,TLIf7I+PNXVZNIBEzj9J5t6CYuM=
-44,-34,Jl7TUbHBU1Ev1UB25GsGaVsdb6Q=,TLIf7I+PNXVZNIBEzj9J5t6CYuM=
-47,-38,Jl7TUbHBU1Ev1UB25GsGaVsdb6Q=,TLIf7I+PNXVZNIBEzj9J5t6CYuM=
-48,-38,Jl7TUbHBU1Ev1UB25GsGaVsdb6Q=,TLIf7I+PNXVZNIBEzj9J5t6CYuM=
-41,-39,Jl7TUbHBU1Ev1UB25GsGaVsdb6Q=,TLIf7I+PNXVZNIBEzj9J5t6CYuM=
-45,-34,Jl7TUbHBU1Ev1UB25GsGaVsdb6Q=,TLIf7I+PNXVZNIBEzj9J5t6CYuM=
-42,-39,Jl7TUbHBU1Ev1UB25GsGaVsdb6Q=,TLIf7I+PNXVZNIBEzj9J5t6CYuM=
-46,-34,Jl7TUbHBU1Ev1UB25GsGaVsdb6Q=,TLIf7I+PNXVZNIBEzj9J5t6CYuM=
-43,-39,Jl7TUbHBU1Ev1UB25GsGaVsdb6Q=,TLIf7I+PNXVZNIBEzj9J5t6CYuM=
-48,-34,Jl7TUbHBU1Ev1UB25GsGaVsdb6Q=,TLIf7I+PNXVZNIBEzj9J5t6CYuM=
-47,-34,Jl7TUbHBU1Ev1UB25GsGaVsdb6Q=,TLIf7I+PNXVZNIBEzj9J5t6CYuM=
-41,-35,Jl7TUbHBU1Ev1UB25GsGaVsdb6Q=,TLIf7I+PNXVZNIBEzj9J5t6CYuM=
-42,-35,Jl7TUbHBU1Ev1UB25GsGaVsdb6Q=,TLIf7I+PNXVZNIBEzj9J5t6CYuM=
-43,-35,Jl7TUbHBU1Ev1UB25GsGaVsdb6Q=,TLIf7I+PNXVZNIBEzj9J5t6CYuM=
-44,-39,Jl7TUbHBU1Ev1UB25GsGaVsdb6Q=,TLIf7I+PNXVZNIBEzj9J5t6CYuM=
-45,-39,Jl7TUbHBU1Ev1UB25GsGaVsdb6Q=,TLIf7I+PNXVZNIBEzj9J5t6CYuM=
-47,-39,Jl7TUbHBU1Ev1UB25GsGaVsdb6Q=,TLIf7I+PNXVZNIBEzj9J5t6CYuM=
-48,-39,Jl7TUbHBU1Ev1UB25GsGaVsdb6Q=,TLIf7I+PNXVZNIBEzj9J5t6CYuM=
-44,-35,Jl7TUbHBU1Ev1UB25GsGaVsdb6Q=,TLIf7I+PNXVZNIBEzj9J5t6CYuM=
-46,-39,Jl7TUbHBU1Ev1UB25GsGaVsdb6Q=,TLIf7I+PNXVZNIBEzj9J5t6CYuM=
-48,-35,Jl7TUbHBU1Ev1UB25GsGaVsdb6Q=,TLIf7I+PNXVZNIBEzj9J5t6CYuM=
-41,-36,Jl7TUbHBU1Ev1UB25GsGaVsdb6Q=,TLIf7I+PNXVZNIBEzj9J5t6CYuM=
-42,-36,Jl7TUbHBU1Ev1UB25GsGaVsdb6Q=,TLIf7I+PNXVZNIBEzj9J5t6CYuM=
-40,-33,Jl7TUbHBU1Ev1UB25GsGaVsdb6Q=,tZNHiY1PohSWIMIXUE936RdI6ds=
-43,-36,Jl7TUbHBU1Ev1UB25GsGaVsdb6Q=,TLIf7I+PNXVZNIBEzj9J5t6CYuM=
-44,-36,Jl7TUbHBU1Ev1UB25GsGaVsdb6Q=,TLIf7I+PNXVZNIBEzj9J5t6CYuM=
-45,-35,Jl7TUbHBU1Ev1UB25GsGaVsdb6Q=,TLIf7I+PNXVZNIBEzj9J5t6CYuM=
-47,-35,Jl7TUbHBU1Ev1UB25GsGaVsdb6Q=,TLIf7I+PNXVZNIBEzj9J5t6CYuM=
-46,-35,Jl7TUbHBU1Ev1UB25GsGaVsdb6Q=,TLIf7I+PNXVZNIBEzj9J5t6CYuM=
-45,-36,Jl7TUbHBU1Ev1UB25GsGaVsdb6Q=,TLIf7I+PNXVZNIBEzj9J5t6CYuM=
-40,-34,Jl7TUbHBU1Ev1UB25GsGaVsdb6Q=,tZNHiY1PohSWIMIXUE936RdI6ds=
-48,-36,Jl7TUbHBU1Ev1UB25GsGaVsdb6Q=,TLIf7I+PNXVZNIBEzj9J5t6CYuM=
-41,-37,Jl7TUbHBU1Ev1UB25GsGaVsdb6Q=,TLIf7I+PNXVZNIBEzj9J5t6CYuM=
-40,-39,Jl7TUbHBU1Ev1UB25GsGaVsdb6Q=,tZNHiY1PohSWIMIXUE936RdI6ds=
-46,-36,Jl7TUbHBU1Ev1UB25GsGaVsdb6Q=,TLIf7I+PNXVZNIBEzj9J5t6CYuM=
-47,-36,Jl7TUbHBU1Ev1UB25GsGaVsdb6Q=,TLIf7I+PNXVZNIBEzj9J5t6CYuM=
-40,-43,Jl7TUbHBU1Ev1UB25GsGaVsdb6Q=,kLq3hEJUBnDW3Eg2+pMx0ynG+e0=
-41,-41,Jl7TUbHBU1Ev1UB25GsGaVsdb6Q=,Jr6O15lKigdtfmelmEu8mSGEVrs=
-46,-45,Jl7TUbHBU1Ev1UB25GsGaVsdb6Q=,Jr6O15lKigdtfmelmEu8mSGEVrs=
-46,-41,Jl7TUbHBU1Ev1UB25GsGaVsdb6Q=,Jr6O15lKigdtfmelmEu8mSGEVrs=
-47,-41,Jl7TUbHBU1Ev1UB25GsGaVsdb6Q=,Jr6O15lKigdtfmelmEu8mSGEVrs=
-48,-41,Jl7TUbHBU1Ev1UB25GsGaVsdb6Q=,Jr6O15lKigdtfmelmEu8mSGEVrs=
-47,-45,Jl7TUbHBU1Ev1UB25GsGaVsdb6Q=,Jr6O15lKigdtfmelmEu8mSGEVrs=
-48,-45,Jl7TUbHBU1Ev1UB25GsGaVsdb6Q=,Jr6O15lKigdtfmelmEu8mSGEVrs=
-47,-46,Jl7TUbHBU1Ev1UB25GsGaVsdb6Q=,Jr6O15lKigdtfmelmEu8mSGEVrs=
-46,-46,Jl7TUbHBU1Ev1UB25GsGaVsdb6Q=,Jr6O15lKigdtfmelmEu8mSGEVrs=
-42,-41,Jl7TUbHBU1Ev1UB25GsGaVsdb6Q=,Jr6O15lKigdtfmelmEu8mSGEVrs=
-48,-46,Jl7TUbHBU1Ev1UB25GsGaVsdb6Q=,Jr6O15lKigdtfmelmEu8mSGEVrs=
-46,-42,Jl7TUbHBU1Ev1UB25GsGaVsdb6Q=,Jr6O15lKigdtfmelmEu8mSGEVrs=
-47,-42,Jl7TUbHBU1Ev1UB25GsGaVsdb6Q=,Jr6O15lKigdtfmelmEu8mSGEVrs=
-45,-41,Jl7TUbHBU1Ev1UB25GsGaVsdb6Q=,Jr6O15lKigdtfmelmEu8mSGEVrs=
-45,-42,Jl7TUbHBU1Ev1UB25GsGaVsdb6Q=,Jr6O15lKigdtfmelmEu8mSGEVrs=
-42,-47,Jl7TUbHBU1Ev1UB25GsGaVsdb6Q=,Jr6O15lKigdtfmelmEu8mSGEVrs=
-48,-42,Jl7TUbHBU1Ev1UB25GsGaVsdb6Q=,Jr6O15lKigdtfmelmEu8mSGEVrs=
-41,-42,Jl7TUbHBU1Ev1UB25GsGaVsdb6Q=,Jr6O15lKigdtfmelmEu8mSGEVrs=
-43,-47,Jl7TUbHBU1Ev1UB25GsGaVsdb6Q=,Jr6O15lKigdtfmelmEu8mSGEVrs=
-42,-40,Jl7TUbHBU1Ev1UB25GsGaVsdb6Q=,TLIf7I+PNXVZNIBEzj9J5t6CYuM=
-41,-40,Jl7TUbHBU1Ev1UB25GsGaVsdb6Q=,TLIf7I+PNXVZNIBEzj9J5t6CYuM=
-43,-41,Jl7TUbHBU1Ev1UB25GsGaVsdb6Q=,Jr6O15lKigdtfmelmEu8mSGEVrs=
-44,-42,Jl7TUbHBU1Ev1UB25GsGaVsdb6Q=,Jr6O15lKigdtfmelmEu8mSGEVrs=
-45,-45,Jl7TUbHBU1Ev1UB25GsGaVsdb6Q=,Jr6O15lKigdtfmelmEu8mSGEVrs=
-41,-46,Jl7TUbHBU1Ev1UB25GsGaVsdb6Q=,Jr6O15lKigdtfmelmEu8mSGEVrs=
-44,-45,Jl7TUbHBU1Ev1UB25GsGaVsdb6Q=,Jr6O15lKigdtfmelmEu8mSGEVrs=
-44,-41,Jl7TUbHBU1Ev1UB25GsGaVsdb6Q=,Jr6O15lKigdtfmelmEu8mSGEVrs=
-44,-47,Jl7TUbHBU1Ev1UB25GsGaVsdb6Q=,Jr6O15lKigdtfmelmEu8mSGEVrs=
-41,-47,Jl7TUbHBU1Ev1UB25GsGaVsdb6Q=,Jr6O15lKigdtfmelmEu8mSGEVrs=
-46,-40,Jl7TUbHBU1Ev1UB25GsGaVsdb6Q=,TLIf7I+PNXVZNIBEzj9J5t6CYuM=
-47,-40,Jl7TUbHBU1Ev1UB25GsGaVsdb6Q=,TLIf7I+PNXVZNIBEzj9J5t6CYuM=
-42,-46,Jl7TUbHBU1Ev1UB25GsGaVsdb6Q=,Jr6O15lKigdtfmelmEu8mSGEVrs=
-45,-46,Jl7TUbHBU1Ev1UB25GsGaVsdb6Q=,Jr6O15lKigdtfmelmEu8mSGEVrs=
-43,-46,Jl7TUbHBU1Ev1UB25GsGaVsdb6Q=,Jr6O15lKigdtfmelmEu8mSGEVrs=
-44,-46,Jl7TUbHBU1Ev1UB25GsGaVsdb6Q=,Jr6O15lKigdtfmelmEu8mSGEVrs=
-45,-47,Jl7TUbHBU1Ev1UB25GsGaVsdb6Q=,Jr6O15lKigdtfmelmEu8mSGEVrs=
-48,-40,Jl7TUbHBU1Ev1UB25GsGaVsdb6Q=,TLIf7I+PNXVZNIBEzj9J5t6CYuM=
-40,-44,Jl7TUbHBU1Ev1UB25GsGaVsdb6Q=,kLq3hEJUBnDW3Eg2+pMx0ynG+e0=
-43,-42,Jl7TUbHBU1Ev1UB25GsGaVsdb6Q=,Jr6O15lKigdtfmelmEu8mSGEVrs=
-42,-42,Jl7TUbHBU1Ev1UB25GsGaVsdb6Q=,Jr6O15lKigdtfmelmEu8mSGEVrs=
-42,-48,Jl7TUbHBU1Ev1UB25GsGaVsdb6Q=,Jr6O15lKigdtfmelmEu8mSGEVrs=
-46,-47,Jl7TUbHBU1Ev1UB25GsGaVsdb6Q=,Jr6O15lKigdtfmelmEu8mSGEVrs=
-45,-40,Jl7TUbHBU1Ev1UB25GsGaVsdb6Q=,TLIf7I+PNXVZNIBEzj9J5t6CYuM=
-44,-43,Jl7TUbHBU1Ev1UB25GsGaVsdb6Q=,Jr6O15lKigdtfmelmEu8mSGEVrs=
-46,-43,Jl7TUbHBU1Ev1UB25GsGaVsdb6Q=,Jr6O15lKigdtfmelmEu8mSGEVrs=
-47,-43,Jl7TUbHBU1Ev1UB25GsGaVsdb6Q=,Jr6O15lKigdtfmelmEu8mSGEVrs=
-48,-43,Jl7TUbHBU1Ev1UB25GsGaVsdb6Q=,Jr6O15lKigdtfmelmEu8mSGEVrs=
-45,-43,Jl7TUbHBU1Ev1UB25GsGaVsdb6Q=,Jr6O15lKigdtfmelmEu8mSGEVrs=
-41,-48,Jl7TUbHBU1Ev1UB25GsGaVsdb6Q=,Jr6O15lKigdtfmelmEu8mSGEVrs=
-40,-41,Jl7TUbHBU1Ev1UB25GsGaVsdb6Q=,kLq3hEJUBnDW3Eg2+pMx0ynG+e0=
-43,-43,Jl7TUbHBU1Ev1UB25GsGaVsdb6Q=,Jr6O15lKigdtfmelmEu8mSGEVrs=
-45,-48,Jl7TUbHBU1Ev1UB25GsGaVsdb6Q=,Jr6O15lKigdtfmelmEu8mSGEVrs=
-41,-43,Jl7TUbHBU1Ev1UB25GsGaVsdb6Q=,Jr6O15lKigdtfmelmEu8mSGEVrs=
-47,-47,Jl7TUbHBU1Ev1UB25GsGaVsdb6Q=,Jr6O15lKigdtfmelmEu8mSGEVrs=
-44,-40,Jl7TUbHBU1Ev1UB25GsGaVsdb6Q=,TLIf7I+PNXVZNIBEzj9J5t6CYuM=
-48,-48,Jl7TUbHBU1Ev1UB25GsGaVsdb6Q=,Jr6O15lKigdtfmelmEu8mSGEVrs=
-43,-48,Jl7TUbHBU1Ev1UB25GsGaVsdb6Q=,Jr6O15lKigdtfmelmEu8mSGEVrs=
-47,-44,Jl7TUbHBU1Ev1UB25GsGaVsdb6Q=,Jr6O15lKigdtfmelmEu8mSGEVrs=
-43,-45,Jl7TUbHBU1Ev1UB25GsGaVsdb6Q=,Jr6O15lKigdtfmelmEu8mSGEVrs=
-42,-43,Jl7TUbHBU1Ev1UB25GsGaVsdb6Q=,Jr6O15lKigdtfmelmEu8mSGEVrs=
-40,-42,Jl7TUbHBU1Ev1UB25GsGaVsdb6Q=,kLq3hEJUBnDW3Eg2+pMx0ynG+e0=
-41,-44,Jl7TUbHBU1Ev1UB25GsGaVsdb6Q=,Jr6O15lKigdtfmelmEu8mSGEVrs=
-48,-44,Jl7TUbHBU1Ev1UB25GsGaVsdb6Q=,Jr6O15lKigdtfmelmEu8mSGEVrs=
-46,-44,Jl7TUbHBU1Ev1UB25GsGaVsdb6Q=,Jr6O15lKigdtfmelmEu8mSGEVrs=
-48,-47,Jl7TUbHBU1Ev1UB25GsGaVsdb6Q=,Jr6O15lKigdtfmelmEu8mSGEVrs=
-45,-44,Jl7TUbHBU1Ev1UB25GsGaVsdb6Q=,Jr6O15lKigdtfmelmEu8mSGEVrs=
-44,-48,Jl7TUbHBU1Ev1UB25GsGaVsdb6Q=,Jr6O15lKigdtfmelmEu8mSGEVrs=
-40,-40,Jl7TUbHBU1Ev1UB25GsGaVsdb6Q=,tZNHiY1PohSWIMIXUE936RdI6ds=
-47,-48,Jl7TUbHBU1Ev1UB25GsGaVsdb6Q=,Jr6O15lKigdtfmelmEu8mSGEVrs=
-40,-45,Jl7TUbHBU1Ev1UB25GsGaVsdb6Q=,kLq3hEJUBnDW3Eg2+pMx0ynG+e0=
-46,-48,Jl7TUbHBU1Ev1UB25GsGaVsdb6Q=,Jr6O15lKigdtfmelmEu8mSGEVrs=
-42,-44,Jl7TUbHBU1Ev1UB25GsGaVsdb6Q=,Jr6O15lKigdtfmelmEu8mSGEVrs=
-40,-46,Jl7TUbHBU1Ev1UB25GsGaVsdb6Q=,kLq3hEJUBnDW3Eg2+pMx0ynG+e0=
-42,-45,Jl7TUbHBU1Ev1UB25GsGaVsdb6Q=,Jr6O15lKigdtfmelmEu8mSGEVrs=
-43,-44,Jl7TUbHBU1Ev1UB25GsGaVsdb6Q=,Jr6O15lKigdtfmelmEu8mSGEVrs=
-40,-48,Jl7TUbHBU1Ev1UB25GsGaVsdb6Q=,kLq3hEJUBnDW3Eg2+pMx0ynG+e0=
-44,-44,Jl7TUbHBU1Ev1UB25GsGaVsdb6Q=,Jr6O15lKigdtfmelmEu8mSGEVrs=
-40,-47,Jl7TUbHBU1Ev1UB25GsGaVsdb6Q=,kLq3hEJUBnDW3Eg2+pMx0ynG+e0=
-41,-45,Jl7TUbHBU1Ev1UB25GsGaVsdb6Q=,Jr6O15lKigdtfmelmEu8mSGEVrs=
-43,-40,Jl7TUbHBU1Ev1UB25GsGaVsdb6Q=,TLIf7I+PNXVZNIBEzj9J5t6CYuM=
-39,-63,Jl7TUbHBU1Ev1UB25GsGaVsdb6Q=,5hyF5ynoWn5/emp0MAFcmL43zzM=
-38,-63,Jl7TUbHBU1Ev1UB25GsGaVsdb6Q=,5hyF5ynoWn5/emp0MAFcmL43zzM=
-44,-59,Jl7TUbHBU1Ev1UB25GsGaVsdb6Q=,imfPzkRiea2WJX3cDdQvxv+Bwlg=
-43,-59,Jl7TUbHBU1Ev1UB25GsGaVsdb6Q=,imfPzkRiea2WJX3cDdQvxv+Bwlg=
-42,-59,Jl7TUbHBU1Ev1UB25GsGaVsdb6Q=,imfPzkRiea2WJX3cDdQvxv+Bwlg=
-41,-59,Jl7TUbHBU1Ev1UB25GsGaVsdb6Q=,imfPzkRiea2WJX3cDdQvxv+Bwlg=
-47,-58,Jl7TUbHBU1Ev1UB25GsGaVsdb6Q=,imfPzkRiea2WJX3cDdQvxv+Bwlg=
-46,-58,Jl7TUbHBU1Ev1UB25GsGaVsdb6Q=,imfPzkRiea2WJX3cDdQvxv+Bwlg=
-45,-58,Jl7TUbHBU1Ev1UB25GsGaVsdb6Q=,imfPzkRiea2WJX3cDdQvxv+Bwlg=
-44,-58,Jl7TUbHBU1Ev1UB25GsGaVsdb6Q=,imfPzkRiea2WJX3cDdQvxv+Bwlg=
-43,-58,Jl7TUbHBU1Ev1UB25GsGaVsdb6Q=,imfPzkRiea2WJX3cDdQvxv+Bwlg=
-42,-58,Jl7TUbHBU1Ev1UB25GsGaVsdb6Q=,imfPzkRiea2WJX3cDdQvxv+Bwlg=
-40,-63,Jl7TUbHBU1Ev1UB25GsGaVsdb6Q=,5hyF5ynoWn5/emp0MAFcmL43zzM=
-41,-58,Jl7TUbHBU1Ev1UB25GsGaVsdb6Q=,imfPzkRiea2WJX3cDdQvxv+Bwlg=
-40,-62,Jl7TUbHBU1Ev1UB25GsGaVsdb6Q=,5hyF5ynoWn5/emp0MAFcmL43zzM=
-40,-61,Jl7TUbHBU1Ev1UB25GsGaVsdb6Q=,5hyF5ynoWn5/emp0MAFcmL43zzM=
-47,-63,Jl7TUbHBU1Ev1UB25GsGaVsdb6Q=,imfPzkRiea2WJX3cDdQvxv+Bwlg=
-46,-63,Jl7TUbHBU1Ev1UB25GsGaVsdb6Q=,imfPzkRiea2WJX3cDdQvxv+Bwlg=
-45,-63,Jl7TUbHBU1Ev1UB25GsGaVsdb6Q=,imfPzkRiea2WJX3cDdQvxv+Bwlg=
-44,-63,Jl7TUbHBU1Ev1UB25GsGaVsdb6Q=,imfPzkRiea2WJX3cDdQvxv+Bwlg=
-43,-63,Jl7TUbHBU1Ev1UB25GsGaVsdb6Q=,imfPzkRiea2WJX3cDdQvxv+Bwlg=
-42,-63,Jl7TUbHBU1Ev1UB25GsGaVsdb6Q=,imfPzkRiea2WJX3cDdQvxv+Bwlg=
-41,-63,Jl7TUbHBU1Ev1UB25GsGaVsdb6Q=,imfPzkRiea2WJX3cDdQvxv+Bwlg=
-40,-60,Jl7TUbHBU1Ev1UB25GsGaVsdb6Q=,5hyF5ynoWn5/emp0MAFcmL43zzM=
-47,-62,Jl7TUbHBU1Ev1UB25GsGaVsdb6Q=,imfPzkRiea2WJX3cDdQvxv+Bwlg=
-46,-62,Jl7TUbHBU1Ev1UB25GsGaVsdb6Q=,imfPzkRiea2WJX3cDdQvxv+Bwlg=
-45,-62,Jl7TUbHBU1Ev1UB25GsGaVsdb6Q=,imfPzkRiea2WJX3cDdQvxv+Bwlg=
-44,-62,Jl7TUbHBU1Ev1UB25GsGaVsdb6Q=,imfPzkRiea2WJX3cDdQvxv+Bwlg=
-43,-62,Jl7TUbHBU1Ev1UB25GsGaVsdb6Q=,imfPzkRiea2WJX3cDdQvxv+Bwlg=
-42,-62,Jl7TUbHBU1Ev1UB25GsGaVsdb6Q=,imfPzkRiea2WJX3cDdQvxv+Bwlg=
-41,-62,Jl7TUbHBU1Ev1UB25GsGaVsdb6Q=,imfPzkRiea2WJX3cDdQvxv+Bwlg=
-40,-59,Jl7TUbHBU1Ev1UB25GsGaVsdb6Q=,5hyF5ynoWn5/emp0MAFcmL43zzM=
-47,-61,Jl7TUbHBU1Ev1UB25GsGaVsdb6Q=,imfPzkRiea2WJX3cDdQvxv+Bwlg=
-46,-61,Jl7TUbHBU1Ev1UB25GsGaVsdb6Q=,imfPzkRiea2WJX3cDdQvxv+Bwlg=
-45,-61,Jl7TUbHBU1Ev1UB25GsGaVsdb6Q=,imfPzkRiea2WJX3cDdQvxv+Bwlg=
-44,-61,Jl7TUbHBU1Ev1UB25GsGaVsdb6Q=,imfPzkRiea2WJX3cDdQvxv+Bwlg=
-43,-61,Jl7TUbHBU1Ev1UB25GsGaVsdb6Q=,imfPzkRiea2WJX3cDdQvxv+Bwlg=
-42,-61,Jl7TUbHBU1Ev1UB25GsGaVsdb6Q=,imfPzkRiea2WJX3cDdQvxv+Bwlg=
-41,-61,Jl7TUbHBU1Ev1UB25GsGaVsdb6Q=,imfPzkRiea2WJX3cDdQvxv+Bwlg=
-47,-60,Jl7TUbHBU1Ev1UB25GsGaVsdb6Q=,imfPzkRiea2WJX3cDdQvxv+Bwlg=
-46,-60,Jl7TUbHBU1Ev1UB25GsGaVsdb6Q=,imfPzkRiea2WJX3cDdQvxv+Bwlg=
-40,-58,Jl7TUbHBU1Ev1UB25GsGaVsdb6Q=,5hyF5ynoWn5/emp0MAFcmL43zzM=
-45,-60,Jl7TUbHBU1Ev1UB25GsGaVsdb6Q=,imfPzkRiea2WJX3cDdQvxv+Bwlg=
-44,-60,Jl7TUbHBU1Ev1UB25GsGaVsdb6Q=,imfPzkRiea2WJX3cDdQvxv+Bwlg=
-43,-60,Jl7TUbHBU1Ev1UB25GsGaVsdb6Q=,imfPzkRiea2WJX3cDdQvxv+Bwlg=
-42,-60,Jl7TUbHBU1Ev1UB25GsGaVsdb6Q=,imfPzkRiea2WJX3cDdQvxv+Bwlg=
-41,-60,Jl7TUbHBU1Ev1UB25GsGaVsdb6Q=,imfPzkRiea2WJX3cDdQvxv+Bwlg=
-47,-59,Jl7TUbHBU1Ev1UB25GsGaVsdb6Q=,imfPzkRiea2WJX3cDdQvxv+Bwlg=
-46,-59,Jl7TUbHBU1Ev1UB25GsGaVsdb6Q=,imfPzkRiea2WJX3cDdQvxv+Bwlg=
-45,-59,Jl7TUbHBU1Ev1UB25GsGaVsdb6Q=,imfPzkRiea2WJX3cDdQvxv+Bwlg=
-34,-58,Jl7TUbHBU1Ev1UB25GsGaVsdb6Q=,5hyF5ynoWn5/emp0MAFcmL43zzM=
-35,-58,Jl7TUbHBU1Ev1UB25GsGaVsdb6Q=,5hyF5ynoWn5/emp0MAFcmL43zzM=
-36,-58,Jl7TUbHBU1Ev1UB25GsGaVsdb6Q=,5hyF5ynoWn5/emp0MAFcmL43zzM=
-37,-58,Jl7TUbHBU1Ev1UB25GsGaVsdb6Q=,5hyF5ynoWn5/emp0MAFcmL43zzM=
-38,-58,Jl7TUbHBU1Ev1UB25GsGaVsdb6Q=,5hyF5ynoWn5/emp0MAFcmL43zzM=
-39,-58,Jl7TUbHBU1Ev1UB25GsGaVsdb6Q=,5hyF5ynoWn5/emp0MAFcmL43zzM=
-34,-59,Jl7TUbHBU1Ev1UB25GsGaVsdb6Q=,5hyF5ynoWn5/emp0MAFcmL43zzM=
-35,-59,Jl7TUbHBU1Ev1UB25GsGaVsdb6Q=,5hyF5ynoWn5/emp0MAFcmL43zzM=
-36,-59,Jl7TUbHBU1Ev1UB25GsGaVsdb6Q=,5hyF5ynoWn5/emp0MAFcmL43zzM=
-37,-59,Jl7TUbHBU1Ev1UB25GsGaVsdb6Q=,5hyF5ynoWn5/emp0MAFcmL43zzM=
-38,-59,Jl7TUbHBU1Ev1UB25GsGaVsdb6Q=,5hyF5ynoWn5/emp0MAFcmL43zzM=
-39,-59,Jl7TUbHBU1Ev1UB25GsGaVsdb6Q=,5hyF5ynoWn5/emp0MAFcmL43zzM=
-34,-60,Jl7TUbHBU1Ev1UB25GsGaVsdb6Q=,5hyF5ynoWn5/emp0MAFcmL43zzM=
-35,-60,Jl7TUbHBU1Ev1UB25GsGaVsdb6Q=,5hyF5ynoWn5/emp0MAFcmL43zzM=
-36,-60,Jl7TUbHBU1Ev1UB25GsGaVsdb6Q=,5hyF5ynoWn5/emp0MAFcmL43zzM=
-37,-60,Jl7TUbHBU1Ev1UB25GsGaVsdb6Q=,5hyF5ynoWn5/emp0MAFcmL43zzM=
-38,-60,Jl7TUbHBU1Ev1UB25GsGaVsdb6Q=,5hyF5ynoWn5/emp0MAFcmL43zzM=
-39,-60,Jl7TUbHBU1Ev1UB25GsGaVsdb6Q=,5hyF5ynoWn5/emp0MAFcmL43zzM=
-34,-61,Jl7TUbHBU1Ev1UB25GsGaVsdb6Q=,5hyF5ynoWn5/emp0MAFcmL43zzM=
-35,-61,Jl7TUbHBU1Ev1UB25GsGaVsdb6Q=,5hyF5ynoWn5/emp0MAFcmL43zzM=
-36,-61,Jl7TUbHBU1Ev1UB25GsGaVsdb6Q=,5hyF5ynoWn5/emp0MAFcmL43zzM=
-37,-61,Jl7TUbHBU1Ev1UB25GsGaVsdb6Q=,5hyF5ynoWn5/emp0MAFcmL43zzM=
-38,-61,Jl7TUbHBU1Ev1UB25GsGaVsdb6Q=,5hyF5ynoWn5/emp0MAFcmL43zzM=
-39,-61,Jl7TUbHBU1Ev1UB25GsGaVsdb6Q=,5hyF5ynoWn5/emp0MAFcmL43zzM=
-34,-62,Jl7TUbHBU1Ev1UB25GsGaVsdb6Q=,5hyF5ynoWn5/emp0MAFcmL43zzM=
-35,-62,Jl7TUbHBU1Ev1UB25GsGaVsdb6Q=,5hyF5ynoWn5/emp0MAFcmL43zzM=
-36,-62,Jl7TUbHBU1Ev1UB25GsGaVsdb6Q=,5hyF5ynoWn5/emp0MAFcmL43zzM=
-37,-62,Jl7TUbHBU1Ev1UB25GsGaVsdb6Q=,5hyF5ynoWn5/emp0MAFcmL43zzM=
-38,-62,Jl7TUbHBU1Ev1UB25GsGaVsdb6Q=,5hyF5ynoWn5/emp0MAFcmL43zzM=
-39,-62,Jl7TUbHBU1Ev1UB25GsGaVsdb6Q=,5hyF5ynoWn5/emp0MAFcmL43zzM=
-34,-63,Jl7TUbHBU1Ev1UB25GsGaVsdb6Q=,5hyF5ynoWn5/emp0MAFcmL43zzM=
-35,-63,Jl7TUbHBU1Ev1UB25GsGaVsdb6Q=,5hyF5ynoWn5/emp0MAFcmL43zzM=
-36,-63,Jl7TUbHBU1Ev1UB25GsGaVsdb6Q=,5hyF5ynoWn5/emp0MAFcmL43zzM=
-37,-63,Jl7TUbHBU1Ev1UB25GsGaVsdb6Q=,5hyF5ynoWn5/emp0MAFcmL43zzM=
-48,-58,Jl7TUbHBU1Ev1UB25GsGaVsdb6Q=,imfPzkRiea2WJX3cDdQvxv+Bwlg=
-48,-63,Jl7TUbHBU1Ev1UB25GsGaVsdb6Q=,imfPzkRiea2WJX3cDdQvxv+Bwlg=
-48,-62,Jl7TUbHBU1Ev1UB25GsGaVsdb6Q=,imfPzkRiea2WJX3cDdQvxv+Bwlg=
-48,-61,Jl7TUbHBU1Ev1UB25GsGaVsdb6Q=,imfPzkRiea2WJX3cDdQvxv+Bwlg=
-48,-60,Jl7TUbHBU1Ev1UB25GsGaVsdb6Q=,imfPzkRiea2WJX3cDdQvxv+Bwlg=
-48,-59,Jl7TUbHBU1Ev1UB25GsGaVsdb6Q=,imfPzkRiea2WJX3cDdQvxv+Bwlg=
-33,-63,Jl7TUbHBU1Ev1UB25GsGaVsdb6Q=,5hyF5ynoWn5/emp0MAFcmL43zzM=
-33,-62,Jl7TUbHBU1Ev1UB25GsGaVsdb6Q=,5hyF5ynoWn5/emp0MAFcmL43zzM=
-33,-61,Jl7TUbHBU1Ev1UB25GsGaVsdb6Q=,5hyF5ynoWn5/emp0MAFcmL43zzM=
-33,-60,Jl7TUbHBU1Ev1UB25GsGaVsdb6Q=,5hyF5ynoWn5/emp0MAFcmL43zzM=
-39,-64,Jl7TUbHBU1Ev1UB25GsGaVsdb6Q=,5hyF5ynoWn5/emp0MAFcmL43zzM=
-38,-64,Jl7TUbHBU1Ev1UB25GsGaVsdb6Q=,5hyF5ynoWn5/emp0MAFcmL43zzM=
-37,-64,Jl7TUbHBU1Ev1UB25GsGaVsdb6Q=,5hyF5ynoWn5/emp0MAFcmL43zzM=
-36,-64,Jl7TUbHBU1Ev1UB25GsGaVsdb6Q=,5hyF5ynoWn5/emp0MAFcmL43zzM=
-35,-64,Jl7TUbHBU1Ev1UB25GsGaVsdb6Q=,5hyF5ynoWn5/emp0MAFcmL43zzM=
-34,-64,Jl7TUbHBU1Ev1UB25GsGaVsdb6Q=,5hyF5ynoWn5/emp0MAFcmL43zzM=
-33,-59,Jl7TUbHBU1Ev1UB25GsGaVsdb6Q=,5hyF5ynoWn5/emp0MAFcmL43zzM=
-40,-64,Jl7TUbHBU1Ev1UB25GsGaVsdb6Q=,5hyF5ynoWn5/emp0MAFcmL43zzM=
-47,-64,Jl7TUbHBU1Ev1UB25GsGaVsdb6Q=,imfPzkRiea2WJX3cDdQvxv+Bwlg=
-46,-64,Jl7TUbHBU1Ev1UB25GsGaVsdb6Q=,imfPzkRiea2WJX3cDdQvxv+Bwlg=
-45,-64,Jl7TUbHBU1Ev1UB25GsGaVsdb6Q=,imfPzkRiea2WJX3cDdQvxv+Bwlg=
-44,-64,Jl7TUbHBU1Ev1UB25GsGaVsdb6Q=,imfPzkRiea2WJX3cDdQvxv+Bwlg=
-43,-64,Jl7TUbHBU1Ev1UB25GsGaVsdb6Q=,imfPzkRiea2WJX3cDdQvxv+Bwlg=
-42,-64,Jl7TUbHBU1Ev1UB25GsGaVsdb6Q=,imfPzkRiea2WJX3cDdQvxv+Bwlg=
-41,-64,Jl7TUbHBU1Ev1UB25GsGaVsdb6Q=,imfPzkRiea2WJX3cDdQvxv+Bwlg=
-33,-64,Jl7TUbHBU1Ev1UB25GsGaVsdb6Q=,5hyF5ynoWn5/emp0MAFcmL43zzM=
-48,-64,Jl7TUbHBU1Ev1UB25GsGaVsdb6Q=,imfPzkRiea2WJX3cDdQvxv+Bwlg=
-33,-58,Jl7TUbHBU1Ev1UB25GsGaVsdb6Q=,5hyF5ynoWn5/emp0MAFcmL43zzM=
-36,-55,Jl7TUbHBU1Ev1UB25GsGaVsdb6Q=,36/uopotp9+WbXWZkkRWz7xihBM=
-37,-54,Jl7TUbHBU1Ev1UB25GsGaVsdb6Q=,36/uopotp9+WbXWZkkRWz7xihBM=
-38,-54,Jl7TUbHBU1Ev1UB25GsGaVsdb6Q=,36/uopotp9+WbXWZkkRWz7xihBM=
-39,-54,Jl7TUbHBU1Ev1UB25GsGaVsdb6Q=,36/uopotp9+WbXWZkkRWz7xihBM=
-37,-57,Jl7TUbHBU1Ev1UB25GsGaVsdb6Q=,5hyF5ynoWn5/emp0MAFcmL43zzM=
-38,-57,Jl7TUbHBU1Ev1UB25GsGaVsdb6Q=,5hyF5ynoWn5/emp0MAFcmL43zzM=
-39,-57,Jl7TUbHBU1Ev1UB25GsGaVsdb6Q=,5hyF5ynoWn5/emp0MAFcmL43zzM=
-38,-49,Jl7TUbHBU1Ev1UB25GsGaVsdb6Q=,36/uopotp9+WbXWZkkRWz7xihBM=
-36,-49,Jl7TUbHBU1Ev1UB25GsGaVsdb6Q=,36/uopotp9+WbXWZkkRWz7xihBM=
-37,-49,Jl7TUbHBU1Ev1UB25GsGaVsdb6Q=,36/uopotp9+WbXWZkkRWz7xihBM=
-35,-50,Jl7TUbHBU1Ev1UB25GsGaVsdb6Q=,36/uopotp9+WbXWZkkRWz7xihBM=
-33,-51,Jl7TUbHBU1Ev1UB25GsGaVsdb6Q=,36/uopotp9+WbXWZkkRWz7xihBM=
-35,-49,Jl7TUbHBU1Ev1UB25GsGaVsdb6Q=,36/uopotp9+WbXWZkkRWz7xihBM=
-35,-55,Jl7TUbHBU1Ev1UB25GsGaVsdb6Q=,36/uopotp9+WbXWZkkRWz7xihBM=
-34,-55,Jl7TUbHBU1Ev1UB25GsGaVsdb6Q=,36/uopotp9+WbXWZkkRWz7xihBM=
-33,-52,Jl7TUbHBU1Ev1UB25GsGaVsdb6Q=,36/uopotp9+WbXWZkkRWz7xihBM=
-39,-49,Jl7TUbHBU1Ev1UB25GsGaVsdb6Q=,36/uopotp9+WbXWZkkRWz7xihBM=
-33,-50,Jl7TUbHBU1Ev1UB25GsGaVsdb6Q=,36/uopotp9+WbXWZkkRWz7xihBM=
-34,-49,Jl7TUbHBU1Ev1UB25GsGaVsdb6Q=,36/uopotp9+WbXWZkkRWz7xihBM=
-36,-56,Jl7TUbHBU1Ev1UB25GsGaVsdb6Q=,36/uopotp9+WbXWZkkRWz7xihBM=
-33,-49,Jl7TUbHBU1Ev1UB25GsGaVsdb6Q=,36/uopotp9+WbXWZkkRWz7xihBM=
-36,-54,Jl7TUbHBU1Ev1UB25GsGaVsdb6Q=,36/uopotp9+WbXWZkkRWz7xihBM=
-35,-54,Jl7TUbHBU1Ev1UB25GsGaVsdb6Q=,36/uopotp9+WbXWZkkRWz7xihBM=
-34,-54,Jl7TUbHBU1Ev1UB25GsGaVsdb6Q=,36/uopotp9+WbXWZkkRWz7xihBM=
-33,-54,Jl7TUbHBU1Ev1UB25GsGaVsdb6Q=,36/uopotp9+WbXWZkkRWz7xihBM=
-38,-52,Jl7TUbHBU1Ev1UB25GsGaVsdb6Q=,36/uopotp9+WbXWZkkRWz7xihBM=
-39,-53,Jl7TUbHBU1Ev1UB25GsGaVsdb6Q=,36/uopotp9+WbXWZkkRWz7xihBM=
-37,-56,Jl7TUbHBU1Ev1UB25GsGaVsdb6Q=,36/uopotp9+WbXWZkkRWz7xihBM=
-37,-55,Jl7TUbHBU1Ev1UB25GsGaVsdb6Q=,36/uopotp9+WbXWZkkRWz7xihBM=
-34,-50,Jl7TUbHBU1Ev1UB25GsGaVsdb6Q=,36/uopotp9+WbXWZkkRWz7xihBM=
-38,-55,Jl7TUbHBU1Ev1UB25GsGaVsdb6Q=,36/uopotp9+WbXWZkkRWz7xihBM=
-38,-53,Jl7TUbHBU1Ev1UB25GsGaVsdb6Q=,36/uopotp9+WbXWZkkRWz7xihBM=
-39,-56,Jl7TUbHBU1Ev1UB25GsGaVsdb6Q=,36/uopotp9+WbXWZkkRWz7xihBM=
-36,-57,Jl7TUbHBU1Ev1UB25GsGaVsdb6Q=,5hyF5ynoWn5/emp0MAFcmL43zzM=
-35,-57,Jl7TUbHBU1Ev1UB25GsGaVsdb6Q=,5hyF5ynoWn5/emp0MAFcmL43zzM=
-34,-57,Jl7TUbHBU1Ev1UB25GsGaVsdb6Q=,5hyF5ynoWn5/emp0MAFcmL43zzM=
-35,-56,Jl7TUbHBU1Ev1UB25GsGaVsdb6Q=,36/uopotp9+WbXWZkkRWz7xihBM=
-33,-57,Jl7TUbHBU1Ev1UB25GsGaVsdb6Q=,5hyF5ynoWn5/emp0MAFcmL43zzM=
-37,-52,Jl7TUbHBU1Ev1UB25GsGaVsdb6Q=,36/uopotp9+WbXWZkkRWz7xihBM=
-36,-52,Jl7TUbHBU1Ev1UB25GsGaVsdb6Q=,36/uopotp9+WbXWZkkRWz7xihBM=
-39,-51,Jl7TUbHBU1Ev1UB25GsGaVsdb6Q=,36/uopotp9+WbXWZkkRWz7xihBM=
-35,-52,Jl7TUbHBU1Ev1UB25GsGaVsdb6Q=,36/uopotp9+WbXWZkkRWz7xihBM=
-34,-56,Jl7TUbHBU1Ev1UB25GsGaVsdb6Q=,36/uopotp9+WbXWZkkRWz7xihBM=
-38,-56,Jl7TUbHBU1Ev1UB25GsGaVsdb6Q=,36/uopotp9+WbXWZkkRWz7xihBM=
-36,-53,Jl7TUbHBU1Ev1UB25GsGaVsdb6Q=,36/uopotp9+WbXWZkkRWz7xihBM=
-35,-53,Jl7TUbHBU1Ev1UB25GsGaVsdb6Q=,36/uopotp9+WbXWZkkRWz7xihBM=
-33,-56,Jl7TUbHBU1Ev1UB25GsGaVsdb6Q=,36/uopotp9+WbXWZkkRWz7xihBM=
-34,-53,Jl7TUbHBU1Ev1UB25GsGaVsdb6Q=,36/uopotp9+WbXWZkkRWz7xihBM=
-34,-51,Jl7TUbHBU1Ev1UB25GsGaVsdb6Q=,36/uopotp9+WbXWZkkRWz7xihBM=
-36,-50,Jl7TUbHBU1Ev1UB25GsGaVsdb6Q=,36/uopotp9+WbXWZkkRWz7xihBM=
-36,-51,Jl7TUbHBU1Ev1UB25GsGaVsdb6Q=,36/uopotp9+WbXWZkkRWz7xihBM=
-39,-55,Jl7TUbHBU1Ev1UB25GsGaVsdb6Q=,36/uopotp9+WbXWZkkRWz7xihBM=
-35,-51,Jl7TUbHBU1Ev1UB25GsGaVsdb6Q=,36/uopotp9+WbXWZkkRWz7xihBM=
-39,-50,Jl7TUbHBU1Ev1UB25GsGaVsdb6Q=,36/uopotp9+WbXWZkkRWz7xihBM=
-33,-55,Jl7TUbHBU1Ev1UB25GsGaVsdb6Q=,36/uopotp9+WbXWZkkRWz7xihBM=
-37,-51,Jl7TUbHBU1Ev1UB25GsGaVsdb6Q=,36/uopotp9+WbXWZkkRWz7xihBM=
-38,-51,Jl7TUbHBU1Ev1UB25GsGaVsdb6Q=,36/uopotp9+WbXWZkkRWz7xihBM=
-37,-53,Jl7TUbHBU1Ev1UB25GsGaVsdb6Q=,36/uopotp9+WbXWZkkRWz7xihBM=
-39,-52,Jl7TUbHBU1Ev1UB25GsGaVsdb6Q=,36/uopotp9+WbXWZkkRWz7xihBM=
-33,-53,Jl7TUbHBU1Ev1UB25GsGaVsdb6Q=,36/uopotp9+WbXWZkkRWz7xihBM=
-37,-50,Jl7TUbHBU1Ev1UB25GsGaVsdb6Q=,36/uopotp9+WbXWZkkRWz7xihBM=
-38,-50,Jl7TUbHBU1Ev1UB25GsGaVsdb6Q=,36/uopotp9+WbXWZkkRWz7xihBM=
-34,-52,Jl7TUbHBU1Ev1UB25GsGaVsdb6Q=,36/uopotp9+WbXWZkkRWz7xihBM=
-42,-49,Jl7TUbHBU1Ev1UB25GsGaVsdb6Q=,8MEmB7ORVCT9ekfAWrFCEhIZsTo=
-41,-49,Jl7TUbHBU1Ev1UB25GsGaVsdb6Q=,8MEmB7ORVCT9ekfAWrFCEhIZsTo=
-41,-54,Jl7TUbHBU1Ev1UB25GsGaVsdb6Q=,8MEmB7ORVCT9ekfAWrFCEhIZsTo=
-40,-57,Jl7TUbHBU1Ev1UB25GsGaVsdb6Q=,5hyF5ynoWn5/emp0MAFcmL43zzM=
-42,-54,Jl7TUbHBU1Ev1UB25GsGaVsdb6Q=,8MEmB7ORVCT9ekfAWrFCEhIZsTo=
-45,-53,Jl7TUbHBU1Ev1UB25GsGaVsdb6Q=,8MEmB7ORVCT9ekfAWrFCEhIZsTo=
-44,-53,Jl7TUbHBU1Ev1UB25GsGaVsdb6Q=,8MEmB7ORVCT9ekfAWrFCEhIZsTo=
-48,-53,Jl7TUbHBU1Ev1UB25GsGaVsdb6Q=,8MEmB7ORVCT9ekfAWrFCEhIZsTo=
-46,-53,Jl7TUbHBU1Ev1UB25GsGaVsdb6Q=,8MEmB7ORVCT9ekfAWrFCEhIZsTo=
-47,-53,Jl7TUbHBU1Ev1UB25GsGaVsdb6Q=,8MEmB7ORVCT9ekfAWrFCEhIZsTo=
-43,-49,Jl7TUbHBU1Ev1UB25GsGaVsdb6Q=,8MEmB7ORVCT9ekfAWrFCEhIZsTo=
-43,-54,Jl7TUbHBU1Ev1UB25GsGaVsdb6Q=,8MEmB7ORVCT9ekfAWrFCEhIZsTo=
-43,-53,Jl7TUbHBU1Ev1UB25GsGaVsdb6Q=,8MEmB7ORVCT9ekfAWrFCEhIZsTo=
-40,-49,Jl7TUbHBU1Ev1UB25GsGaVsdb6Q=,36/uopotp9+WbXWZkkRWz7xihBM=
-42,-53,Jl7TUbHBU1Ev1UB25GsGaVsdb6Q=,8MEmB7ORVCT9ekfAWrFCEhIZsTo=
-40,-56,Jl7TUbHBU1Ev1UB25GsGaVsdb6Q=,36/uopotp9+WbXWZkkRWz7xihBM=
-40,-53,Jl7TUbHBU1Ev1UB25GsGaVsdb6Q=,36/uopotp9+WbXWZkkRWz7xihBM=
-41,-53,Jl7TUbHBU1Ev1UB25GsGaVsdb6Q=,8MEmB7ORVCT9ekfAWrFCEhIZsTo=
-41,-50,Jl7TUbHBU1Ev1UB25GsGaVsdb6Q=,8MEmB7ORVCT9ekfAWrFCEhIZsTo=
-40,-54,Jl7TUbHBU1Ev1UB25GsGaVsdb6Q=,36/uopotp9+WbXWZkkRWz7xihBM=
-44,-49,Jl7TUbHBU1Ev1UB25GsGaVsdb6Q=,8MEmB7ORVCT9ekfAWrFCEhIZsTo=
-45,-49,Jl7TUbHBU1Ev1UB25GsGaVsdb6Q=,8MEmB7ORVCT9ekfAWrFCEhIZsTo=
-40,-55,Jl7TUbHBU1Ev1UB25GsGaVsdb6Q=,36/uopotp9+WbXWZkkRWz7xihBM=
-44,-54,Jl7TUbHBU1Ev1UB25GsGaVsdb6Q=,8MEmB7ORVCT9ekfAWrFCEhIZsTo=
-40,-52,Jl7TUbHBU1Ev1UB25GsGaVsdb6Q=,36/uopotp9+WbXWZkkRWz7xihBM=
-42,-50,Jl7TUbHBU1Ev1UB25GsGaVsdb6Q=,8MEmB7ORVCT9ekfAWrFCEhIZsTo=
-42,-55,Jl7TUbHBU1Ev1UB25GsGaVsdb6Q=,8MEmB7ORVCT9ekfAWrFCEhIZsTo=
-41,-55,Jl7TUbHBU1Ev1UB25GsGaVsdb6Q=,8MEmB7ORVCT9ekfAWrFCEhIZsTo=
-46,-49,Jl7TUbHBU1Ev1UB25GsGaVsdb6Q=,8MEmB7ORVCT9ekfAWrFCEhIZsTo=
-43,-55,Jl7TUbHBU1Ev1UB25GsGaVsdb6Q=,8MEmB7ORVCT9ekfAWrFCEhIZsTo=
-44,-55,Jl7TUbHBU1Ev1UB25GsGaVsdb6Q=,8MEmB7ORVCT9ekfAWrFCEhIZsTo=
-48,-49,Jl7TUbHBU1Ev1UB25GsGaVsdb6Q=,8MEmB7ORVCT9ekfAWrFCEhIZsTo=
-45,-54,Jl7TUbHBU1Ev1UB25GsGaVsdb6Q=,8MEmB7ORVCT9ekfAWrFCEhIZsTo=
-46,-54,Jl7TUbHBU1Ev1UB25GsGaVsdb6Q=,8MEmB7ORVCT9ekfAWrFCEhIZsTo=
-48,-52,Jl7TUbHBU1Ev1UB25GsGaVsdb6Q=,8MEmB7ORVCT9ekfAWrFCEhIZsTo=
-48,-54,Jl7TUbHBU1Ev1UB25GsGaVsdb6Q=,8MEmB7ORVCT9ekfAWrFCEhIZsTo=
-45,-55,Jl7TUbHBU1Ev1UB25GsGaVsdb6Q=,8MEmB7ORVCT9ekfAWrFCEhIZsTo=
-41,-56,Jl7TUbHBU1Ev1UB25GsGaVsdb6Q=,8MEmB7ORVCT9ekfAWrFCEhIZsTo=
-48,-55,Jl7TUbHBU1Ev1UB25GsGaVsdb6Q=,8MEmB7ORVCT9ekfAWrFCEhIZsTo=
-47,-54,Jl7TUbHBU1Ev1UB25GsGaVsdb6Q=,8MEmB7ORVCT9ekfAWrFCEhIZsTo=
-43,-56,Jl7TUbHBU1Ev1UB25GsGaVsdb6Q=,8MEmB7ORVCT9ekfAWrFCEhIZsTo=
-42,-56,Jl7TUbHBU1Ev1UB25GsGaVsdb6Q=,8MEmB7ORVCT9ekfAWrFCEhIZsTo=
-47,-49,Jl7TUbHBU1Ev1UB25GsGaVsdb6Q=,8MEmB7ORVCT9ekfAWrFCEhIZsTo=
-41,-51,Jl7TUbHBU1Ev1UB25GsGaVsdb6Q=,8MEmB7ORVCT9ekfAWrFCEhIZsTo=
-44,-56,Jl7TUbHBU1Ev1UB25GsGaVsdb6Q=,8MEmB7ORVCT9ekfAWrFCEhIZsTo=
-42,-51,Jl7TUbHBU1Ev1UB25GsGaVsdb6Q=,8MEmB7ORVCT9ekfAWrFCEhIZsTo=
-45,-56,Jl7TUbHBU1Ev1UB25GsGaVsdb6Q=,8MEmB7ORVCT9ekfAWrFCEhIZsTo=
-46,-56,Jl7TUbHBU1Ev1UB25GsGaVsdb6Q=,8MEmB7ORVCT9ekfAWrFCEhIZsTo=
-47,-56,Jl7TUbHBU1Ev1UB25GsGaVsdb6Q=,8MEmB7ORVCT9ekfAWrFCEhIZsTo=
-48,-56,Jl7TUbHBU1Ev1UB25GsGaVsdb6Q=,8MEmB7ORVCT9ekfAWrFCEhIZsTo=
-41,-57,Jl7TUbHBU1Ev1UB25GsGaVsdb6Q=,imfPzkRiea2WJX3cDdQvxv+Bwlg=
-42,-57,Jl7TUbHBU1Ev1UB25GsGaVsdb6Q=,imfPzkRiea2WJX3cDdQvxv+Bwlg=
-43,-57,Jl7TUbHBU1Ev1UB25GsGaVsdb6Q=,imfPzkRiea2WJX3cDdQvxv+Bwlg=
-44,-57,Jl7TUbHBU1Ev1UB25GsGaVsdb6Q=,imfPzkRiea2WJX3cDdQvxv+Bwlg=
-45,-57,Jl7TUbHBU1Ev1UB25GsGaVsdb6Q=,imfPzkRiea2WJX3cDdQvxv+Bwlg=
-46,-57,Jl7TUbHBU1Ev1UB25GsGaVsdb6Q=,imfPzkRiea2WJX3cDdQvxv+Bwlg=
-47,-57,Jl7TUbHBU1Ev1UB25GsGaVsdb6Q=,imfPzkRiea2WJX3cDdQvxv+Bwlg=
-47,-55,Jl7TUbHBU1Ev1UB25GsGaVsdb6Q=,8MEmB7ORVCT9ekfAWrFCEhIZsTo=
-43,-50,Jl7TUbHBU1Ev1UB25GsGaVsdb6Q=,8MEmB7ORVCT9ekfAWrFCEhIZsTo=
-48,-57,Jl7TUbHBU1Ev1UB25GsGaVsdb6Q=,imfPzkRiea2WJX3cDdQvxv+Bwlg=
-46,-55,Jl7TUbHBU1Ev1UB25GsGaVsdb6Q=,8MEmB7ORVCT9ekfAWrFCEhIZsTo=
-48,-50,Jl7TUbHBU1Ev1UB25GsGaVsdb6Q=,8MEmB7ORVCT9ekfAWrFCEhIZsTo=
-40,-50,Jl7TUbHBU1Ev1UB25GsGaVsdb6Q=,36/uopotp9+WbXWZkkRWz7xihBM=
-47,-50,Jl7TUbHBU1Ev1UB25GsGaVsdb6Q=,8MEmB7ORVCT9ekfAWrFCEhIZsTo=
-45,-50,Jl7TUbHBU1Ev1UB25GsGaVsdb6Q=,8MEmB7ORVCT9ekfAWrFCEhIZsTo=
-41,-52,Jl7TUbHBU1Ev1UB25GsGaVsdb6Q=,8MEmB7ORVCT9ekfAWrFCEhIZsTo=
-42,-52,Jl7TUbHBU1Ev1UB25GsGaVsdb6Q=,8MEmB7ORVCT9ekfAWrFCEhIZsTo=
-46,-50,Jl7TUbHBU1Ev1UB25GsGaVsdb6Q=,8MEmB7ORVCT9ekfAWrFCEhIZsTo=
-44,-50,Jl7TUbHBU1Ev1UB25GsGaVsdb6Q=,8MEmB7ORVCT9ekfAWrFCEhIZsTo=
-47,-52,Jl7TUbHBU1Ev1UB25GsGaVsdb6Q=,8MEmB7ORVCT9ekfAWrFCEhIZsTo=
-40,-51,Jl7TUbHBU1Ev1UB25GsGaVsdb6Q=,36/uopotp9+WbXWZkkRWz7xihBM=
-43,-52,Jl7TUbHBU1Ev1UB25GsGaVsdb6Q=,8MEmB7ORVCT9ekfAWrFCEhIZsTo=
-43,-51,Jl7TUbHBU1Ev1UB25GsGaVsdb6Q=,8MEmB7ORVCT9ekfAWrFCEhIZsTo=
-44,-51,Jl7TUbHBU1Ev1UB25GsGaVsdb6Q=,8MEmB7ORVCT9ekfAWrFCEhIZsTo=
-46,-51,Jl7TUbHBU1Ev1UB25GsGaVsdb6Q=,8MEmB7ORVCT9ekfAWrFCEhIZsTo=
-47,-51,Jl7TUbHBU1Ev1UB25GsGaVsdb6Q=,8MEmB7ORVCT9ekfAWrFCEhIZsTo=
-48,-51,Jl7TUbHBU1Ev1UB25GsGaVsdb6Q=,8MEmB7ORVCT9ekfAWrFCEhIZsTo=
-45,-51,Jl7TUbHBU1Ev1UB25GsGaVsdb6Q=,8MEmB7ORVCT9ekfAWrFCEhIZsTo=
-45,-52,Jl7TUbHBU1Ev1UB25GsGaVsdb6Q=,8MEmB7ORVCT9ekfAWrFCEhIZsTo=
-44,-52,Jl7TUbHBU1Ev1UB25GsGaVsdb6Q=,8MEmB7ORVCT9ekfAWrFCEhIZsTo=
-46,-52,Jl7TUbHBU1Ev1UB25GsGaVsdb6Q=,8MEmB7ORVCT9ekfAWrFCEhIZsTo=
-60,-49,D4/4ghLTozRnrgEsVcLybzmtzPY=,qdjP2HHZXqdYM/9BNXDMZad4yTE=
-61,-49,D4/4ghLTozRnrgEsVcLybzmtzPY=,qdjP2HHZXqdYM/9BNXDMZad4yTE=
-62,-49,D4/4ghLTozRnrgEsVcLybzmtzPY=,qdjP2HHZXqdYM/9BNXDMZad4yTE=
-63,-49,D4/4ghLTozRnrgEsVcLybzmtzPY=,qdjP2HHZXqdYM/9BNXDMZad4yTE=
-64,-49,D4/4ghLTozRnrgEsVcLybzmtzPY=,qdjP2HHZXqdYM/9BNXDMZad4yTE=
-59,-49,yiO1G9Dmp1l67c6DznZsJBNkTi0=,qdjP2HHZXqdYM/9BNXDMZad4yTE=
-58,-50,yiO1G9Dmp1l67c6DznZsJBNkTi0=,qdjP2HHZXqdYM/9BNXDMZad4yTE=
-59,-50,yiO1G9Dmp1l67c6DznZsJBNkTi0=,qdjP2HHZXqdYM/9BNXDMZad4yTE=
-60,-50,yiO1G9Dmp1l67c6DznZsJBNkTi0=,qdjP2HHZXqdYM/9BNXDMZad4yTE=
-61,-50,yiO1G9Dmp1l67c6DznZsJBNkTi0=,qdjP2HHZXqdYM/9BNXDMZad4yTE=
-62,-50,yiO1G9Dmp1l67c6DznZsJBNkTi0=,qdjP2HHZXqdYM/9BNXDMZad4yTE=
-63,-50,yiO1G9Dmp1l67c6DznZsJBNkTi0=,qdjP2HHZXqdYM/9BNXDMZad4yTE=
-64,-50,yiO1G9Dmp1l67c6DznZsJBNkTi0=,qdjP2HHZXqdYM/9BNXDMZad4yTE=
-58,-51,yiO1G9Dmp1l67c6DznZsJBNkTi0=,qdjP2HHZXqdYM/9BNXDMZad4yTE=
-59,-51,yiO1G9Dmp1l67c6DznZsJBNkTi0=,qdjP2HHZXqdYM/9BNXDMZad4yTE=
-60,-51,yiO1G9Dmp1l67c6DznZsJBNkTi0=,qdjP2HHZXqdYM/9BNXDMZad4yTE=
-61,-51,yiO1G9Dmp1l67c6DznZsJBNkTi0=,qdjP2HHZXqdYM/9BNXDMZad4yTE=
-62,-51,yiO1G9Dmp1l67c6DznZsJBNkTi0=,qdjP2HHZXqdYM/9BNXDMZad4yTE=
-63,-51,yiO1G9Dmp1l67c6DznZsJBNkTi0=,qdjP2HHZXqdYM/9BNXDMZad4yTE=
-64,-51,yiO1G9Dmp1l67c6DznZsJBNkTi0=,qdjP2HHZXqdYM/9BNXDMZad4yTE=
-58,-52,yiO1G9Dmp1l67c6DznZsJBNkTi0=,qdjP2HHZXqdYM/9BNXDMZad4yTE=
-59,-52,yiO1G9Dmp1l67c6DznZsJBNkTi0=,qdjP2HHZXqdYM/9BNXDMZad4yTE=
-60,-52,yiO1G9Dmp1l67c6DznZsJBNkTi0=,qdjP2HHZXqdYM/9BNXDMZad4yTE=
-61,-52,yiO1G9Dmp1l67c6DznZsJBNkTi0=,qdjP2HHZXqdYM/9BNXDMZad4yTE=
-62,-52,yiO1G9Dmp1l67c6DznZsJBNkTi0=,qdjP2HHZXqdYM/9BNXDMZad4yTE=
-63,-52,yiO1G9Dmp1l67c6DznZsJBNkTi0=,qdjP2HHZXqdYM/9BNXDMZad4yTE=
-64,-52,yiO1G9Dmp1l67c6DznZsJBNkTi0=,qdjP2HHZXqdYM/9BNXDMZad4yTE=
-58,-53,yiO1G9Dmp1l67c6DznZsJBNkTi0=,qdjP2HHZXqdYM/9BNXDMZad4yTE=
-59,-53,yiO1G9Dmp1l67c6DznZsJBNkTi0=,qdjP2HHZXqdYM/9BNXDMZad4yTE=
-60,-53,yiO1G9Dmp1l67c6DznZsJBNkTi0=,qdjP2HHZXqdYM/9BNXDMZad4yTE=
-61,-53,yiO1G9Dmp1l67c6DznZsJBNkTi0=,qdjP2HHZXqdYM/9BNXDMZad4yTE=
-62,-53,yiO1G9Dmp1l67c6DznZsJBNkTi0=,qdjP2HHZXqdYM/9BNXDMZad4yTE=
-63,-53,yiO1G9Dmp1l67c6DznZsJBNkTi0=,qdjP2HHZXqdYM/9BNXDMZad4yTE=
-64,-53,yiO1G9Dmp1l67c6DznZsJBNkTi0=,qdjP2HHZXqdYM/9BNXDMZad4yTE=
-58,-54,yiO1G9Dmp1l67c6DznZsJBNkTi0=,qdjP2HHZXqdYM/9BNXDMZad4yTE=
-59,-54,yiO1G9Dmp1l67c6DznZsJBNkTi0=,qdjP2HHZXqdYM/9BNXDMZad4yTE=
-60,-54,yiO1G9Dmp1l67c6DznZsJBNkTi0=,qdjP2HHZXqdYM/9BNXDMZad4yTE=
-61,-54,yiO1G9Dmp1l67c6DznZsJBNkTi0=,qdjP2HHZXqdYM/9BNXDMZad4yTE=
-62,-54,yiO1G9Dmp1l67c6DznZsJBNkTi0=,qdjP2HHZXqdYM/9BNXDMZad4yTE=
-63,-54,yiO1G9Dmp1l67c6DznZsJBNkTi0=,qdjP2HHZXqdYM/9BNXDMZad4yTE=
-64,-54,yiO1G9Dmp1l67c6DznZsJBNkTi0=,qdjP2HHZXqdYM/9BNXDMZad4yTE=
-58,-55,yiO1G9Dmp1l67c6DznZsJBNkTi0=,qdjP2HHZXqdYM/9BNXDMZad4yTE=
-59,-55,yiO1G9Dmp1l67c6DznZsJBNkTi0=,qdjP2HHZXqdYM/9BNXDMZad4yTE=
-60,-55,yiO1G9Dmp1l67c6DznZsJBNkTi0=,qdjP2HHZXqdYM/9BNXDMZad4yTE=
-61,-55,yiO1G9Dmp1l67c6DznZsJBNkTi0=,qdjP2HHZXqdYM/9BNXDMZad4yTE=
-62,-55,yiO1G9Dmp1l67c6DznZsJBNkTi0=,qdjP2HHZXqdYM/9BNXDMZad4yTE=
-63,-55,yiO1G9Dmp1l67c6DznZsJBNkTi0=,qdjP2HHZXqdYM/9BNXDMZad4yTE=
-64,-55,yiO1G9Dmp1l67c6DznZsJBNkTi0=,qdjP2HHZXqdYM/9BNXDMZad4yTE=
-58,-56,yiO1G9Dmp1l67c6DznZsJBNkTi0=,qdjP2HHZXqdYM/9BNXDMZad4yTE=
-59,-56,yiO1G9Dmp1l67c6DznZsJBNkTi0=,qdjP2HHZXqdYM/9BNXDMZad4yTE=
-60,-56,yiO1G9Dmp1l67c6DznZsJBNkTi0=,qdjP2HHZXqdYM/9BNXDMZad4yTE=
-61,-56,yiO1G9Dmp1l67c6DznZsJBNkTi0=,qdjP2HHZXqdYM/9BNXDMZad4yTE=
-62,-56,yiO1G9Dmp1l67c6DznZsJBNkTi0=,qdjP2HHZXqdYM/9BNXDMZad4yTE=
-63,-56,yiO1G9Dmp1l67c6DznZsJBNkTi0=,qdjP2HHZXqdYM/9BNXDMZad4yTE=
-64,-56,yiO1G9Dmp1l67c6DznZsJBNkTi0=,qdjP2HHZXqdYM/9BNXDMZad4yTE=
-58,-49,yiO1G9Dmp1l67c6DznZsJBNkTi0=,qdjP2HHZXqdYM/9BNXDMZad4yTE=
-53,-49,yiO1G9Dmp1l67c6DznZsJBNkTi0=,A2Z2i5vJmOsLZ3gIhyu9iJ552w4=
-56,-54,yiO1G9Dmp1l67c6DznZsJBNkTi0=,A2Z2i5vJmOsLZ3gIhyu9iJ552w4=
-57,-51,yiO1G9Dmp1l67c6DznZsJBNkTi0=,qdjP2HHZXqdYM/9BNXDMZad4yTE=
-54,-55,yiO1G9Dmp1l67c6DznZsJBNkTi0=,A2Z2i5vJmOsLZ3gIhyu9iJ552w4=
-54,-49,yiO1G9Dmp1l67c6DznZsJBNkTi0=,A2Z2i5vJmOsLZ3gIhyu9iJ552w4=
-50,-55,yiO1G9Dmp1l67c6DznZsJBNkTi0=,A2Z2i5vJmOsLZ3gIhyu9iJ552w4=
-49,-55,yiO1G9Dmp1l67c6DznZsJBNkTi0=,A2Z2i5vJmOsLZ3gIhyu9iJ552w4=
-55,-54,yiO1G9Dmp1l67c6DznZsJBNkTi0=,A2Z2i5vJmOsLZ3gIhyu9iJ552w4=
-57,-50,yiO1G9Dmp1l67c6DznZsJBNkTi0=,qdjP2HHZXqdYM/9BNXDMZad4yTE=
-55,-49,yiO1G9Dmp1l67c6DznZsJBNkTi0=,A2Z2i5vJmOsLZ3gIhyu9iJ552w4=
-53,-55,yiO1G9Dmp1l67c6DznZsJBNkTi0=,A2Z2i5vJmOsLZ3gIhyu9iJ552w4=
-53,-54,yiO1G9Dmp1l67c6DznZsJBNkTi0=,A2Z2i5vJmOsLZ3gIhyu9iJ552w4=
-51,-55,yiO1G9Dmp1l67c6DznZsJBNkTi0=,A2Z2i5vJmOsLZ3gIhyu9iJ552w4=
-55,-56,yiO1G9Dmp1l67c6DznZsJBNkTi0=,A2Z2i5vJmOsLZ3gIhyu9iJ552w4=
-54,-50,yiO1G9Dmp1l67c6DznZsJBNkTi0=,A2Z2i5vJmOsLZ3gIhyu9iJ552w4=
-55,-55,yiO1G9Dmp1l67c6DznZsJBNkTi0=,A2Z2i5vJmOsLZ3gIhyu9iJ552w4=
-53,-56,yiO1G9Dmp1l67c6DznZsJBNkTi0=,A2Z2i5vJmOsLZ3gIhyu9iJ552w4=
-57,-52,yiO1G9Dmp1l67c6DznZsJBNkTi0=,qdjP2HHZXqdYM/9BNXDMZad4yTE=
-56,-55,yiO1G9Dmp1l67c6DznZsJBNkTi0=,A2Z2i5vJmOsLZ3gIhyu9iJ552w4=
-50,-54,yiO1G9Dmp1l67c6DznZsJBNkTi0=,A2Z2i5vJmOsLZ3gIhyu9iJ552w4=
-56,-53,yiO1G9Dmp1l67c6DznZsJBNkTi0=,A2Z2i5vJmOsLZ3gIhyu9iJ552w4=
-49,-54,yiO1G9Dmp1l67c6DznZsJBNkTi0=,A2Z2i5vJmOsLZ3gIhyu9iJ552w4=
-57,-53,yiO1G9Dmp1l67c6DznZsJBNkTi0=,qdjP2HHZXqdYM/9BNXDMZad4yTE=
-50,-52,yiO1G9Dmp1l67c6DznZsJBNkTi0=,A2Z2i5vJmOsLZ3gIhyu9iJ552w4=
-49,-56,yiO1G9Dmp1l67c6DznZsJBNkTi0=,A2Z2i5vJmOsLZ3gIhyu9iJ552w4=
-56,-49,yiO1G9Dmp1l67c6DznZsJBNkTi0=,A2Z2i5vJmOsLZ3gIhyu9iJ552w4=
-57,-54,yiO1G9Dmp1l67c6DznZsJBNkTi0=,qdjP2HHZXqdYM/9BNXDMZad4yTE=
-50,-56,yiO1G9Dmp1l67c6DznZsJBNkTi0=,A2Z2i5vJmOsLZ3gIhyu9iJ552w4=
-51,-54,yiO1G9Dmp1l67c6DznZsJBNkTi0=,A2Z2i5vJmOsLZ3gIhyu9iJ552w4=
-54,-54,yiO1G9Dmp1l67c6DznZsJBNkTi0=,A2Z2i5vJmOsLZ3gIhyu9iJ552w4=
-55,-51,yiO1G9Dmp1l67c6DznZsJBNkTi0=,A2Z2i5vJmOsLZ3gIhyu9iJ552w4=
-54,-56,yiO1G9Dmp1l67c6DznZsJBNkTi0=,A2Z2i5vJmOsLZ3gIhyu9iJ552w4=
-57,-55,yiO1G9Dmp1l67c6DznZsJBNkTi0=,qdjP2HHZXqdYM/9BNXDMZad4yTE=
-53,-50,yiO1G9Dmp1l67c6DznZsJBNkTi0=,A2Z2i5vJmOsLZ3gIhyu9iJ552w4=
-51,-56,yiO1G9Dmp1l67c6DznZsJBNkTi0=,A2Z2i5vJmOsLZ3gIhyu9iJ552w4=
-55,-52,yiO1G9Dmp1l67c6DznZsJBNkTi0=,A2Z2i5vJmOsLZ3gIhyu9iJ552w4=
-49,-52,yiO1G9Dmp1l67c6DznZsJBNkTi0=,A2Z2i5vJmOsLZ3gIhyu9iJ552w4=
-55,-50,yiO1G9Dmp1l67c6DznZsJBNkTi0=,A2Z2i5vJmOsLZ3gIhyu9iJ552w4=
-55,-53,yiO1G9Dmp1l67c6DznZsJBNkTi0=,A2Z2i5vJmOsLZ3gIhyu9iJ552w4=
-56,-51,yiO1G9Dmp1l67c6DznZsJBNkTi0=,A2Z2i5vJmOsLZ3gIhyu9iJ552w4=
-52,-55,yiO1G9Dmp1l67c6DznZsJBNkTi0=,A2Z2i5vJmOsLZ3gIhyu9iJ552w4=
-52,-49,yiO1G9Dmp1l67c6DznZsJBNkTi0=,A2Z2i5vJmOsLZ3gIhyu9iJ552w4=
-56,-52,yiO1G9Dmp1l67c6DznZsJBNkTi0=,A2Z2i5vJmOsLZ3gIhyu9iJ552w4=
-57,-56,yiO1G9Dmp1l67c6DznZsJBNkTi0=,qdjP2HHZXqdYM/9BNXDMZad4yTE=
-49,-51,yiO1G9Dmp1l67c6DznZsJBNkTi0=,A2Z2i5vJmOsLZ3gIhyu9iJ552w4=
-56,-50,yiO1G9Dmp1l67c6DznZsJBNkTi0=,A2Z2i5vJmOsLZ3gIhyu9iJ552w4=
-52,-54,yiO1G9Dmp1l67c6DznZsJBNkTi0=,A2Z2i5vJmOsLZ3gIhyu9iJ552w4=
-54,-51,yiO1G9Dmp1l67c6DznZsJBNkTi0=,A2Z2i5vJmOsLZ3gIhyu9iJ552w4=
-57,-49,yiO1G9Dmp1l67c6DznZsJBNkTi0=,qdjP2HHZXqdYM/9BNXDMZad4yTE=
-52,-56,yiO1G9Dmp1l67c6DznZsJBNkTi0=,A2Z2i5vJmOsLZ3gIhyu9iJ552w4=
-51,-50,yiO1G9Dmp1l67c6DznZsJBNkTi0=,A2Z2i5vJmOsLZ3gIhyu9iJ552w4=
-50,-51,yiO1G9Dmp1l67c6DznZsJBNkTi0=,A2Z2i5vJmOsLZ3gIhyu9iJ552w4=
-56,-56,yiO1G9Dmp1l67c6DznZsJBNkTi0=,A2Z2i5vJmOsLZ3gIhyu9iJ552w4=
-52,-50,yiO1G9Dmp1l67c6DznZsJBNkTi0=,A2Z2i5vJmOsLZ3gIhyu9iJ552w4=
-50,-53,yiO1G9Dmp1l67c6DznZsJBNkTi0=,A2Z2i5vJmOsLZ3gIhyu9iJ552w4=
-49,-50,yiO1G9Dmp1l67c6DznZsJBNkTi0=,A2Z2i5vJmOsLZ3gIhyu9iJ552w4=
-53,-53,yiO1G9Dmp1l67c6DznZsJBNkTi0=,A2Z2i5vJmOsLZ3gIhyu9iJ552w4=
-49,-53,yiO1G9Dmp1l67c6DznZsJBNkTi0=,A2Z2i5vJmOsLZ3gIhyu9iJ552w4=
-51,-53,yiO1G9Dmp1l67c6DznZsJBNkTi0=,A2Z2i5vJmOsLZ3gIhyu9iJ552w4=
-54,-53,yiO1G9Dmp1l67c6DznZsJBNkTi0=,A2Z2i5vJmOsLZ3gIhyu9iJ552w4=
-50,-50,yiO1G9Dmp1l67c6DznZsJBNkTi0=,A2Z2i5vJmOsLZ3gIhyu9iJ552w4=
-53,-51,yiO1G9Dmp1l67c6DznZsJBNkTi0=,A2Z2i5vJmOsLZ3gIhyu9iJ552w4=
-52,-52,yiO1G9Dmp1l67c6DznZsJBNkTi0=,A2Z2i5vJmOsLZ3gIhyu9iJ552w4=
-51,-51,yiO1G9Dmp1l67c6DznZsJBNkTi0=,A2Z2i5vJmOsLZ3gIhyu9iJ552w4=
-52,-51,yiO1G9Dmp1l67c6DznZsJBNkTi0=,A2Z2i5vJmOsLZ3gIhyu9iJ552w4=
-51,-52,yiO1G9Dmp1l67c6DznZsJBNkTi0=,A2Z2i5vJmOsLZ3gIhyu9iJ552w4=
-51,-49,yiO1G9Dmp1l67c6DznZsJBNkTi0=,A2Z2i5vJmOsLZ3gIhyu9iJ552w4=
-53,-52,yiO1G9Dmp1l67c6DznZsJBNkTi0=,A2Z2i5vJmOsLZ3gIhyu9iJ552w4=
-52,-53,yiO1G9Dmp1l67c6DznZsJBNkTi0=,A2Z2i5vJmOsLZ3gIhyu9iJ552w4=
-49,-49,yiO1G9Dmp1l67c6DznZsJBNkTi0=,A2Z2i5vJmOsLZ3gIhyu9iJ552w4=
-50,-49,yiO1G9Dmp1l67c6DznZsJBNkTi0=,A2Z2i5vJmOsLZ3gIhyu9iJ552w4=
-54,-52,yiO1G9Dmp1l67c6DznZsJBNkTi0=,A2Z2i5vJmOsLZ3gIhyu9iJ552w4=
-50,-37,yiO1G9Dmp1l67c6DznZsJBNkTi0=,d9il2BHzcY1XAL9GsQOfwbutGps=
-53,-35,yiO1G9Dmp1l67c6DznZsJBNkTi0=,d9il2BHzcY1XAL9GsQOfwbutGps=
-54,-35,yiO1G9Dmp1l67c6DznZsJBNkTi0=,d9il2BHzcY1XAL9GsQOfwbutGps=
-55,-35,yiO1G9Dmp1l67c6DznZsJBNkTi0=,d9il2BHzcY1XAL9GsQOfwbutGps=
-51,-36,yiO1G9Dmp1l67c6DznZsJBNkTi0=,d9il2BHzcY1XAL9GsQOfwbutGps=
-55,-39,yiO1G9Dmp1l67c6DznZsJBNkTi0=,d9il2BHzcY1XAL9GsQOfwbutGps=
-56,-39,yiO1G9Dmp1l67c6DznZsJBNkTi0=,d9il2BHzcY1XAL9GsQOfwbutGps=
-52,-36,yiO1G9Dmp1l67c6DznZsJBNkTi0=,d9il2BHzcY1XAL9GsQOfwbutGps=
-49,-39,yiO1G9Dmp1l67c6DznZsJBNkTi0=,d9il2BHzcY1XAL9GsQOfwbutGps=
-51,-37,yiO1G9Dmp1l67c6DznZsJBNkTi0=,d9il2BHzcY1XAL9GsQOfwbutGps=
-50,-39,yiO1G9Dmp1l67c6DznZsJBNkTi0=,d9il2BHzcY1XAL9GsQOfwbutGps=
-52,-37,yiO1G9Dmp1l67c6DznZsJBNkTi0=,d9il2BHzcY1XAL9GsQOfwbutGps=
-53,-37,yiO1G9Dmp1l67c6DznZsJBNkTi0=,d9il2BHzcY1XAL9GsQOfwbutGps=
-53,-36,yiO1G9Dmp1l67c6DznZsJBNkTi0=,d9il2BHzcY1XAL9GsQOfwbutGps=
-51,-39,yiO1G9Dmp1l67c6DznZsJBNkTi0=,d9il2BHzcY1XAL9GsQOfwbutGps=
-49,-33,yiO1G9Dmp1l67c6DznZsJBNkTi0=,d9il2BHzcY1XAL9GsQOfwbutGps=
-50,-33,yiO1G9Dmp1l67c6DznZsJBNkTi0=,d9il2BHzcY1XAL9GsQOfwbutGps=
-52,-39,yiO1G9Dmp1l67c6DznZsJBNkTi0=,d9il2BHzcY1XAL9GsQOfwbutGps=
-51,-33,yiO1G9Dmp1l67c6DznZsJBNkTi0=,d9il2BHzcY1XAL9GsQOfwbutGps=
-54,-36,yiO1G9Dmp1l67c6DznZsJBNkTi0=,d9il2BHzcY1XAL9GsQOfwbutGps=
-52,-33,yiO1G9Dmp1l67c6DznZsJBNkTi0=,d9il2BHzcY1XAL9GsQOfwbutGps=
-54,-37,yiO1G9Dmp1l67c6DznZsJBNkTi0=,d9il2BHzcY1XAL9GsQOfwbutGps=
-54,-33,yiO1G9Dmp1l67c6DznZsJBNkTi0=,d9il2BHzcY1XAL9GsQOfwbutGps=
-53,-33,yiO1G9Dmp1l67c6DznZsJBNkTi0=,d9il2BHzcY1XAL9GsQOfwbutGps=
-55,-33,yiO1G9Dmp1l67c6DznZsJBNkTi0=,d9il2BHzcY1XAL9GsQOfwbutGps=
-56,-33,yiO1G9Dmp1l67c6DznZsJBNkTi0=,d9il2BHzcY1XAL9GsQOfwbutGps=
-50,-34,yiO1G9Dmp1l67c6DznZsJBNkTi0=,d9il2BHzcY1XAL9GsQOfwbutGps=
-53,-39,yiO1G9Dmp1l67c6DznZsJBNkTi0=,d9il2BHzcY1XAL9GsQOfwbutGps=
-51,-34,yiO1G9Dmp1l67c6DznZsJBNkTi0=,d9il2BHzcY1XAL9GsQOfwbutGps=
-55,-37,yiO1G9Dmp1l67c6DznZsJBNkTi0=,d9il2BHzcY1XAL9GsQOfwbutGps=
-53,-34,yiO1G9Dmp1l67c6DznZsJBNkTi0=,d9il2BHzcY1XAL9GsQOfwbutGps=
-54,-34,yiO1G9Dmp1l67c6DznZsJBNkTi0=,d9il2BHzcY1XAL9GsQOfwbutGps=
-52,-34,yiO1G9Dmp1l67c6DznZsJBNkTi0=,d9il2BHzcY1XAL9GsQOfwbutGps=
-49,-34,yiO1G9Dmp1l67c6DznZsJBNkTi0=,d9il2BHzcY1XAL9GsQOfwbutGps=
-55,-34,yiO1G9Dmp1l67c6DznZsJBNkTi0=,d9il2BHzcY1XAL9GsQOfwbutGps=
-49,-35,yiO1G9Dmp1l67c6DznZsJBNkTi0=,d9il2BHzcY1XAL9GsQOfwbutGps=
-50,-35,yiO1G9Dmp1l67c6DznZsJBNkTi0=,d9il2BHzcY1XAL9GsQOfwbutGps=
-51,-35,yiO1G9Dmp1l67c6DznZsJBNkTi0=,d9il2BHzcY1XAL9GsQOfwbutGps=
-54,-39,yiO1G9Dmp1l67c6DznZsJBNkTi0=,d9il2BHzcY1XAL9GsQOfwbutGps=
-56,-34,yiO1G9Dmp1l67c6DznZsJBNkTi0=,d9il2BHzcY1XAL9GsQOfwbutGps=
-50,-38,yiO1G9Dmp1l67c6DznZsJBNkTi0=,d9il2BHzcY1XAL9GsQOfwbutGps=
-52,-35,yiO1G9Dmp1l67c6DznZsJBNkTi0=,d9il2BHzcY1XAL9GsQOfwbutGps=
-51,-38,yiO1G9Dmp1l67c6DznZsJBNkTi0=,d9il2BHzcY1XAL9GsQOfwbutGps=
-52,-38,yiO1G9Dmp1l67c6DznZsJBNkTi0=,d9il2BHzcY1XAL9GsQOfwbutGps=
-53,-38,yiO1G9Dmp1l67c6DznZsJBNkTi0=,d9il2BHzcY1XAL9GsQOfwbutGps=
-55,-38,yiO1G9Dmp1l67c6DznZsJBNkTi0=,d9il2BHzcY1XAL9GsQOfwbutGps=
-49,-38,yiO1G9Dmp1l67c6DznZsJBNkTi0=,d9il2BHzcY1XAL9GsQOfwbutGps=
-54,-38,yiO1G9Dmp1l67c6DznZsJBNkTi0=,d9il2BHzcY1XAL9GsQOfwbutGps=
-55,-36,yiO1G9Dmp1l67c6DznZsJBNkTi0=,d9il2BHzcY1XAL9GsQOfwbutGps=
-56,-37,yiO1G9Dmp1l67c6DznZsJBNkTi0=,d9il2BHzcY1XAL9GsQOfwbutGps=
-56,-35,yiO1G9Dmp1l67c6DznZsJBNkTi0=,d9il2BHzcY1XAL9GsQOfwbutGps=
-56,-38,yiO1G9Dmp1l67c6DznZsJBNkTi0=,d9il2BHzcY1XAL9GsQOfwbutGps=
-56,-36,yiO1G9Dmp1l67c6DznZsJBNkTi0=,d9il2BHzcY1XAL9GsQOfwbutGps=
-49,-37,yiO1G9Dmp1l67c6DznZsJBNkTi0=,d9il2BHzcY1XAL9GsQOfwbutGps=
-50,-36,yiO1G9Dmp1l67c6DznZsJBNkTi0=,d9il2BHzcY1XAL9GsQOfwbutGps=
-49,-41,yiO1G9Dmp1l67c6DznZsJBNkTi0=,oNWNxKhHgR9lXszg/DOOnKYmkdY=
-49,-36,yiO1G9Dmp1l67c6DznZsJBNkTi0=,d9il2BHzcY1XAL9GsQOfwbutGps=
-50,-41,yiO1G9Dmp1l67c6DznZsJBNkTi0=,oNWNxKhHgR9lXszg/DOOnKYmkdY=
-51,-41,yiO1G9Dmp1l67c6DznZsJBNkTi0=,oNWNxKhHgR9lXszg/DOOnKYmkdY=
-53,-41,yiO1G9Dmp1l67c6DznZsJBNkTi0=,oNWNxKhHgR9lXszg/DOOnKYmkdY=
-53,-40,yiO1G9Dmp1l67c6DznZsJBNkTi0=,d9il2BHzcY1XAL9GsQOfwbutGps=
-54,-45,yiO1G9Dmp1l67c6DznZsJBNkTi0=,oNWNxKhHgR9lXszg/DOOnKYmkdY=
-55,-45,yiO1G9Dmp1l67c6DznZsJBNkTi0=,oNWNxKhHgR9lXszg/DOOnKYmkdY=
-53,-45,yiO1G9Dmp1l67c6DznZsJBNkTi0=,oNWNxKhHgR9lXszg/DOOnKYmkdY=
-56,-45,yiO1G9Dmp1l67c6DznZsJBNkTi0=,oNWNxKhHgR9lXszg/DOOnKYmkdY=
-51,-46,yiO1G9Dmp1l67c6DznZsJBNkTi0=,oNWNxKhHgR9lXszg/DOOnKYmkdY=
-56,-41,yiO1G9Dmp1l67c6DznZsJBNkTi0=,oNWNxKhHgR9lXszg/DOOnKYmkdY=
-54,-41,yiO1G9Dmp1l67c6DznZsJBNkTi0=,oNWNxKhHgR9lXszg/DOOnKYmkdY=
-55,-41,yiO1G9Dmp1l67c6DznZsJBNkTi0=,oNWNxKhHgR9lXszg/DOOnKYmkdY=
-54,-46,yiO1G9Dmp1l67c6DznZsJBNkTi0=,oNWNxKhHgR9lXszg/DOOnKYmkdY=
-52,-41,yiO1G9Dmp1l67c6DznZsJBNkTi0=,oNWNxKhHgR9lXszg/DOOnKYmkdY=
-49,-42,yiO1G9Dmp1l67c6DznZsJBNkTi0=,oNWNxKhHgR9lXszg/DOOnKYmkdY=
-51,-42,yiO1G9Dmp1l67c6DznZsJBNkTi0=,oNWNxKhHgR9lXszg/DOOnKYmkdY=
-56,-46,yiO1G9Dmp1l67c6DznZsJBNkTi0=,oNWNxKhHgR9lXszg/DOOnKYmkdY=
-55,-46,yiO1G9Dmp1l67c6DznZsJBNkTi0=,oNWNxKhHgR9lXszg/DOOnKYmkdY=
-52,-42,yiO1G9Dmp1l67c6DznZsJBNkTi0=,oNWNxKhHgR9lXszg/DOOnKYmkdY=
-50,-42,yiO1G9Dmp1l67c6DznZsJBNkTi0=,oNWNxKhHgR9lXszg/DOOnKYmkdY=
-53,-42,yiO1G9Dmp1l67c6DznZsJBNkTi0=,oNWNxKhHgR9lXszg/DOOnKYmkdY=
-55,-42,yiO1G9Dmp1l67c6DznZsJBNkTi0=,oNWNxKhHgR9lXszg/DOOnKYmkdY=
-56,-42,yiO1G9Dmp1l67c6DznZsJBNkTi0=,oNWNxKhHgR9lXszg/DOOnKYmkdY=
-54,-42,yiO1G9Dmp1l67c6DznZsJBNkTi0=,oNWNxKhHgR9lXszg/DOOnKYmkdY=
-53,-47,yiO1G9Dmp1l67c6DznZsJBNkTi0=,oNWNxKhHgR9lXszg/DOOnKYmkdY=
-49,-43,yiO1G9Dmp1l67c6DznZsJBNkTi0=,oNWNxKhHgR9lXszg/DOOnKYmkdY=
-54,-47,yiO1G9Dmp1l67c6DznZsJBNkTi0=,oNWNxKhHgR9lXszg/DOOnKYmkdY=
-56,-47,yiO1G9Dmp1l67c6DznZsJBNkTi0=,oNWNxKhHgR9lXszg/DOOnKYmkdY=
-55,-47,yiO1G9Dmp1l67c6DznZsJBNkTi0=,oNWNxKhHgR9lXszg/DOOnKYmkdY=
-50,-46,yiO1G9Dmp1l67c6DznZsJBNkTi0=,oNWNxKhHgR9lXszg/DOOnKYmkdY=
-49,-40,yiO1G9Dmp1l67c6DznZsJBNkTi0=,d9il2BHzcY1XAL9GsQOfwbutGps=
-50,-43,yiO1G9Dmp1l67c6DznZsJBNkTi0=,oNWNxKhHgR9lXszg/DOOnKYmkdY=
-51,-43,yiO1G9Dmp1l67c6DznZsJBNkTi0=,oNWNxKhHgR9lXszg/DOOnKYmkdY=
-54,-48,yiO1G9Dmp1l67c6DznZsJBNkTi0=,oNWNxKhHgR9lXszg/DOOnKYmkdY=
-55,-48,yiO1G9Dmp1l67c6DznZsJBNkTi0=,oNWNxKhHgR9lXszg/DOOnKYmkdY=
-53,-48,yiO1G9Dmp1l67c6DznZsJBNkTi0=,oNWNxKhHgR9lXszg/DOOnKYmkdY=
-56,-48,yiO1G9Dmp1l67c6DznZsJBNkTi0=,oNWNxKhHgR9lXszg/DOOnKYmkdY=
-53,-43,yiO1G9Dmp1l67c6DznZsJBNkTi0=,oNWNxKhHgR9lXszg/DOOnKYmkdY=
-52,-43,yiO1G9Dmp1l67c6DznZsJBNkTi0=,oNWNxKhHgR9lXszg/DOOnKYmkdY=
-54,-40,yiO1G9Dmp1l67c6DznZsJBNkTi0=,d9il2BHzcY1XAL9GsQOfwbutGps=
-54,-43,yiO1G9Dmp1l67c6DznZsJBNkTi0=,oNWNxKhHgR9lXszg/DOOnKYmkdY=
-55,-43,yiO1G9Dmp1l67c6DznZsJBNkTi0=,oNWNxKhHgR9lXszg/DOOnKYmkdY=
-56,-43,yiO1G9Dmp1l67c6DznZsJBNkTi0=,oNWNxKhHgR9lXszg/DOOnKYmkdY=
-49,-44,yiO1G9Dmp1l67c6DznZsJBNkTi0=,oNWNxKhHgR9lXszg/DOOnKYmkdY=
-52,-45,yiO1G9Dmp1l67c6DznZsJBNkTi0=,oNWNxKhHgR9lXszg/DOOnKYmkdY=
-50,-44,yiO1G9Dmp1l67c6DznZsJBNkTi0=,oNWNxKhHgR9lXszg/DOOnKYmkdY=
-51,-45,yiO1G9Dmp1l67c6DznZsJBNkTi0=,oNWNxKhHgR9lXszg/DOOnKYmkdY=
-52,-47,yiO1G9Dmp1l67c6DznZsJBNkTi0=,oNWNxKhHgR9lXszg/DOOnKYmkdY=
-50,-45,yiO1G9Dmp1l67c6DznZsJBNkTi0=,oNWNxKhHgR9lXszg/DOOnKYmkdY=
-49,-45,yiO1G9Dmp1l67c6DznZsJBNkTi0=,oNWNxKhHgR9lXszg/DOOnKYmkdY=
-56,-40,yiO1G9Dmp1l67c6DznZsJBNkTi0=,d9il2BHzcY1XAL9GsQOfwbutGps=
-50,-40,yiO1G9Dmp1l67c6DznZsJBNkTi0=,d9il2BHzcY1XAL9GsQOfwbutGps=
-52,-44,yiO1G9Dmp1l67c6DznZsJBNkTi0=,oNWNxKhHgR9lXszg/DOOnKYmkdY=
-56,-44,yiO1G9Dmp1l67c6DznZsJBNkTi0=,oNWNxKhHgR9lXszg/DOOnKYmkdY=
-55,-40,yiO1G9Dmp1l67c6DznZsJBNkTi0=,d9il2BHzcY1XAL9GsQOfwbutGps=
-51,-40,yiO1G9Dmp1l67c6DznZsJBNkTi0=,d9il2BHzcY1XAL9GsQOfwbutGps=
-52,-40,yiO1G9Dmp1l67c6DznZsJBNkTi0=,d9il2BHzcY1XAL9GsQOfwbutGps=
-55,-44,yiO1G9Dmp1l67c6DznZsJBNkTi0=,oNWNxKhHgR9lXszg/DOOnKYmkdY=
-54,-44,yiO1G9Dmp1l67c6DznZsJBNkTi0=,oNWNxKhHgR9lXszg/DOOnKYmkdY=
-53,-44,yiO1G9Dmp1l67c6DznZsJBNkTi0=,oNWNxKhHgR9lXszg/DOOnKYmkdY=
-53,-46,yiO1G9Dmp1l67c6DznZsJBNkTi0=,oNWNxKhHgR9lXszg/DOOnKYmkdY=
-52,-48,yiO1G9Dmp1l67c6DznZsJBNkTi0=,oNWNxKhHgR9lXszg/DOOnKYmkdY=
-51,-44,yiO1G9Dmp1l67c6DznZsJBNkTi0=,oNWNxKhHgR9lXszg/DOOnKYmkdY=
-51,-47,yiO1G9Dmp1l67c6DznZsJBNkTi0=,oNWNxKhHgR9lXszg/DOOnKYmkdY=
-49,-46,yiO1G9Dmp1l67c6DznZsJBNkTi0=,oNWNxKhHgR9lXszg/DOOnKYmkdY=
-52,-46,yiO1G9Dmp1l67c6DznZsJBNkTi0=,oNWNxKhHgR9lXszg/DOOnKYmkdY=
-49,-48,yiO1G9Dmp1l67c6DznZsJBNkTi0=,oNWNxKhHgR9lXszg/DOOnKYmkdY=
-49,-47,yiO1G9Dmp1l67c6DznZsJBNkTi0=,oNWNxKhHgR9lXszg/DOOnKYmkdY=
-51,-48,yiO1G9Dmp1l67c6DznZsJBNkTi0=,oNWNxKhHgR9lXszg/DOOnKYmkdY=
-50,-47,yiO1G9Dmp1l67c6DznZsJBNkTi0=,oNWNxKhHgR9lXszg/DOOnKYmkdY=
-50,-48,yiO1G9Dmp1l67c6DznZsJBNkTi0=,oNWNxKhHgR9lXszg/DOOnKYmkdY=
