17,-76,rzJgBqvb4I1vjvyd4UEAK4mJR88=,Z7oURcl20z9hAmgd5OGjjEJLcbc=
20,-75,rzJgBqvb4I1vjvyd4UEAK4mJR88=,Z7oURcl20z9hAmgd5OGjjEJLcbc=
22,-76,rzJgBqvb4I1vjvyd4UEAK4mJR88=,Z7oURcl20z9hAmgd5OGjjEJLcbc=
16,-78,rzJgBqvb4I1vjvyd4UEAK4mJR88=,Z7oURcl20z9hAmgd5OGjjEJLcbc=
16,-76,rzJgBqvb4I1vjvyd4UEAK4mJR88=,Z7oURcl20z9hAmgd5OGjjEJLcbc=
19,-75,rzJgBqvb4I1vjvyd4UEAK4mJR88=,Z7oURcl20z9hAmgd5OGjjEJLcbc=
18,-75,rzJgBqvb4I1vjvyd4UEAK4mJR88=,Z7oURcl20z9hAmgd5OGjjEJLcbc=
20,-76,rzJgBqvb4I1vjvyd4UEAK4mJR88=,Z7oURcl20z9hAmgd5OGjjEJLcbc=
23,-77,rzJgBqvb4I1vjvyd4UEAK4mJR88=,Z7oURcl20z9hAmgd5OGjjEJLcbc=
21,-76,rzJgBqvb4I1vjvyd4UEAK4mJR88=,Z7oURcl20z9hAmgd5OGjjEJLcbc=
23,-79,rzJgBqvb4I1vjvyd4UEAK4mJR88=,Z7oURcl20z9hAmgd5OGjjEJLcbc=
23,-74,rzJgBqvb4I1vjvyd4UEAK4mJR88=,Z7oURcl20z9hAmgd5OGjjEJLcbc=
21,-77,rzJgBqvb4I1vjvyd4UEAK4mJR88=,Z7oURcl20z9hAmgd5OGjjEJLcbc=
16,-77,rzJgBqvb4I1vjvyd4UEAK4mJR88=,Z7oURcl20z9hAmgd5OGjjEJLcbc=
20,-77,rzJgBqvb4I1vjvyd4UEAK4mJR88=,Z7oURcl20z9hAmgd5OGjjEJLcbc=
22,-77,rzJgBqvb4I1vjvyd4UEAK4mJR88=,Z7oURcl20z9hAmgd5OGjjEJLcbc=
22,-74,rzJgBqvb4I1vjvyd4UEAK4mJR88=,Z7oURcl20z9hAmgd5OGjjEJLcbc=
21,-74,rzJgBqvb4I1vjvyd4UEAK4mJR88=,Z7oURcl20z9hAmgd5OGjjEJLcbc=
22,-79,rzJgBqvb4I1vjvyd4UEAK4mJR88=,Z7oURcl20z9hAmgd5OGjjEJLcbc=
21,-79,rzJgBqvb4I1vjvyd4UEAK4mJR88=,Z7oURcl20z9hAmgd5OGjjEJLcbc=
20,-80,rzJgBqvb4I1vjvyd4UEAK4mJR88=,Z7oURcl20z9hAmgd5OGjjEJLcbc=
19,-77,rzJgBqvb4I1vjvyd4UEAK4mJR88=,Z7oURcl20z9hAmgd5OGjjEJLcbc=
20,-79,rzJgBqvb4I1vjvyd4UEAK4mJR88=,Z7oURcl20z9hAmgd5OGjjEJLcbc=
20,-74,rzJgBqvb4I1vjvyd4UEAK4mJR88=,Z7oURcl20z9hAmgd5OGjjEJLcbc=
18,-74,rzJgBqvb4I1vjvyd4UEAK4mJR88=,Z7oURcl20z9hAmgd5OGjjEJLcbc=
19,-74,rzJgBqvb4I1vjvyd4UEAK4mJR88=,Z7oURcl20z9hAmgd5OGjjEJLcbc=
17,-74,rzJgBqvb4I1vjvyd4UEAK4mJR88=,Z7oURcl20z9hAmgd5OGjjEJLcbc=
18,-77,rzJgBqvb4I1vjvyd4UEAK4mJR88=,Z7oURcl20z9hAmgd5OGjjEJLcbc=
18,-79,rzJgBqvb4I1vjvyd4UEAK4mJR88=,Z7oURcl20z9hAmgd5OGjjEJLcbc=
19,-80,rzJgBqvb4I1vjvyd4UEAK4mJR88=,Z7oURcl20z9hAmgd5OGjjEJLcbc=
16,-74,rzJgBqvb4I1vjvyd4UEAK4mJR88=,Z7oURcl20z9hAmgd5OGjjEJLcbc=
23,-78,rzJgBqvb4I1vjvyd4UEAK4mJR88=,Z7oURcl20z9hAmgd5OGjjEJLcbc=
17,-79,rzJgBqvb4I1vjvyd4UEAK4mJR88=,Z7oURcl20z9hAmgd5OGjjEJLcbc=
21,-78,rzJgBqvb4I1vjvyd4UEAK4mJR88=,Z7oURcl20z9hAmgd5OGjjEJLcbc=
22,-78,rzJgBqvb4I1vjvyd4UEAK4mJR88=,Z7oURcl20z9hAmgd5OGjjEJLcbc=
20,-78,rzJgBqvb4I1vjvyd4UEAK4mJR88=,Z7oURcl20z9hAmgd5OGjjEJLcbc=
19,-79,rzJgBqvb4I1vjvyd4UEAK4mJR88=,Z7oURcl20z9hAmgd5OGjjEJLcbc=
16,-75,rzJgBqvb4I1vjvyd4UEAK4mJR88=,Z7oURcl20z9hAmgd5OGjjEJLcbc=
16,-79,rzJgBqvb4I1vjvyd4UEAK4mJR88=,Z7oURcl20z9hAmgd5OGjjEJLcbc=
19,-78,rzJgBqvb4I1vjvyd4UEAK4mJR88=,Z7oURcl20z9hAmgd5OGjjEJLcbc=
17,-78,rzJgBqvb4I1vjvyd4UEAK4mJR88=,Z7oURcl20z9hAmgd5OGjjEJLcbc=
18,-78,rzJgBqvb4I1vjvyd4UEAK4mJR88=,Z7oURcl20z9hAmgd5OGjjEJLcbc=
23,-80,rzJgBqvb4I1vjvyd4UEAK4mJR88=,Z7oURcl20z9hAmgd5OGjjEJLcbc=
23,-75,rzJgBqvb4I1vjvyd4UEAK4mJR88=,Z7oURcl20z9hAmgd5OGjjEJLcbc=
22,-75,rzJgBqvb4I1vjvyd4UEAK4mJR88=,Z7oURcl20z9hAmgd5OGjjEJLcbc=
18,-80,rzJgBqvb4I1vjvyd4UEAK4mJR88=,Z7oURcl20z9hAmgd5OGjjEJLcbc=
17,-75,rzJgBqvb4I1vjvyd4UEAK4mJR88=,Z7oURcl20z9hAmgd5OGjjEJLcbc=
22,-80,rzJgBqvb4I1vjvyd4UEAK4mJR88=,Z7oURcl20z9hAmgd5OGjjEJLcbc=
21,-80,rzJgBqvb4I1vjvyd4UEAK4mJR88=,Z7oURcl20z9hAmgd5OGjjEJLcbc=
17,-77,rzJgBqvb4I1vjvyd4UEAK4mJR88=,Z7oURcl20z9hAmgd5OGjjEJLcbc=
23,-76,rzJgBqvb4I1vjvyd4UEAK4mJR88=,Z7oURcl20z9hAmgd5OGjjEJLcbc=
17,-80,rzJgBqvb4I1vjvyd4UEAK4mJR88=,Z7oURcl20z9hAmgd5OGjjEJLcbc=
19,-76,rzJgBqvb4I1vjvyd4UEAK4mJR88=,Z7oURcl20z9hAmgd5OGjjEJLcbc=
21,-75,rzJgBqvb4I1vjvyd4UEAK4mJR88=,Z7oURcl20z9hAmgd5OGjjEJLcbc=
16,-80,rzJgBqvb4I1vjvyd4UEAK4mJR88=,Z7oURcl20z9hAmgd5OGjjEJLcbc=
20,-67,rzJgBqvb4I1vjvyd4UEAK4mJR88=,7OtgovQn2jB6vSLFmKpCgZ4LrBg=
18,-76,rzJgBqvb4I1vjvyd4UEAK4mJR88=,Z7oURcl20z9hAmgd5OGjjEJLcbc=
21,-67,rzJgBqvb4I1vjvyd4UEAK4mJR88=,7OtgovQn2jB6vSLFmKpCgZ4LrBg=
20,-73,rzJgBqvb4I1vjvyd4UEAK4mJR88=,Z7oURcl20z9hAmgd5OGjjEJLcbc=
21,-73,rzJgBqvb4I1vjvyd4UEAK4mJR88=,Z7oURcl20z9hAmgd5OGjjEJLcbc=
22,-73,rzJgBqvb4I1vjvyd4UEAK4mJR88=,Z7oURcl20z9hAmgd5OGjjEJLcbc=
22,-67,rzJgBqvb4I1vjvyd4UEAK4mJR88=,7OtgovQn2jB6vSLFmKpCgZ4LrBg=
23,-67,rzJgBqvb4I1vjvyd4UEAK4mJR88=,7OtgovQn2jB6vSLFmKpCgZ4LrBg=
19,-67,rzJgBqvb4I1vjvyd4UEAK4mJR88=,7OtgovQn2jB6vSLFmKpCgZ4LrBg=
19,-73,rzJgBqvb4I1vjvyd4UEAK4mJR88=,Z7oURcl20z9hAmgd5OGjjEJLcbc=
18,-73,rzJgBqvb4I1vjvyd4UEAK4mJR88=,Z7oURcl20z9hAmgd5OGjjEJLcbc=
18,-67,rzJgBqvb4I1vjvyd4UEAK4mJR88=,7OtgovQn2jB6vSLFmKpCgZ4LrBg=
23,-68,rzJgBqvb4I1vjvyd4UEAK4mJR88=,7OtgovQn2jB6vSLFmKpCgZ4LrBg=
21,-68,rzJgBqvb4I1vjvyd4UEAK4mJR88=,7OtgovQn2jB6vSLFmKpCgZ4LrBg=
19,-68,rzJgBqvb4I1vjvyd4UEAK4mJR88=,7OtgovQn2jB6vSLFmKpCgZ4LrBg=
20,-68,rzJgBqvb4I1vjvyd4UEAK4mJR88=,7OtgovQn2jB6vSLFmKpCgZ4LrBg=
17,-73,rzJgBqvb4I1vjvyd4UEAK4mJR88=,Z7oURcl20z9hAmgd5OGjjEJLcbc=
18,-68,rzJgBqvb4I1vjvyd4UEAK4mJR88=,7OtgovQn2jB6vSLFmKpCgZ4LrBg=
17,-67,rzJgBqvb4I1vjvyd4UEAK4mJR88=,7OtgovQn2jB6vSLFmKpCgZ4LrBg=
17,-68,rzJgBqvb4I1vjvyd4UEAK4mJR88=,7OtgovQn2jB6vSLFmKpCgZ4LrBg=
23,-69,rzJgBqvb4I1vjvyd4UEAK4mJR88=,7OtgovQn2jB6vSLFmKpCgZ4LrBg=
16,-68,rzJgBqvb4I1vjvyd4UEAK4mJR88=,7OtgovQn2jB6vSLFmKpCgZ4LrBg=
22,-69,rzJgBqvb4I1vjvyd4UEAK4mJR88=,7OtgovQn2jB6vSLFmKpCgZ4LrBg=
20,-69,rzJgBqvb4I1vjvyd4UEAK4mJR88=,7OtgovQn2jB6vSLFmKpCgZ4LrBg=
19,-69,rzJgBqvb4I1vjvyd4UEAK4mJR88=,7OtgovQn2jB6vSLFmKpCgZ4LrBg=
18,-69,rzJgBqvb4I1vjvyd4UEAK4mJR88=,7OtgovQn2jB6vSLFmKpCgZ4LrBg=
17,-69,rzJgBqvb4I1vjvyd4UEAK4mJR88=,7OtgovQn2jB6vSLFmKpCgZ4LrBg=
22,-68,rzJgBqvb4I1vjvyd4UEAK4mJR88=,7OtgovQn2jB6vSLFmKpCgZ4LrBg=
16,-69,rzJgBqvb4I1vjvyd4UEAK4mJR88=,7OtgovQn2jB6vSLFmKpCgZ4LrBg=
23,-70,rzJgBqvb4I1vjvyd4UEAK4mJR88=,7OtgovQn2jB6vSLFmKpCgZ4LrBg=
21,-69,rzJgBqvb4I1vjvyd4UEAK4mJR88=,7OtgovQn2jB6vSLFmKpCgZ4LrBg=
21,-70,rzJgBqvb4I1vjvyd4UEAK4mJR88=,7OtgovQn2jB6vSLFmKpCgZ4LrBg=
20,-70,rzJgBqvb4I1vjvyd4UEAK4mJR88=,7OtgovQn2jB6vSLFmKpCgZ4LrBg=
22,-70,rzJgBqvb4I1vjvyd4UEAK4mJR88=,7OtgovQn2jB6vSLFmKpCgZ4LrBg=
19,-70,rzJgBqvb4I1vjvyd4UEAK4mJR88=,7OtgovQn2jB6vSLFmKpCgZ4LrBg=
23,-65,rzJgBqvb4I1vjvyd4UEAK4mJR88=,7OtgovQn2jB6vSLFmKpCgZ4LrBg=
21,-65,rzJgBqvb4I1vjvyd4UEAK4mJR88=,7OtgovQn2jB6vSLFmKpCgZ4LrBg=
18,-70,rzJgBqvb4I1vjvyd4UEAK4mJR88=,7OtgovQn2jB6vSLFmKpCgZ4LrBg=
16,-70,rzJgBqvb4I1vjvyd4UEAK4mJR88=,7OtgovQn2jB6vSLFmKpCgZ4LrBg=
22,-71,rzJgBqvb4I1vjvyd4UEAK4mJR88=,7OtgovQn2jB6vSLFmKpCgZ4LrBg=
23,-71,rzJgBqvb4I1vjvyd4UEAK4mJR88=,7OtgovQn2jB6vSLFmKpCgZ4LrBg=
20,-71,rzJgBqvb4I1vjvyd4UEAK4mJR88=,7OtgovQn2jB6vSLFmKpCgZ4LrBg=
18,-65,rzJgBqvb4I1vjvyd4UEAK4mJR88=,7OtgovQn2jB6vSLFmKpCgZ4LrBg=
17,-65,rzJgBqvb4I1vjvyd4UEAK4mJR88=,7OtgovQn2jB6vSLFmKpCgZ4LrBg=
18,-71,rzJgBqvb4I1vjvyd4UEAK4mJR88=,7OtgovQn2jB6vSLFmKpCgZ4LrBg=
17,-71,rzJgBqvb4I1vjvyd4UEAK4mJR88=,7OtgovQn2jB6vSLFmKpCgZ4LrBg=
21,-71,rzJgBqvb4I1vjvyd4UEAK4mJR88=,7OtgovQn2jB6vSLFmKpCgZ4LrBg=
19,-71,rzJgBqvb4I1vjvyd4UEAK4mJR88=,7OtgovQn2jB6vSLFmKpCgZ4LrBg=
23,-72,rzJgBqvb4I1vjvyd4UEAK4mJR88=,7OtgovQn2jB6vSLFmKpCgZ4LrBg=
21,-72,rzJgBqvb4I1vjvyd4UEAK4mJR88=,7OtgovQn2jB6vSLFmKpCgZ4LrBg=
22,-72,rzJgBqvb4I1vjvyd4UEAK4mJR88=,7OtgovQn2jB6vSLFmKpCgZ4LrBg=
17,-70,rzJgBqvb4I1vjvyd4UEAK4mJR88=,7OtgovQn2jB6vSLFmKpCgZ4LrBg=
20,-72,rzJgBqvb4I1vjvyd4UEAK4mJR88=,7OtgovQn2jB6vSLFmKpCgZ4LrBg=
16,-73,rzJgBqvb4I1vjvyd4UEAK4mJR88=,Z7oURcl20z9hAmgd5OGjjEJLcbc=
19,-72,rzJgBqvb4I1vjvyd4UEAK4mJR88=,7OtgovQn2jB6vSLFmKpCgZ4LrBg=
22,-66,rzJgBqvb4I1vjvyd4UEAK4mJR88=,7OtgovQn2jB6vSLFmKpCgZ4LrBg=
20,-65,rzJgBqvb4I1vjvyd4UEAK4mJR88=,7OtgovQn2jB6vSLFmKpCgZ4LrBg=
18,-72,rzJgBqvb4I1vjvyd4UEAK4mJR88=,7OtgovQn2jB6vSLFmKpCgZ4LrBg=
17,-72,rzJgBqvb4I1vjvyd4UEAK4mJR88=,7OtgovQn2jB6vSLFmKpCgZ4LrBg=
21,-66,rzJgBqvb4I1vjvyd4UEAK4mJR88=,7OtgovQn2jB6vSLFmKpCgZ4LrBg=
20,-66,rzJgBqvb4I1vjvyd4UEAK4mJR88=,7OtgovQn2jB6vSLFmKpCgZ4LrBg=
23,-73,rzJgBqvb4I1vjvyd4UEAK4mJR88=,Z7oURcl20z9hAmgd5OGjjEJLcbc=
19,-66,rzJgBqvb4I1vjvyd4UEAK4mJR88=,7OtgovQn2jB6vSLFmKpCgZ4LrBg=
18,-66,rzJgBqvb4I1vjvyd4UEAK4mJR88=,7OtgovQn2jB6vSLFmKpCgZ4LrBg=
22,-65,rzJgBqvb4I1vjvyd4UEAK4mJR88=,7OtgovQn2jB6vSLFmKpCgZ4LrBg=
17,-66,rzJgBqvb4I1vjvyd4UEAK4mJR88=,7OtgovQn2jB6vSLFmKpCgZ4LrBg=
16,-71,rzJgBqvb4I1vjvyd4UEAK4mJR88=,7OtgovQn2jB6vSLFmKpCgZ4LrBg=
23,-66,rzJgBqvb4I1vjvyd4UEAK4mJR88=,7OtgovQn2jB6vSLFmKpCgZ4LrBg=
19,-65,rzJgBqvb4I1vjvyd4UEAK4mJR88=,7OtgovQn2jB6vSLFmKpCgZ4LrBg=
16,-72,rzJgBqvb4I1vjvyd4UEAK4mJR88=,7OtgovQn2jB6vSLFmKpCgZ4LrBg=
16,-67,rzJgBqvb4I1vjvyd4UEAK4mJR88=,7OtgovQn2jB6vSLFmKpCgZ4LrBg=
16,-66,rzJgBqvb4I1vjvyd4UEAK4mJR88=,7OtgovQn2jB6vSLFmKpCgZ4LrBg=
16,-65,rzJgBqvb4I1vjvyd4UEAK4mJR88=,7OtgovQn2jB6vSLFmKpCgZ4LrBg=
4,-67,x4K88UD/INuWSbUabc7/Yu97HKs=,7IsiOoYuCAcE6xkkJ7XCbCvUFC4=
3,-67,x4K88UD/INuWSbUabc7/Yu97HKs=,7IsiOoYuCAcE6xkkJ7XCbCvUFC4=
0,-67,x4K88UD/INuWSbUabc7/Yu97HKs=,7IsiOoYuCAcE6xkkJ7XCbCvUFC4=
2,-67,x4K88UD/INuWSbUabc7/Yu97HKs=,7IsiOoYuCAcE6xkkJ7XCbCvUFC4=
6,-68,x4K88UD/INuWSbUabc7/Yu97HKs=,7IsiOoYuCAcE6xkkJ7XCbCvUFC4=
4,-68,x4K88UD/INuWSbUabc7/Yu97HKs=,7IsiOoYuCAcE6xkkJ7XCbCvUFC4=
3,-68,x4K88UD/INuWSbUabc7/Yu97HKs=,7IsiOoYuCAcE6xkkJ7XCbCvUFC4=
5,-68,x4K88UD/INuWSbUabc7/Yu97HKs=,7IsiOoYuCAcE6xkkJ7XCbCvUFC4=
1,-67,x4K88UD/INuWSbUabc7/Yu97HKs=,7IsiOoYuCAcE6xkkJ7XCbCvUFC4=
2,-68,x4K88UD/INuWSbUabc7/Yu97HKs=,7IsiOoYuCAcE6xkkJ7XCbCvUFC4=
1,-68,x4K88UD/INuWSbUabc7/Yu97HKs=,7IsiOoYuCAcE6xkkJ7XCbCvUFC4=
0,-68,x4K88UD/INuWSbUabc7/Yu97HKs=,7IsiOoYuCAcE6xkkJ7XCbCvUFC4=
5,-69,x4K88UD/INuWSbUabc7/Yu97HKs=,7IsiOoYuCAcE6xkkJ7XCbCvUFC4=
4,-69,x4K88UD/INuWSbUabc7/Yu97HKs=,7IsiOoYuCAcE6xkkJ7XCbCvUFC4=
3,-69,x4K88UD/INuWSbUabc7/Yu97HKs=,7IsiOoYuCAcE6xkkJ7XCbCvUFC4=
2,-69,x4K88UD/INuWSbUabc7/Yu97HKs=,7IsiOoYuCAcE6xkkJ7XCbCvUFC4=
1,-69,x4K88UD/INuWSbUabc7/Yu97HKs=,7IsiOoYuCAcE6xkkJ7XCbCvUFC4=
0,-69,x4K88UD/INuWSbUabc7/Yu97HKs=,7IsiOoYuCAcE6xkkJ7XCbCvUFC4=
6,-70,x4K88UD/INuWSbUabc7/Yu97HKs=,7IsiOoYuCAcE6xkkJ7XCbCvUFC4=
5,-70,x4K88UD/INuWSbUabc7/Yu97HKs=,7IsiOoYuCAcE6xkkJ7XCbCvUFC4=
4,-70,x4K88UD/INuWSbUabc7/Yu97HKs=,7IsiOoYuCAcE6xkkJ7XCbCvUFC4=
3,-70,x4K88UD/INuWSbUabc7/Yu97HKs=,7IsiOoYuCAcE6xkkJ7XCbCvUFC4=
2,-70,x4K88UD/INuWSbUabc7/Yu97HKs=,7IsiOoYuCAcE6xkkJ7XCbCvUFC4=
1,-70,x4K88UD/INuWSbUabc7/Yu97HKs=,7IsiOoYuCAcE6xkkJ7XCbCvUFC4=
0,-70,x4K88UD/INuWSbUabc7/Yu97HKs=,7IsiOoYuCAcE6xkkJ7XCbCvUFC4=
6,-71,x4K88UD/INuWSbUabc7/Yu97HKs=,7IsiOoYuCAcE6xkkJ7XCbCvUFC4=
5,-71,x4K88UD/INuWSbUabc7/Yu97HKs=,7IsiOoYuCAcE6xkkJ7XCbCvUFC4=
6,-65,x4K88UD/INuWSbUabc7/Yu97HKs=,7IsiOoYuCAcE6xkkJ7XCbCvUFC4=
4,-71,x4K88UD/INuWSbUabc7/Yu97HKs=,7IsiOoYuCAcE6xkkJ7XCbCvUFC4=
3,-71,x4K88UD/INuWSbUabc7/Yu97HKs=,7IsiOoYuCAcE6xkkJ7XCbCvUFC4=
2,-71,x4K88UD/INuWSbUabc7/Yu97HKs=,7IsiOoYuCAcE6xkkJ7XCbCvUFC4=
1,-71,x4K88UD/INuWSbUabc7/Yu97HKs=,7IsiOoYuCAcE6xkkJ7XCbCvUFC4=
0,-71,x4K88UD/INuWSbUabc7/Yu97HKs=,7IsiOoYuCAcE6xkkJ7XCbCvUFC4=
5,-65,x4K88UD/INuWSbUabc7/Yu97HKs=,7IsiOoYuCAcE6xkkJ7XCbCvUFC4=
4,-65,x4K88UD/INuWSbUabc7/Yu97HKs=,7IsiOoYuCAcE6xkkJ7XCbCvUFC4=
6,-72,x4K88UD/INuWSbUabc7/Yu97HKs=,7IsiOoYuCAcE6xkkJ7XCbCvUFC4=
5,-72,x4K88UD/INuWSbUabc7/Yu97HKs=,7IsiOoYuCAcE6xkkJ7XCbCvUFC4=
3,-65,x4K88UD/INuWSbUabc7/Yu97HKs=,7IsiOoYuCAcE6xkkJ7XCbCvUFC4=
2,-65,x4K88UD/INuWSbUabc7/Yu97HKs=,7IsiOoYuCAcE6xkkJ7XCbCvUFC4=
4,-72,x4K88UD/INuWSbUabc7/Yu97HKs=,7IsiOoYuCAcE6xkkJ7XCbCvUFC4=
3,-72,x4K88UD/INuWSbUabc7/Yu97HKs=,7IsiOoYuCAcE6xkkJ7XCbCvUFC4=
1,-65,x4K88UD/INuWSbUabc7/Yu97HKs=,7IsiOoYuCAcE6xkkJ7XCbCvUFC4=
2,-72,x4K88UD/INuWSbUabc7/Yu97HKs=,7IsiOoYuCAcE6xkkJ7XCbCvUFC4=
1,-72,x4K88UD/INuWSbUabc7/Yu97HKs=,7IsiOoYuCAcE6xkkJ7XCbCvUFC4=
0,-72,x4K88UD/INuWSbUabc7/Yu97HKs=,7IsiOoYuCAcE6xkkJ7XCbCvUFC4=
0,-65,x4K88UD/INuWSbUabc7/Yu97HKs=,7IsiOoYuCAcE6xkkJ7XCbCvUFC4=
6,-66,x4K88UD/INuWSbUabc7/Yu97HKs=,7IsiOoYuCAcE6xkkJ7XCbCvUFC4=
5,-66,x4K88UD/INuWSbUabc7/Yu97HKs=,7IsiOoYuCAcE6xkkJ7XCbCvUFC4=
4,-66,x4K88UD/INuWSbUabc7/Yu97HKs=,7IsiOoYuCAcE6xkkJ7XCbCvUFC4=
3,-66,x4K88UD/INuWSbUabc7/Yu97HKs=,7IsiOoYuCAcE6xkkJ7XCbCvUFC4=
2,-66,x4K88UD/INuWSbUabc7/Yu97HKs=,7IsiOoYuCAcE6xkkJ7XCbCvUFC4=
0,-66,x4K88UD/INuWSbUabc7/Yu97HKs=,7IsiOoYuCAcE6xkkJ7XCbCvUFC4=
6,-67,x4K88UD/INuWSbUabc7/Yu97HKs=,7IsiOoYuCAcE6xkkJ7XCbCvUFC4=
5,-67,x4K88UD/INuWSbUabc7/Yu97HKs=,7IsiOoYuCAcE6xkkJ7XCbCvUFC4=
1,-66,x4K88UD/INuWSbUabc7/Yu97HKs=,7IsiOoYuCAcE6xkkJ7XCbCvUFC4=
6,-69,x4K88UD/INuWSbUabc7/Yu97HKs=,7IsiOoYuCAcE6xkkJ7XCbCvUFC4=
12,-65,x4K88UD/INuWSbUabc7/Yu97HKs=,9JY7CWlSW6bAzVxeKMYPsErgKJU=
13,-65,x4K88UD/INuWSbUabc7/Yu97HKs=,9JY7CWlSW6bAzVxeKMYPsErgKJU=
14,-65,x4K88UD/INuWSbUabc7/Yu97HKs=,9JY7CWlSW6bAzVxeKMYPsErgKJU=
11,-71,x4K88UD/INuWSbUabc7/Yu97HKs=,9JY7CWlSW6bAzVxeKMYPsErgKJU=
10,-71,x4K88UD/INuWSbUabc7/Yu97HKs=,9JY7CWlSW6bAzVxeKMYPsErgKJU=
12,-66,x4K88UD/INuWSbUabc7/Yu97HKs=,9JY7CWlSW6bAzVxeKMYPsErgKJU=
15,-68,x4K88UD/INuWSbUabc7/Yu97HKs=,9JY7CWlSW6bAzVxeKMYPsErgKJU=
7,-68,x4K88UD/INuWSbUabc7/Yu97HKs=,7IsiOoYuCAcE6xkkJ7XCbCvUFC4=
9,-71,x4K88UD/INuWSbUabc7/Yu97HKs=,9JY7CWlSW6bAzVxeKMYPsErgKJU=
13,-67,x4K88UD/INuWSbUabc7/Yu97HKs=,9JY7CWlSW6bAzVxeKMYPsErgKJU=
11,-69,x4K88UD/INuWSbUabc7/Yu97HKs=,9JY7CWlSW6bAzVxeKMYPsErgKJU=
8,-71,x4K88UD/INuWSbUabc7/Yu97HKs=,9JY7CWlSW6bAzVxeKMYPsErgKJU=
7,-69,x4K88UD/INuWSbUabc7/Yu97HKs=,7IsiOoYuCAcE6xkkJ7XCbCvUFC4=
13,-66,x4K88UD/INuWSbUabc7/Yu97HKs=,9JY7CWlSW6bAzVxeKMYPsErgKJU=
9,-65,x4K88UD/INuWSbUabc7/Yu97HKs=,9JY7CWlSW6bAzVxeKMYPsErgKJU=
14,-68,x4K88UD/INuWSbUabc7/Yu97HKs=,9JY7CWlSW6bAzVxeKMYPsErgKJU=
7,-70,x4K88UD/INuWSbUabc7/Yu97HKs=,7IsiOoYuCAcE6xkkJ7XCbCvUFC4=
10,-66,x4K88UD/INuWSbUabc7/Yu97HKs=,9JY7CWlSW6bAzVxeKMYPsErgKJU=
11,-67,x4K88UD/INuWSbUabc7/Yu97HKs=,9JY7CWlSW6bAzVxeKMYPsErgKJU=
10,-65,x4K88UD/INuWSbUabc7/Yu97HKs=,9JY7CWlSW6bAzVxeKMYPsErgKJU=
12,-67,x4K88UD/INuWSbUabc7/Yu97HKs=,9JY7CWlSW6bAzVxeKMYPsErgKJU=
7,-65,x4K88UD/INuWSbUabc7/Yu97HKs=,7IsiOoYuCAcE6xkkJ7XCbCvUFC4=
7,-71,x4K88UD/INuWSbUabc7/Yu97HKs=,7IsiOoYuCAcE6xkkJ7XCbCvUFC4=
10,-69,x4K88UD/INuWSbUabc7/Yu97HKs=,9JY7CWlSW6bAzVxeKMYPsErgKJU=
9,-66,x4K88UD/INuWSbUabc7/Yu97HKs=,9JY7CWlSW6bAzVxeKMYPsErgKJU=
8,-65,x4K88UD/INuWSbUabc7/Yu97HKs=,9JY7CWlSW6bAzVxeKMYPsErgKJU=
9,-69,x4K88UD/INuWSbUabc7/Yu97HKs=,9JY7CWlSW6bAzVxeKMYPsErgKJU=
11,-66,x4K88UD/INuWSbUabc7/Yu97HKs=,9JY7CWlSW6bAzVxeKMYPsErgKJU=
13,-68,x4K88UD/INuWSbUabc7/Yu97HKs=,9JY7CWlSW6bAzVxeKMYPsErgKJU=
12,-68,x4K88UD/INuWSbUabc7/Yu97HKs=,9JY7CWlSW6bAzVxeKMYPsErgKJU=
8,-66,x4K88UD/INuWSbUabc7/Yu97HKs=,9JY7CWlSW6bAzVxeKMYPsErgKJU=
10,-67,x4K88UD/INuWSbUabc7/Yu97HKs=,9JY7CWlSW6bAzVxeKMYPsErgKJU=
9,-68,x4K88UD/INuWSbUabc7/Yu97HKs=,9JY7CWlSW6bAzVxeKMYPsErgKJU=
11,-65,x4K88UD/INuWSbUabc7/Yu97HKs=,9JY7CWlSW6bAzVxeKMYPsErgKJU=
11,-70,x4K88UD/INuWSbUabc7/Yu97HKs=,9JY7CWlSW6bAzVxeKMYPsErgKJU=
8,-68,x4K88UD/INuWSbUabc7/Yu97HKs=,9JY7CWlSW6bAzVxeKMYPsErgKJU=
7,-66,x4K88UD/INuWSbUabc7/Yu97HKs=,7IsiOoYuCAcE6xkkJ7XCbCvUFC4=
15,-70,x4K88UD/INuWSbUabc7/Yu97HKs=,9JY7CWlSW6bAzVxeKMYPsErgKJU=
8,-70,x4K88UD/INuWSbUabc7/Yu97HKs=,9JY7CWlSW6bAzVxeKMYPsErgKJU=
9,-70,x4K88UD/INuWSbUabc7/Yu97HKs=,9JY7CWlSW6bAzVxeKMYPsErgKJU=
15,-71,x4K88UD/INuWSbUabc7/Yu97HKs=,9JY7CWlSW6bAzVxeKMYPsErgKJU=
13,-71,x4K88UD/INuWSbUabc7/Yu97HKs=,9JY7CWlSW6bAzVxeKMYPsErgKJU=
15,-69,x4K88UD/INuWSbUabc7/Yu97HKs=,9JY7CWlSW6bAzVxeKMYPsErgKJU=
13,-69,x4K88UD/INuWSbUabc7/Yu97HKs=,9JY7CWlSW6bAzVxeKMYPsErgKJU=
14,-71,x4K88UD/INuWSbUabc7/Yu97HKs=,9JY7CWlSW6bAzVxeKMYPsErgKJU=
12,-69,x4K88UD/INuWSbUabc7/Yu97HKs=,9JY7CWlSW6bAzVxeKMYPsErgKJU=
14,-69,x4K88UD/INuWSbUabc7/Yu97HKs=,9JY7CWlSW6bAzVxeKMYPsErgKJU=
11,-68,x4K88UD/INuWSbUabc7/Yu97HKs=,9JY7CWlSW6bAzVxeKMYPsErgKJU=
14,-70,x4K88UD/INuWSbUabc7/Yu97HKs=,9JY7CWlSW6bAzVxeKMYPsErgKJU=
10,-70,x4K88UD/INuWSbUabc7/Yu97HKs=,9JY7CWlSW6bAzVxeKMYPsErgKJU=
15,-66,x4K88UD/INuWSbUabc7/Yu97HKs=,9JY7CWlSW6bAzVxeKMYPsErgKJU=
7,-67,x4K88UD/INuWSbUabc7/Yu97HKs=,7IsiOoYuCAcE6xkkJ7XCbCvUFC4=
10,-68,x4K88UD/INuWSbUabc7/Yu97HKs=,9JY7CWlSW6bAzVxeKMYPsErgKJU=
12,-71,x4K88UD/INuWSbUabc7/Yu97HKs=,9JY7CWlSW6bAzVxeKMYPsErgKJU=
15,-67,x4K88UD/INuWSbUabc7/Yu97HKs=,9JY7CWlSW6bAzVxeKMYPsErgKJU=
13,-70,x4K88UD/INuWSbUabc7/Yu97HKs=,9JY7CWlSW6bAzVxeKMYPsErgKJU=
12,-70,x4K88UD/INuWSbUabc7/Yu97HKs=,9JY7CWlSW6bAzVxeKMYPsErgKJU=
14,-66,x4K88UD/INuWSbUabc7/Yu97HKs=,9JY7CWlSW6bAzVxeKMYPsErgKJU=
9,-67,x4K88UD/INuWSbUabc7/Yu97HKs=,9JY7CWlSW6bAzVxeKMYPsErgKJU=
14,-67,x4K88UD/INuWSbUabc7/Yu97HKs=,9JY7CWlSW6bAzVxeKMYPsErgKJU=
8,-67,x4K88UD/INuWSbUabc7/Yu97HKs=,9JY7CWlSW6bAzVxeKMYPsErgKJU=
15,-65,x4K88UD/INuWSbUabc7/Yu97HKs=,9JY7CWlSW6bAzVxeKMYPsErgKJU=
8,-69,x4K88UD/INuWSbUabc7/Yu97HKs=,9JY7CWlSW6bAzVxeKMYPsErgKJU=
11,-72,x4K88UD/INuWSbUabc7/Yu97HKs=,9JY7CWlSW6bAzVxeKMYPsErgKJU=
8,-73,x4K88UD/INuWSbUabc7/Yu97HKs=,GJokDptLD5lI6k54ihwNRt70+ZU=
15,-72,x4K88UD/INuWSbUabc7/Yu97HKs=,9JY7CWlSW6bAzVxeKMYPsErgKJU=
12,-73,x4K88UD/INuWSbUabc7/Yu97HKs=,GJokDptLD5lI6k54ihwNRt70+ZU=
9,-80,x4K88UD/INuWSbUabc7/Yu97HKs=,GJokDptLD5lI6k54ihwNRt70+ZU=
8,-80,x4K88UD/INuWSbUabc7/Yu97HKs=,GJokDptLD5lI6k54ihwNRt70+ZU=
10,-80,x4K88UD/INuWSbUabc7/Yu97HKs=,GJokDptLD5lI6k54ihwNRt70+ZU=
9,-72,x4K88UD/INuWSbUabc7/Yu97HKs=,9JY7CWlSW6bAzVxeKMYPsErgKJU=
11,-80,x4K88UD/INuWSbUabc7/Yu97HKs=,GJokDptLD5lI6k54ihwNRt70+ZU=
13,-74,x4K88UD/INuWSbUabc7/Yu97HKs=,GJokDptLD5lI6k54ihwNRt70+ZU=
13,-80,x4K88UD/INuWSbUabc7/Yu97HKs=,GJokDptLD5lI6k54ihwNRt70+ZU=
14,-80,x4K88UD/INuWSbUabc7/Yu97HKs=,GJokDptLD5lI6k54ihwNRt70+ZU=
12,-80,x4K88UD/INuWSbUabc7/Yu97HKs=,GJokDptLD5lI6k54ihwNRt70+ZU=
15,-80,x4K88UD/INuWSbUabc7/Yu97HKs=,GJokDptLD5lI6k54ihwNRt70+ZU=
8,-79,x4K88UD/INuWSbUabc7/Yu97HKs=,GJokDptLD5lI6k54ihwNRt70+ZU=
9,-79,x4K88UD/INuWSbUabc7/Yu97HKs=,GJokDptLD5lI6k54ihwNRt70+ZU=
11,-74,x4K88UD/INuWSbUabc7/Yu97HKs=,GJokDptLD5lI6k54ihwNRt70+ZU=
11,-79,x4K88UD/INuWSbUabc7/Yu97HKs=,GJokDptLD5lI6k54ihwNRt70+ZU=
10,-79,x4K88UD/INuWSbUabc7/Yu97HKs=,GJokDptLD5lI6k54ihwNRt70+ZU=
13,-79,x4K88UD/INuWSbUabc7/Yu97HKs=,GJokDptLD5lI6k54ihwNRt70+ZU=
14,-79,x4K88UD/INuWSbUabc7/Yu97HKs=,GJokDptLD5lI6k54ihwNRt70+ZU=
12,-79,x4K88UD/INuWSbUabc7/Yu97HKs=,GJokDptLD5lI6k54ihwNRt70+ZU=
9,-74,x4K88UD/INuWSbUabc7/Yu97HKs=,GJokDptLD5lI6k54ihwNRt70+ZU=
15,-79,x4K88UD/INuWSbUabc7/Yu97HKs=,GJokDptLD5lI6k54ihwNRt70+ZU=
15,-75,x4K88UD/INuWSbUabc7/Yu97HKs=,GJokDptLD5lI6k54ihwNRt70+ZU=
14,-75,x4K88UD/INuWSbUabc7/Yu97HKs=,GJokDptLD5lI6k54ihwNRt70+ZU=
8,-74,x4K88UD/INuWSbUabc7/Yu97HKs=,GJokDptLD5lI6k54ihwNRt70+ZU=
13,-75,x4K88UD/INuWSbUabc7/Yu97HKs=,GJokDptLD5lI6k54ihwNRt70+ZU=
12,-75,x4K88UD/INuWSbUabc7/Yu97HKs=,GJokDptLD5lI6k54ihwNRt70+ZU=
11,-75,x4K88UD/INuWSbUabc7/Yu97HKs=,GJokDptLD5lI6k54ihwNRt70+ZU=
10,-75,x4K88UD/INuWSbUabc7/Yu97HKs=,GJokDptLD5lI6k54ihwNRt70+ZU=
9,-75,x4K88UD/INuWSbUabc7/Yu97HKs=,GJokDptLD5lI6k54ihwNRt70+ZU=
15,-76,x4K88UD/INuWSbUabc7/Yu97HKs=,GJokDptLD5lI6k54ihwNRt70+ZU=
8,-75,x4K88UD/INuWSbUabc7/Yu97HKs=,GJokDptLD5lI6k54ihwNRt70+ZU=
7,-72,x4K88UD/INuWSbUabc7/Yu97HKs=,7IsiOoYuCAcE6xkkJ7XCbCvUFC4=
14,-76,x4K88UD/INuWSbUabc7/Yu97HKs=,GJokDptLD5lI6k54ihwNRt70+ZU=
12,-72,x4K88UD/INuWSbUabc7/Yu97HKs=,9JY7CWlSW6bAzVxeKMYPsErgKJU=
13,-76,x4K88UD/INuWSbUabc7/Yu97HKs=,GJokDptLD5lI6k54ihwNRt70+ZU=
11,-76,x4K88UD/INuWSbUabc7/Yu97HKs=,GJokDptLD5lI6k54ihwNRt70+ZU=
12,-76,x4K88UD/INuWSbUabc7/Yu97HKs=,GJokDptLD5lI6k54ihwNRt70+ZU=
10,-76,x4K88UD/INuWSbUabc7/Yu97HKs=,GJokDptLD5lI6k54ihwNRt70+ZU=
9,-76,x4K88UD/INuWSbUabc7/Yu97HKs=,GJokDptLD5lI6k54ihwNRt70+ZU=
15,-77,x4K88UD/INuWSbUabc7/Yu97HKs=,GJokDptLD5lI6k54ihwNRt70+ZU=
8,-76,x4K88UD/INuWSbUabc7/Yu97HKs=,GJokDptLD5lI6k54ihwNRt70+ZU=
13,-77,x4K88UD/INuWSbUabc7/Yu97HKs=,GJokDptLD5lI6k54ihwNRt70+ZU=
12,-77,x4K88UD/INuWSbUabc7/Yu97HKs=,GJokDptLD5lI6k54ihwNRt70+ZU=
14,-77,x4K88UD/INuWSbUabc7/Yu97HKs=,GJokDptLD5lI6k54ihwNRt70+ZU=
10,-77,x4K88UD/INuWSbUabc7/Yu97HKs=,GJokDptLD5lI6k54ihwNRt70+ZU=
8,-77,x4K88UD/INuWSbUabc7/Yu97HKs=,GJokDptLD5lI6k54ihwNRt70+ZU=
11,-77,x4K88UD/INuWSbUabc7/Yu97HKs=,GJokDptLD5lI6k54ihwNRt70+ZU=
9,-77,x4K88UD/INuWSbUabc7/Yu97HKs=,GJokDptLD5lI6k54ihwNRt70+ZU=
15,-78,x4K88UD/INuWSbUabc7/Yu97HKs=,GJokDptLD5lI6k54ihwNRt70+ZU=
14,-78,x4K88UD/INuWSbUabc7/Yu97HKs=,GJokDptLD5lI6k54ihwNRt70+ZU=
13,-78,x4K88UD/INuWSbUabc7/Yu97HKs=,GJokDptLD5lI6k54ihwNRt70+ZU=
11,-73,x4K88UD/INuWSbUabc7/Yu97HKs=,GJokDptLD5lI6k54ihwNRt70+ZU=
12,-78,x4K88UD/INuWSbUabc7/Yu97HKs=,GJokDptLD5lI6k54ihwNRt70+ZU=
11,-78,x4K88UD/INuWSbUabc7/Yu97HKs=,GJokDptLD5lI6k54ihwNRt70+ZU=
10,-74,x4K88UD/INuWSbUabc7/Yu97HKs=,GJokDptLD5lI6k54ihwNRt70+ZU=
10,-78,x4K88UD/INuWSbUabc7/Yu97HKs=,GJokDptLD5lI6k54ihwNRt70+ZU=
9,-78,x4K88UD/INuWSbUabc7/Yu97HKs=,GJokDptLD5lI6k54ihwNRt70+ZU=
8,-78,x4K88UD/INuWSbUabc7/Yu97HKs=,GJokDptLD5lI6k54ihwNRt70+ZU=
13,-72,x4K88UD/INuWSbUabc7/Yu97HKs=,9JY7CWlSW6bAzVxeKMYPsErgKJU=
8,-72,x4K88UD/INuWSbUabc7/Yu97HKs=,9JY7CWlSW6bAzVxeKMYPsErgKJU=
15,-74,x4K88UD/INuWSbUabc7/Yu97HKs=,GJokDptLD5lI6k54ihwNRt70+ZU=
9,-73,x4K88UD/INuWSbUabc7/Yu97HKs=,GJokDptLD5lI6k54ihwNRt70+ZU=
10,-72,x4K88UD/INuWSbUabc7/Yu97HKs=,9JY7CWlSW6bAzVxeKMYPsErgKJU=
10,-73,x4K88UD/INuWSbUabc7/Yu97HKs=,GJokDptLD5lI6k54ihwNRt70+ZU=
13,-73,x4K88UD/INuWSbUabc7/Yu97HKs=,GJokDptLD5lI6k54ihwNRt70+ZU=
12,-74,x4K88UD/INuWSbUabc7/Yu97HKs=,GJokDptLD5lI6k54ihwNRt70+ZU=
14,-72,x4K88UD/INuWSbUabc7/Yu97HKs=,9JY7CWlSW6bAzVxeKMYPsErgKJU=
15,-73,x4K88UD/INuWSbUabc7/Yu97HKs=,GJokDptLD5lI6k54ihwNRt70+ZU=
14,-74,x4K88UD/INuWSbUabc7/Yu97HKs=,GJokDptLD5lI6k54ihwNRt70+ZU=
14,-73,x4K88UD/INuWSbUabc7/Yu97HKs=,GJokDptLD5lI6k54ihwNRt70+ZU=
